Startup,Industry,Sub Vertical,City,Investors,Investment Type,Investment Amount($),Date
SkillSolutions,AgriTech,Marketplace,Noida,"Peak XV, Zodius Capital",Pre-Series A,168000.0,2025-06-30
QuantumSolutions,EdTech,UpSkilling,Pune,"Info Edge, Matrix Partners India, Tiger Global Management",Series B,45929000.0,2025-06-29
Paytm,HealthTech,Pharmacy,Mumbai,Mirae Asset,Seed,96000.0,2025-06-27
Housejoy,HealthTech,Health Analytics,Noida,Zodius Capital,Seed,141000.0,2025-06-27
Nykaa,Retail,Grocery,Delhi,IFC,Bridge,59000.0,2025-06-24
EduBox,SaaS,HRTech,Mumbai,Omidyar Network,Series B,11014000.0,2025-06-24
EduBox,Logistics,Fleet Management,Ahmedabad,Kalaari Capital,Seed,68000.0,2025-06-19
BigBasket,HealthTech,Pharmacy,Gurugram,Bessemer Venture Partners,Series A,2828000.0,2025-06-11
EduMart,AgriTech,Marketplace,Ahmedabad,"Info Edge, Mirae Asset, SoftBank Vision Fund",Seed,313000.0,2025-06-11
Housejoy,Mobility,Micro Mobility,Pune,Ribbit Capital,Series A,2970000.0,2025-06-09
FreshTech,HealthTech,Health Analytics,Ahmedabad,Blume Ventures,Series A,2933000.0,2025-06-09
HyperLabs,E-commerce,Marketplace,Gurugram,"IFC, Prosus Ventures, Ventures India",Series A,3403000.0,2025-06-08
ClearDekho,SaaS,HRTech,Kolkata,"Bessemer Venture Partners, Prosus Ventures",Angel,33000.0,2025-06-08
Zepto,Logistics,Last Mile,Mumbai,Y Combinator,Pre-Series A,268000.0,2025-06-07
LogiMart,Retail,Grocery,Delhi,"LCatterton, Lightspeed India",Series D,60502000.0,2025-06-06
Freshworks,Real Estate,PropTech,Bengaluru,"Matrix Partners India, Prosus Ventures",Seed,1654000.0,2025-05-27
Razorpay,Mobility,EV,Noida,Blume Ventures,Series C,151723000.0,2025-05-25
Udaan,FoodTech,Food Delivery,Hyderabad,"Blume Ventures, Elevation Capital",Series B,18027000.0,2025-05-22
SmartCare,HealthTech,Diagnostics,Noida,"Info Edge, Sequoia Capital India",Bridge,84000.0,2025-05-22
HyperLoop,FoodTech,Grocery,Delhi,Blume Ventures,Seed,226000.0,2025-05-22
Groww,Enterprise,Security,Mumbai,"Accel, Kedaara Capital",Bridge,307000.0,2025-05-21
Chargebee,E-commerce,Grocery,Ahmedabad,Omidyar Network,Seed,99000.0,2025-05-18
Licious,SaaS,HRTech,Chennai,"Accel, Falcon Edge, Peak XV",Seed,173000.0,2025-05-17
QuantumSolutions,E-commerce,Grocery,Kolkata,Tiger Global Management,Series B,45193000.0,2025-05-15
Groww,Retail,Fashion,Pune,Falcon Edge,Series A,2760000.0,2025-05-13
SkillRise,FinTech,InsurTech,Noida,Mirae Asset,Seed,1385000.0,2025-05-13
HyperLoop,Consumer Electronics,Smart Home,Kolkata,Omidyar Network,Series A,1199000.0,2025-05-10
FinSense,HealthTech,Pharmacy,Pune,"Matrix Partners India, Ventures India",Angel,32000.0,2025-05-10
MobiKwik,Mobility,Micro Mobility,Delhi,Sequoia Capital India,Series C,89743000.0,2025-05-08
Porter,AgriTech,Smart Farming,Delhi,"A91 Partners, Sequoia Capital India",Series D,384546000.0,2025-05-07
Udaan,HealthTech,Diagnostics,Noida,"Mirae Asset, Tiger Global",Debt,1904000.0,2025-05-07
AutoFlow,HealthTech,Pharmacy,Gurugram,"Bessemer Venture Partners, Sequoia Capital India, Zodius Capital",Series A,6610000.0,2025-05-03
GreenMart,Mobility,Micro Mobility,Ahmedabad,"Blume Ventures, Tiger Global Management",Seed,753000.0,2025-04-28
FreshSolutions,Retail,Fashion,Pune,"Nexus Venture Partners, Sequoia Capital India",Pre-Series A,864000.0,2025-04-28
BlueSpace,AgriTech,Supply Chain,Bengaluru,"Bessemer Venture Partners, Lightspeed India, Matrix Partners India",Seed,1369000.0,2025-04-26
AeroHub,Mobility,Micro Mobility,Gurugram,A91 Partners,Series A,2012000.0,2025-04-24
FarmFit,AgriTech,Supply Chain,Bengaluru,Ventures India,Seed,174000.0,2025-04-20
BlueRise,SaaS,DevTools,Chennai,"Lightspeed India, Peak XV",Growth,165015000.0,2025-04-18
AeroAnalytics,Enterprise,Analytics,Hyderabad,"Elevation Capital, Tiger Global Management",Angel,76000.0,2025-04-17
ClearDekho,SaaS,B2B SaaS,Bengaluru,Info Edge,Series C,122112000.0,2025-04-11
AeroAnalytics,Media,Content,Mumbai,Y Combinator,Series B,14870000.0,2025-04-10
HealthWorks,EdTech,Coding Bootcamp,Pune,"Omidyar Network, Tiger Global Management, Ventures India",Debt,5087000.0,2025-04-07
NextStack,FoodTech,Food Delivery,Mumbai,"Kedaara Capital, Sequoia Capital India, Y Combinator",Series A,5720000.0,2025-04-06
AgriSense,Mobility,Micro Mobility,Mumbai,Blume Ventures,Pre-Seed,146000.0,2025-04-04
Unacademy,E-commerce,Quick Commerce,Pune,Ventures India,Series B,28354000.0,2025-04-03
FinSpace,Logistics,Supply Chain,Chennai,Matrix Partners India,Series A,2185000.0,2025-03-30
AeroHub,FoodTech,Cloud Kitchen,Delhi,"Blume Ventures, Kedaara Capital",Series C,142830000.0,2025-03-27
FoodLoop,FoodTech,Food Delivery,Hyderabad,"Bessemer Venture Partners, Elevation Capital, Peak XV",Series A,5476000.0,2025-03-27
SmartMart,AgriTech,Smart Farming,Delhi,"Elevation Capital, Matrix Partners India",Pre-Seed,148000.0,2025-03-26
Bounce,FoodTech,Grocery,Pune,Mirae Asset,Seed,231000.0,2025-03-22
Unacademy,E-commerce,Fashion,Bengaluru,LCatterton,Seed,160000.0,2025-03-17
GrowthFlow,Real Estate,PropTech,Chennai,Zodius Capital,Pre-Series A,394000.0,2025-03-17
Flipkart,EdTech,K12,Gurugram,"IFC, Mirae Asset",Seed,63000.0,2025-03-13
FreshTech,Media,Social,Bengaluru,"Nexus Venture Partners, Omidyar Network",Seed,186000.0,2025-03-08
AgriHive,EdTech,Test Prep,Ahmedabad,Peak XV,Pre-Series A,170000.0,2025-03-05
DriveEdge,SaaS,MarTech,Delhi,"Blume Ventures, Info Edge, Ribbit Capital",Series A,1496000.0,2025-03-05
Delhivery,SaaS,B2B SaaS,Ahmedabad,Nexus Venture Partners,Series C,40689000.0,2025-03-03
Lenskart,Retail,Fashion,Kolkata,Accel,Series D,252342000.0,2025-02-26
AeroStack,FinTech,InsurTech,Gurugram,"Y Combinator, Zodius Capital",Seed,269000.0,2025-02-23
FarmBox,EdTech,UpSkilling,Delhi,A91 Partners,Series C,20855000.0,2025-02-16
QuantumDrive,Retail,Grocery,Noida,Accel,Series A,1290000.0,2025-02-15
Urban Company,Real Estate,PropTech,Hyderabad,"Peak XV, Ribbit Capital, Sequoia Capital India",Series B,21323000.0,2025-02-15
HyperSpace,FinTech,WealthTech,Pune,Tiger Global,Pre-Series A,753000.0,2025-02-10
SmartTech,Enterprise,Automation,Chennai,Accel,Series C,93643000.0,2025-02-06
NextSense,FinTech,InsurTech,Gurugram,IFC,Debt,39642000.0,2025-02-05
MediSpace,E-commerce,Quick Commerce,Kolkata,"Lightspeed India, Omidyar Network",Series B,56361000.0,2025-02-03
AgriHive,FoodTech,Food Delivery,Ahmedabad,"A91 Partners, Info Edge, Matrix Partners India",Series C,261867000.0,2025-02-02
CloudPay,E-commerce,D2C,Pune,"Bessemer Venture Partners, Kedaara Capital, Nexus Venture Partners",Series B,19160000.0,2025-01-31
DataHive,Consumer Electronics,Wearables,Gurugram,"Lightspeed India, Sequoia Capital India",Seed,927000.0,2025-01-31
Ola,AgriTech,Marketplace,Noida,"Blume Ventures, Info Edge",Pre-Series A,483000.0,2025-01-31
FreshTech,SaaS,B2B SaaS,Kolkata,"A91 Partners, SoftBank Vision Fund",Series A,13810000.0,2025-01-29
FarmTech,EdTech,UpSkilling,Noida,Accel,Series A,4142000.0,2025-01-28
Groww,Media,Streaming,Bengaluru,IFC,Seed,1668000.0,2025-01-28
CloudPay,Consumer Electronics,Smart Home,Bengaluru,"Blume Ventures, SoftBank Vision Fund",Series C,125810000.0,2025-01-27
HomeAnalytics,Consumer Electronics,Wearables,Bengaluru,"Kedaara Capital, Lightspeed India",Seed,129000.0,2025-01-26
FinSpace,Consumer Electronics,Wearables,Gurugram,Blume Ventures,Growth,491721000.0,2025-01-22
FreshSolutions,Media,Streaming,Delhi,Prosus Ventures,Bridge,70000.0,2025-01-16
NimbusWorks,Mobility,EV,Kolkata,"Falcon Edge, Lightspeed India, Peak XV",Pre-Seed,21000.0,2025-01-13
Byju's,EdTech,Coding Bootcamp,Mumbai,Elevation Capital,Seed,152000.0,2025-01-12
ClearTax,Mobility,EV,Gurugram,"Accel, Prosus Ventures",Seed,192000.0,2025-01-11
InMobi,Consumer Electronics,Audio,Gurugram,"Matrix Partners India, Y Combinator",Seed,191000.0,2025-01-08
FoodFit,Retail,Fashion,Bengaluru,Info Edge,Seed,210000.0,2025-01-06
SkillFlow,SaaS,DevTools,Gurugram,"Falcon Edge, Info Edge, Tiger Global",Series B,25685000.0,2025-01-02
WorkPay,EdTech,UpSkilling,Chennai,"IFC, Nexus Venture Partners",Debt,3529000.0,2025-01-02
FreshTech,Retail,Fashion,Delhi,"Matrix Partners India, Omidyar Network",Pre-Seed,135000.0,2024-12-28
CoreConnect,AgriTech,Marketplace,Chennai,Prosus Ventures,Pre-Seed,196000.0,2024-12-26
FreshBox,FinTech,InsurTech,Chennai,Sequoia Capital India,Series B,9461000.0,2024-12-23
WorkPay,FinTech,NeoBank,Hyderabad,"IFC, Kedaara Capital",Pre-Series A,126000.0,2024-12-19
Bounce,Real Estate,Rental Tech,Chennai,"Info Edge, Y Combinator",Seed,77000.0,2024-12-18
UrbanDrive,Real Estate,Rental Tech,Pune,"Blume Ventures, Info Edge, Sequoia Capital India",Series A,1187000.0,2024-12-17
Razorpay,AgriTech,Smart Farming,Delhi,"Blume Ventures, LCatterton",Series B,27390000.0,2024-12-11
UrbanDrive,Retail,Fashion,Noida,"Mirae Asset, Nexus Venture Partners",Series A,1806000.0,2024-12-11
Ola,Media,Content,Chennai,Accel,Series C,141411000.0,2024-12-09
NeoLabs,AgriTech,Supply Chain,Mumbai,"Y Combinator, Zodius Capital",Seed,734000.0,2024-12-09
HomeFoods,Media,Social,Mumbai,Nexus Venture Partners,Seed,89000.0,2024-12-09
HomeAnalytics,Logistics,Last Mile,Noida,"Info Edge, LCatterton, Ribbit Capital",Bridge,1461000.0,2024-12-06
ClearDekho,Logistics,Last Mile,Pune,Y Combinator,Private Equity,151993000.0,2024-12-05
Bounce,FoodTech,Grocery,Hyderabad,Info Edge,Series B,10595000.0,2024-12-01
Delhivery,FoodTech,Food Delivery,Delhi,Mirae Asset,Seed,458000.0,2024-11-29
AeroHub,AgriTech,Supply Chain,Noida,"Blume Ventures, Info Edge",Angel,12000.0,2024-11-29
Zomato,Retail,E-Retail,Delhi,Omidyar Network,Series A,2831000.0,2024-11-28
FinFoods,FoodTech,Grocery,Ahmedabad,Blume Ventures,Series A,3188000.0,2024-11-24
FinFoods,Real Estate,Home Services,Bengaluru,Tiger Global Management,Series B,6189000.0,2024-11-23
AgriHive,Mobility,EV,Pune,Zodius Capital,Seed,919000.0,2024-11-20
Cars24,Media,Content,Noida,Blume Ventures,Series A,1055000.0,2024-11-17
AeroStack,AgriTech,Smart Farming,Noida,Ventures India,Seed,191000.0,2024-11-17
BlueTech,E-commerce,Fashion,Bengaluru,Elevation Capital,Seed,634000.0,2024-11-17
Meesho,Enterprise,Security,Kolkata,Zodius Capital,Series C,50332000.0,2024-11-11
Unacademy,HealthTech,Diagnostics,Hyderabad,"Tiger Global, Tiger Global Management",Series A,8462000.0,2024-11-11
Wakefit,HealthTech,Health Analytics,Bengaluru,"IFC, Matrix Partners India, Nexus Venture Partners",Debt,744000.0,2024-11-10
AutoMart,FinTech,InsurTech,Hyderabad,Kedaara Capital,Series B,12899000.0,2024-11-08
UrbanSolutions,Retail,Fashion,Mumbai,"Info Edge, Ribbit Capital, Y Combinator",Series C,109404000.0,2024-11-06
HomeFoods,Real Estate,PropTech,Chennai,Tiger Global Management,Seed,905000.0,2024-11-05
HomeFoods,Enterprise,Automation,Pune,"LCatterton, Sequoia Capital India, Tiger Global",Seed,165000.0,2024-10-30
Ola,FinTech,Payments,Pune,"Kedaara Capital, Mirae Asset",Series C,31977000.0,2024-10-27
Licious,Logistics,Supply Chain,Delhi,"Sequoia Capital India, Tiger Global",Seed,568000.0,2024-10-26
PharmEasy,SaaS,DevTools,Ahmedabad,Tiger Global Management,Pre-Seed,149000.0,2024-10-24
WorkFit,FoodTech,Grocery,Pune,LCatterton,Series A,1461000.0,2024-10-23
FreshToHome,SaaS,DevTools,Noida,Elevation Capital,Series D,489935000.0,2024-10-22
DriveLoop,EdTech,Test Prep,Ahmedabad,"Elevation Capital, Nexus Venture Partners",Series A,7379000.0,2024-10-15
Bounce,Logistics,Last Mile,Chennai,"Bessemer Venture Partners, Lightspeed India",Pre-Seed,114000.0,2024-10-14
SkillFlow,Media,Streaming,Hyderabad,Blume Ventures,Pre-Series A,253000.0,2024-10-13
AgriFit,Retail,Fashion,Hyderabad,"Accel, IFC, Omidyar Network",Angel,10000.0,2024-10-13
FreshSolutions,Real Estate,PropTech,Mumbai,Accel,Series A,7370000.0,2024-10-09
NextSense,Media,Streaming,Chennai,"IFC, Sequoia Capital India",Seed,1549000.0,2024-10-09
QuantumSolutions,AgriTech,Marketplace,Bengaluru,Sequoia Capital India,Seed,1272000.0,2024-10-07
Byju's,Retail,Fashion,Ahmedabad,Y Combinator,Pre-Seed,24000.0,2024-10-03
NimbusLabs,SaaS,MarTech,Kolkata,"Accel, IFC, Nexus Venture Partners",Series A,1260000.0,2024-09-28
NimbusMart,EdTech,Coding Bootcamp,Pune,Blume Ventures,Angel,16000.0,2024-09-27
Chargebee,SaaS,MarTech,Bengaluru,Tiger Global,Seed,493000.0,2024-09-23
NoBroker,Consumer Electronics,Audio,Gurugram,Zodius Capital,Series A,1599000.0,2024-09-23
WorkPay,FinTech,WealthTech,Chennai,A91 Partners,Series A,1383000.0,2024-09-21
FreshTech,Mobility,EV,Mumbai,Info Edge,Seed,169000.0,2024-09-19
HomeMart,Consumer Electronics,Audio,Kolkata,Blume Ventures,Series C,131237000.0,2024-09-19
HealthAnalytics,E-commerce,Quick Commerce,Chennai,"Nexus Venture Partners, Y Combinator",Series A,1065000.0,2024-09-16
NextSense,Mobility,Micro Mobility,Mumbai,Kedaara Capital,Seed,954000.0,2024-09-15
NeoLabs,Mobility,Micro Mobility,Bengaluru,Peak XV,Series A,1582000.0,2024-09-14
FinFoods,E-commerce,Fashion,Bengaluru,"Bessemer Venture Partners, Info Edge, Omidyar Network",Angel,15000.0,2024-09-11
FoodFit,Real Estate,Rental Tech,Noida,Ventures India,Seed,450000.0,2024-09-09
Bounce,HealthTech,Pharmacy,Ahmedabad,Nexus Venture Partners,Pre-Seed,47000.0,2024-09-07
BigBasket,Enterprise,Analytics,Kolkata,"Tiger Global, Zodius Capital",Series A,6332000.0,2024-09-06
AgriHive,FinTech,Payments,Mumbai,"Nexus Venture Partners, Prosus Ventures",Angel,14000.0,2024-09-06
CloudPay,EdTech,UpSkilling,Gurugram,Zodius Capital,Seed,62000.0,2024-09-05
SkillRise,EdTech,UpSkilling,Gurugram,Mirae Asset,Pre-Series A,710000.0,2024-09-02
InMobi,HealthTech,Pharmacy,Chennai,"Mirae Asset, Ribbit Capital, Y Combinator",Bridge,55000.0,2024-09-02
HyperLabs,SaaS,DevTools,Kolkata,Accel,Seed,75000.0,2024-08-30
BharatPe,E-commerce,Marketplace,Delhi,Bessemer Venture Partners,Series A,9897000.0,2024-08-30
UrbanSolutions,Media,Social,Mumbai,"Elevation Capital, Kedaara Capital, Matrix Partners India",Series A,8159000.0,2024-08-28
Delhivery,Enterprise,Security,Chennai,Ribbit Capital,Seed,1104000.0,2024-08-27
CloudLabs,E-commerce,Marketplace,Mumbai,"Blume Ventures, Kalaari Capital",Series C,239814000.0,2024-08-27
Cred,Logistics,Last Mile,Chennai,Kedaara Capital,Series B,59720000.0,2024-08-27
FoodSolutions,Retail,Fashion,Gurugram,Info Edge,Seed,887000.0,2024-08-26
QuantumDrive,E-commerce,Fashion,Pune,"Info Edge, Kedaara Capital",Series B,59765000.0,2024-08-24
FreshTech,Real Estate,Home Services,Delhi,"Accel, LCatterton, Tiger Global Management",Series B,9715000.0,2024-08-24
EduMart,SaaS,B2B SaaS,Ahmedabad,"LCatterton, Lightspeed India",Seed,938000.0,2024-08-24
AutoMart,FoodTech,Cloud Kitchen,Kolkata,SoftBank Vision Fund,Seed,67000.0,2024-08-23
Porter,HealthTech,Diagnostics,Bengaluru,Mirae Asset,Seed,1494000.0,2024-08-21
Porter,Mobility,Ride Sharing,Delhi,Tiger Global,Angel,9000.0,2024-08-19
LogiMart,Real Estate,Rental Tech,Chennai,"LCatterton, Omidyar Network",Seed,67000.0,2024-08-19
Udaan,HealthTech,Health Analytics,Bengaluru,Mirae Asset,Series C,21480000.0,2024-08-13
NextStack,Media,Content,Mumbai,A91 Partners,Series A,5738000.0,2024-08-11
BharatPe,Consumer Electronics,Wearables,Noida,"Matrix Partners India, Ventures India, Y Combinator",Series A,1040000.0,2024-08-11
Udaan,HealthTech,Pharmacy,Noida,LCatterton,Seed,350000.0,2024-08-09
HealthWorks,Mobility,Ride Sharing,Bengaluru,Accel,Series B,8387000.0,2024-08-07
NeoLabs,FoodTech,Food Delivery,Chennai,Zodius Capital,Growth,124717000.0,2024-08-06
MediHive,Mobility,EV,Ahmedabad,Tiger Global,Series A,1981000.0,2024-08-06
QuantumAnalytics,Real Estate,Rental Tech,Bengaluru,LCatterton,Seed,73000.0,2024-07-31
LogiMart,FinTech,InsurTech,Hyderabad,Info Edge,Seed,525000.0,2024-07-30
CoreFlow,Consumer Electronics,Wearables,Pune,Zodius Capital,Series C,180699000.0,2024-07-30
HomeAnalytics,FinTech,NeoBank,Kolkata,Zodius Capital,Seed,118000.0,2024-07-29
HomeAnalytics,Retail,Grocery,Pune,"Ribbit Capital, Zodius Capital",Seed,517000.0,2024-07-29
Swiggy,HealthTech,Pharmacy,Bengaluru,SoftBank Vision Fund,Pre-Seed,142000.0,2024-07-27
AgriHive,Retail,E-Retail,Ahmedabad,Accel,Seed,879000.0,2024-07-27
FarmFit,FinTech,WealthTech,Hyderabad,"Mirae Asset, Sequoia Capital India",Series A,1046000.0,2024-07-27
Ola,Logistics,Last Mile,Ahmedabad,"Mirae Asset, Tiger Global Management",Series A,8074000.0,2024-07-25
Porter,SaaS,HRTech,Kolkata,"Elevation Capital, Kedaara Capital, Omidyar Network",Series A,1411000.0,2024-07-24
AutoFlow,Logistics,Supply Chain,Kolkata,IFC,Seed,85000.0,2024-07-23
HealthRise,Retail,Grocery,Ahmedabad,"Info Edge, Mirae Asset, Prosus Ventures",Seed,142000.0,2024-07-22
NeoLabs,Real Estate,Rental Tech,Bengaluru,"Accel, Peak XV",Seed,370000.0,2024-07-19
NextFlow,SaaS,B2B SaaS,Hyderabad,"Tiger Global Management, Zodius Capital",Series A,10287000.0,2024-07-11
AutoStack,E-commerce,Marketplace,Ahmedabad,SoftBank Vision Fund,Seed,61000.0,2024-07-10
NextSense,Mobility,Micro Mobility,Hyderabad,"A91 Partners, Falcon Edge, Prosus Ventures",Series A,1643000.0,2024-07-10
Dream11,AgriTech,Supply Chain,Gurugram,A91 Partners,Series C,281010000.0,2024-07-07
Porter,Consumer Electronics,Smart Home,Ahmedabad,Info Edge,Seed,826000.0,2024-07-05
AeroStack,Mobility,EV,Pune,"IFC, Peak XV",Bridge,1790000.0,2024-07-02
QuantumDrive,Retail,Fashion,Gurugram,"Bessemer Venture Partners, Tiger Global Management",Series B,5381000.0,2024-06-30
Housejoy,HealthTech,Diagnostics,Bengaluru,Nexus Venture Partners,Series A,3130000.0,2024-06-27
SkillFlow,Mobility,EV,Chennai,"Bessemer Venture Partners, Blume Ventures, Nexus Venture Partners",Seed,1149000.0,2024-06-26
HyperLabs,FinTech,Lending,Ahmedabad,Tiger Global,Series B,12397000.0,2024-06-25
FinFoods,Enterprise,Analytics,Pune,Info Edge,Seed,331000.0,2024-06-25
QuantumSolutions,Retail,Fashion,Delhi,"A91 Partners, Mirae Asset",Seed,1998000.0,2024-06-24
SkillFlow,FinTech,InsurTech,Pune,"Kedaara Capital, Zodius Capital",Series B,10246000.0,2024-06-22
Flipkart,EdTech,Test Prep,Kolkata,"IFC, Ribbit Capital",Pre-Series A,448000.0,2024-06-16
CoreSpace,HealthTech,Diagnostics,Chennai,"Blume Ventures, Zodius Capital",Series A,9059000.0,2024-06-15
GreenMart,Retail,Grocery,Ahmedabad,Bessemer Venture Partners,Series A,2643000.0,2024-06-15
NeoSense,EdTech,Coding Bootcamp,Chennai,Y Combinator,Series B,34466000.0,2024-06-14
SmartTech,E-commerce,Quick Commerce,Gurugram,"Accel, Info Edge",Pre-Series A,123000.0,2024-06-13
GrowthFlow,AgriTech,Supply Chain,Kolkata,"Mirae Asset, Ribbit Capital",Pre-Series A,977000.0,2024-06-11
ClearDekho,FoodTech,Food Delivery,Ahmedabad,"Info Edge, LCatterton, Zodius Capital",Series A,1105000.0,2024-06-09
ClearTax,Retail,E-Retail,Delhi,"Kalaari Capital, Nexus Venture Partners, Ribbit Capital",Series B,38638000.0,2024-06-08
OYO Rooms,Consumer Electronics,Smart Home,Kolkata,Blume Ventures,Seed,125000.0,2024-06-08
Nykaa,EdTech,Test Prep,Gurugram,Kalaari Capital,Series A,3510000.0,2024-06-08
LogiRise,Media,Social,Bengaluru,A91 Partners,Series B,6483000.0,2024-06-07
NeoLabs,Enterprise,Automation,Noida,"Nexus Venture Partners, Tiger Global Management, Ventures India",Series B,15923000.0,2024-06-06
AutoStack,E-commerce,Quick Commerce,Delhi,Omidyar Network,Pre-Seed,127000.0,2024-06-05
NeoSense,Retail,Grocery,Ahmedabad,Sequoia Capital India,Seed,182000.0,2024-06-04
NimbusLabs,SaaS,MarTech,Mumbai,"Prosus Ventures, Ribbit Capital",Series C,25829000.0,2024-06-03
SmartTech,FinTech,InsurTech,Chennai,"A91 Partners, Sequoia Capital India, SoftBank Vision Fund",Pre-Series A,131000.0,2024-06-02
HealthAnalytics,Consumer Electronics,Audio,Gurugram,"Bessemer Venture Partners, Lightspeed India, Omidyar Network",Angel,51000.0,2024-06-01
EduBox,FinTech,Payments,Pune,"Bessemer Venture Partners, Nexus Venture Partners, Tiger Global",Seed,164000.0,2024-06-01
EduMart,HealthTech,Telemedicine,Gurugram,Bessemer Venture Partners,Series A,1130000.0,2024-05-28
GrowthFlow,FinTech,Payments,Gurugram,Tiger Global Management,Seed,52000.0,2024-05-27
BlueRise,FinTech,WealthTech,Ahmedabad,Y Combinator,Seed,182000.0,2024-05-27
Groww,E-commerce,D2C,Delhi,"Blume Ventures, Kalaari Capital, Y Combinator",Pre-Series A,645000.0,2024-05-24
Swiggy,FinTech,WealthTech,Hyderabad,"Peak XV, Zodius Capital",Series C,120661000.0,2024-05-22
AutoStack,Logistics,Fleet Management,Bengaluru,LCatterton,Series C,141405000.0,2024-05-21
Postman,Consumer Electronics,Wearables,Mumbai,"IFC, Omidyar Network",Bridge,117000.0,2024-05-19
SkillSolutions,Media,Streaming,Pune,Elevation Capital,Seed,476000.0,2024-05-17
BlueRise,Real Estate,Rental Tech,Noida,Y Combinator,Seed,1688000.0,2024-05-17
FarmTech,HealthTech,Diagnostics,Kolkata,Nexus Venture Partners,Series C,67366000.0,2024-05-15
Zepto,Media,Streaming,Bengaluru,IFC,Angel,69000.0,2024-05-08
MediHive,Enterprise,Security,Bengaluru,"Elevation Capital, Kalaari Capital",Seed,1628000.0,2024-05-03
Innovaccer,Enterprise,Security,Bengaluru,Ribbit Capital,Pre-Seed,54000.0,2024-04-28
Rapido,Media,Streaming,Chennai,"Omidyar Network, Sequoia Capital India",Series D,78480000.0,2024-04-27
DriveEdge,Enterprise,Automation,Gurugram,"Kalaari Capital, Nexus Venture Partners",Seed,98000.0,2024-04-25
ClearDekho,Real Estate,PropTech,Ahmedabad,"Lightspeed India, Sequoia Capital India",Series A,11144000.0,2024-04-24
BharatPe,Consumer Electronics,Smart Home,Pune,"IFC, Kalaari Capital, Sequoia Capital India",Growth,566555000.0,2024-04-19
NeoLabs,Media,Content,Gurugram,"SoftBank Vision Fund, Tiger Global",Angel,53000.0,2024-04-18
DriveFit,AgriTech,Smart Farming,Ahmedabad,SoftBank Vision Fund,Series B,23958000.0,2024-04-18
Cars24,Mobility,Micro Mobility,Mumbai,"Accel, Blume Ventures, Ventures India",Series A,2525000.0,2024-04-18
CoreSpace,Media,Content,Kolkata,"Bessemer Venture Partners, Omidyar Network",Seed,383000.0,2024-04-17
QuantumDrive,Retail,Fashion,Bengaluru,"Sequoia Capital India, Y Combinator",Series D,54120000.0,2024-04-16
HomeMart,Retail,Fashion,Gurugram,Lightspeed India,Seed,517000.0,2024-04-16
GrowthConnect,E-commerce,Fashion,Ahmedabad,"Bessemer Venture Partners, Peak XV",Seed,406000.0,2024-04-11
AgriSense,FoodTech,Food Delivery,Ahmedabad,Elevation Capital,Angel,27000.0,2024-04-10
QuantumSolutions,FoodTech,Food Delivery,Hyderabad,Falcon Edge,Series A,13499000.0,2024-04-08
GrowthCare,Retail,Fashion,Gurugram,SoftBank Vision Fund,Series C,65689000.0,2024-04-07
EduTech,Media,Streaming,Pune,A91 Partners,Series B,6806000.0,2024-04-07
SmartTech,Media,Social,Chennai,"Accel, Blume Ventures, Kedaara Capital",Bridge,396000.0,2024-04-06
LogiMart,E-commerce,Grocery,Pune,"Blume Ventures, Tiger Global, Y Combinator",Angel,16000.0,2024-04-04
HyperLabs,Retail,E-Retail,Chennai,Prosus Ventures,Seed,120000.0,2024-04-03
AutoStack,FoodTech,Grocery,Kolkata,Peak XV,Series C,195631000.0,2024-03-31
NoBroker,SaaS,B2B SaaS,Mumbai,"Blume Ventures, Y Combinator",Seed,285000.0,2024-03-31
DriveFit,Logistics,Supply Chain,Mumbai,Elevation Capital,Angel,25000.0,2024-03-29
AeroStack,EdTech,UpSkilling,Noida,Bessemer Venture Partners,Series C,65394000.0,2024-03-29
Wakefit,E-commerce,D2C,Noida,"Lightspeed India, Tiger Global",Pre-Series A,426000.0,2024-03-29
DataAnalytics,Real Estate,Home Services,Ahmedabad,Mirae Asset,Pre-Seed,107000.0,2024-03-28
Dream11,FinTech,InsurTech,Hyderabad,Info Edge,Series B,34436000.0,2024-03-26
UrbanStack,Media,Social,Hyderabad,"Kedaara Capital, Sequoia Capital India",Seed,647000.0,2024-03-24
Udaan,Mobility,EV,Delhi,"Accel, Sequoia Capital India",Series B,13444000.0,2024-03-21
AgriHive,E-commerce,Marketplace,Noida,Mirae Asset,Debt,201000.0,2024-03-17
CoreConnect,EdTech,Test Prep,Chennai,Matrix Partners India,Series B,18272000.0,2024-03-15
ClearTax,Consumer Electronics,Audio,Noida,"Bessemer Venture Partners, IFC",Seed,1786000.0,2024-03-09
Housejoy,Media,Social,Kolkata,Peak XV,Series A,1756000.0,2024-03-08
Nykaa,Consumer Electronics,Smart Home,Noida,"Kedaara Capital, SoftBank Vision Fund",Seed,166000.0,2024-03-07
SmartMart,Real Estate,Rental Tech,Kolkata,"IFC, Kalaari Capital",Pre-Series A,659000.0,2024-03-07
AutoMart,AgriTech,Marketplace,Bengaluru,"LCatterton, Zodius Capital",Angel,5000.0,2024-03-06
Razorpay,EdTech,UpSkilling,Pune,Sequoia Capital India,Series A,3483000.0,2024-03-04
SkillFlow,EdTech,Test Prep,Gurugram,"Peak XV, Prosus Ventures",Seed,210000.0,2024-03-01
Zomato,HealthTech,Pharmacy,Mumbai,"Blume Ventures, Elevation Capital",Private Equity,201485000.0,2024-02-29
Zomato,AgriTech,Marketplace,Noida,"A91 Partners, Bessemer Venture Partners, Matrix Partners India",Growth,58010000.0,2024-02-29
Nykaa,Real Estate,Rental Tech,Noida,"Accel, Blume Ventures, Kalaari Capital",Pre-Series A,195000.0,2024-02-29
WorkStack,AgriTech,Smart Farming,Chennai,Falcon Edge,Series A,10633000.0,2024-02-28
HealthRise,AgriTech,Supply Chain,Gurugram,"Accel, Peak XV, Ribbit Capital",Series A,2937000.0,2024-02-27
WorkFit,FoodTech,Food Delivery,Ahmedabad,Tiger Global,Bridge,219000.0,2024-02-27
CoreFlow,FoodTech,Cloud Kitchen,Ahmedabad,Sequoia Capital India,Growth,138147000.0,2024-02-27
BlueTech,AgriTech,Marketplace,Chennai,"Accel, Falcon Edge, Tiger Global Management",Seed,329000.0,2024-02-26
SkillFlow,Media,Content,Delhi,"Matrix Partners India, Tiger Global",Seed,120000.0,2024-02-26
CloudSolutions,E-commerce,Grocery,Delhi,Prosus Ventures,Angel,8000.0,2024-02-22
Flipkart,Mobility,Micro Mobility,Kolkata,"Lightspeed India, Nexus Venture Partners, Tiger Global",Growth,76432000.0,2024-02-15
LogiSense,Logistics,Supply Chain,Chennai,SoftBank Vision Fund,Series B,27576000.0,2024-02-15
LogiMart,Consumer Electronics,Audio,Bengaluru,Falcon Edge,Seed,110000.0,2024-02-14
OYO Rooms,Mobility,Micro Mobility,Chennai,"Peak XV, Ventures India",Series A,12223000.0,2024-02-12
AeroHub,Consumer Electronics,Smart Home,Delhi,Tiger Global,Seed,390000.0,2024-02-12
HealthRise,Enterprise,Analytics,Noida,"Sequoia Capital India, Tiger Global",Seed,1666000.0,2024-02-11
BlueSpace,Enterprise,Security,Kolkata,Blume Ventures,Series A,2359000.0,2024-02-09
NextFlow,E-commerce,Quick Commerce,Bengaluru,"IFC, Tiger Global Management",Pre-Series A,104000.0,2024-02-09
MediHive,FinTech,NeoBank,Kolkata,"Bessemer Venture Partners, LCatterton, Nexus Venture Partners",Seed,795000.0,2024-02-07
SkillFlow,Mobility,EV,Kolkata,"IFC, Matrix Partners India",Series A,5049000.0,2024-02-06
Innovaccer,AgriTech,Supply Chain,Ahmedabad,Kedaara Capital,Series A,3039000.0,2024-02-05
AgriHive,FoodTech,Cloud Kitchen,Mumbai,Y Combinator,Series D,174427000.0,2024-02-04
CoreSpace,EdTech,Test Prep,Bengaluru,"Kalaari Capital, Y Combinator",Growth,574676000.0,2024-02-04
Meesho,EdTech,UpSkilling,Noida,Kedaara Capital,Series A,1580000.0,2024-02-03
Swiggy,Mobility,Ride Sharing,Pune,"Info Edge, Ventures India",Pre-Series A,222000.0,2024-02-02
Udaan,Real Estate,Rental Tech,Mumbai,Bessemer Venture Partners,Seed,89000.0,2024-01-31
FarmTech,Real Estate,Home Services,Pune,Ventures India,Seed,83000.0,2024-01-31
HealthAnalytics,Logistics,Supply Chain,Noida,"Kalaari Capital, Ventures India",Seed,358000.0,2024-01-30
CoreConnect,AgriTech,Marketplace,Bengaluru,"Lightspeed India, Peak XV, Zodius Capital",Growth,113169000.0,2024-01-30
PhonePe,Logistics,Last Mile,Delhi,"Accel, Falcon Edge",Series A,4267000.0,2024-01-29
GrowthCare,Real Estate,PropTech,Mumbai,Tiger Global Management,Seed,68000.0,2024-01-27
AgriSense,Retail,E-Retail,Chennai,Sequoia Capital India,Seed,1746000.0,2024-01-22
WorkStack,E-commerce,Grocery,Chennai,"Nexus Venture Partners, Omidyar Network, Tiger Global Management",Seed,140000.0,2024-01-22
UrbanStack,Mobility,Ride Sharing,Chennai,"Lightspeed India, Matrix Partners India, Omidyar Network",Seed,1584000.0,2024-01-21
HealthWorks,E-commerce,Grocery,Gurugram,LCatterton,Series A,5808000.0,2024-01-20
ShareChat,Mobility,EV,Kolkata,"SoftBank Vision Fund, Ventures India",Seed,148000.0,2024-01-19
GrowthFlow,Logistics,Fleet Management,Ahmedabad,Omidyar Network,Series A,1316000.0,2024-01-17
Myntra,Mobility,Ride Sharing,Mumbai,"Omidyar Network, SoftBank Vision Fund",Angel,9000.0,2024-01-17
FreshBox,FoodTech,Food Delivery,Chennai,Tiger Global Management,Growth,154344000.0,2024-01-16
PhonePe,AgriTech,Smart Farming,Ahmedabad,Prosus Ventures,Seed,216000.0,2024-01-16
LogiMart,E-commerce,Marketplace,Noida,"Elevation Capital, Peak XV",Series A,5977000.0,2024-01-16
Housejoy,Real Estate,PropTech,Chennai,Mirae Asset,Series C,289004000.0,2024-01-15
ShareChat,FinTech,InsurTech,Delhi,"Accel, Peak XV",Series C,117144000.0,2024-01-09
AgriSense,SaaS,HRTech,Hyderabad,"Blume Ventures, Info Edge",Series A,1604000.0,2024-01-09
LogiSense,E-commerce,Quick Commerce,Hyderabad,"Kalaari Capital, Mirae Asset",Pre-Series A,457000.0,2024-01-08
NimbusLabs,FoodTech,Cloud Kitchen,Pune,IFC,Seed,54000.0,2024-01-07
DriveFit,SaaS,B2B SaaS,Pune,Y Combinator,Pre-Series A,417000.0,2024-01-06
FarmBox,Mobility,Ride Sharing,Mumbai,"Prosus Ventures, Y Combinator",Seed,956000.0,2024-01-04
NextStack,Consumer Electronics,Smart Home,Kolkata,SoftBank Vision Fund,Series C,36336000.0,2024-01-02
DriveEdge,Consumer Electronics,Smart Home,Kolkata,Blume Ventures,Seed,314000.0,2024-01-01
Lenskart,FinTech,WealthTech,Gurugram,"Elevation Capital, Ribbit Capital, Y Combinator",Series C,22619000.0,2023-12-29
DataHive,EdTech,K12,Mumbai,"Accel, Zodius Capital",Series B,26816000.0,2023-12-28
LogiSense,Enterprise,Security,Bengaluru,Tiger Global,Seed,430000.0,2023-12-24
FinSense,FoodTech,Cloud Kitchen,Pune,Accel,Private Equity,170086000.0,2023-12-23
DataHive,E-commerce,Grocery,Delhi,"Falcon Edge, Tiger Global Management",Pre-Seed,64000.0,2023-12-20
NextStack,SaaS,MarTech,Ahmedabad,"Kalaari Capital, Mirae Asset",Pre-Seed,68000.0,2023-12-20
NimbusMart,Media,Streaming,Delhi,Kedaara Capital,Seed,819000.0,2023-12-20
Dailyhunt,Logistics,Supply Chain,Delhi,Prosus Ventures,Seed,500000.0,2023-12-19
Porter,Media,Content,Pune,"Kedaara Capital, Tiger Global Management",Seed,489000.0,2023-12-19
Unacademy,Consumer Electronics,Smart Home,Ahmedabad,Info Edge,Angel,19000.0,2023-12-18
FoodLoop,Media,Social,Hyderabad,"Mirae Asset, Zodius Capital",Debt,22303000.0,2023-12-17
NeoTech,Mobility,Ride Sharing,Kolkata,A91 Partners,Series C,51004000.0,2023-12-14
AutoStack,Enterprise,Security,Gurugram,"A91 Partners, Ribbit Capital, Ventures India",Angel,7000.0,2023-12-14
Housejoy,Media,Content,Gurugram,Kalaari Capital,Series B,72324000.0,2023-12-12
SmartCare,FinTech,InsurTech,Ahmedabad,"Blume Ventures, Nexus Venture Partners, Tiger Global",Pre-Seed,36000.0,2023-12-07
NeoSense,Enterprise,Automation,Delhi,Kalaari Capital,Pre-Series A,587000.0,2023-12-06
HomeFoods,FoodTech,Food Delivery,Noida,Matrix Partners India,Series A,3558000.0,2023-12-06
Zepto,Real Estate,Home Services,Noida,"Accel, Prosus Ventures",Series A,6770000.0,2023-12-05
Cars24,E-commerce,Fashion,Ahmedabad,"Mirae Asset, SoftBank Vision Fund",Series A,1438000.0,2023-12-05
FoodLoop,Media,Content,Ahmedabad,Peak XV,Pre-Seed,88000.0,2023-12-05
DataHive,Consumer Electronics,Audio,Delhi,"A91 Partners, Falcon Edge, Zodius Capital",Pre-Series A,266000.0,2023-12-04
AgriHive,FoodTech,Grocery,Pune,Sequoia Capital India,Series A,1339000.0,2023-12-03
HealthRise,HealthTech,Pharmacy,Hyderabad,"Kalaari Capital, Omidyar Network, Peak XV",Bridge,1426000.0,2023-12-01
AgriSense,Enterprise,Automation,Hyderabad,"Falcon Edge, Y Combinator",Seed,1034000.0,2023-11-30
Paytm,Mobility,EV,Pune,"Info Edge, Peak XV",Growth,438231000.0,2023-11-29
Rapido,FoodTech,Food Delivery,Kolkata,"A91 Partners, Kedaara Capital, Tiger Global Management",Seed,459000.0,2023-11-27
AgriFit,Retail,Grocery,Hyderabad,"Kedaara Capital, Ventures India",Seed,1218000.0,2023-11-24
CloudPay,HealthTech,Health Analytics,Pune,"A91 Partners, Matrix Partners India, Mirae Asset",Seed,666000.0,2023-11-24
OYO Rooms,FinTech,Payments,Gurugram,Prosus Ventures,Seed,947000.0,2023-11-22
NextSense,FoodTech,Cloud Kitchen,Pune,"Info Edge, Tiger Global Management",Seed,1903000.0,2023-11-22
Delhivery,EdTech,UpSkilling,Hyderabad,"A91 Partners, Mirae Asset",Series B,30480000.0,2023-11-14
Zomato,Real Estate,Rental Tech,Delhi,"Blume Ventures, Mirae Asset",Pre-Seed,63000.0,2023-11-12
Cred,Mobility,Ride Sharing,Bengaluru,"Falcon Edge, Nexus Venture Partners",Pre-Series A,113000.0,2023-11-12
Licious,EdTech,K12,Chennai,Nexus Venture Partners,Seed,1411000.0,2023-11-11
CoreConnect,E-commerce,Marketplace,Chennai,"Peak XV, Ribbit Capital",Series A,3668000.0,2023-11-09
FoodLoop,Enterprise,Automation,Delhi,"Bessemer Venture Partners, Zodius Capital",Seed,114000.0,2023-11-08
WorkFit,Mobility,Ride Sharing,Ahmedabad,"Blume Ventures, Matrix Partners India",Series A,3994000.0,2023-11-04
NextSense,Logistics,Fleet Management,Gurugram,"Elevation Capital, Sequoia Capital India",Series A,1335000.0,2023-11-03
OYO Rooms,Logistics,Supply Chain,Kolkata,Tiger Global Management,Series D,117757000.0,2023-11-03
HealthRise,Consumer Electronics,Wearables,Delhi,Zodius Capital,Debt,3346000.0,2023-11-02
AgriFit,AgriTech,Smart Farming,Delhi,Mirae Asset,Bridge,137000.0,2023-10-31
BlueRise,EdTech,UpSkilling,Kolkata,Blume Ventures,Seed,548000.0,2023-10-30
QuantumDrive,FoodTech,Food Delivery,Chennai,"IFC, Nexus Venture Partners",Pre-Series A,528000.0,2023-10-30
CoreSpace,Retail,Fashion,Gurugram,"Accel, IFC",Series C,110486000.0,2023-10-25
Groww,HealthTech,Pharmacy,Mumbai,"IFC, SoftBank Vision Fund",Series A,9144000.0,2023-10-24
CoreFlow,SaaS,HRTech,Ahmedabad,LCatterton,Series C,38931000.0,2023-10-23
NextSense,Logistics,Supply Chain,Chennai,"Ribbit Capital, Tiger Global",Series C,22992000.0,2023-10-22
HomeFoods,SaaS,DevTools,Gurugram,"Nexus Venture Partners, Prosus Ventures, Ventures India",Series A,5604000.0,2023-10-20
Dream11,Media,Content,Bengaluru,"Elevation Capital, Info Edge, Matrix Partners India",Pre-Series A,175000.0,2023-10-17
Licious,HealthTech,Telemedicine,Mumbai,"IFC, Mirae Asset, Sequoia Capital India",Angel,67000.0,2023-10-16
HealthRise,SaaS,B2B SaaS,Noida,LCatterton,Bridge,1271000.0,2023-10-13
Delhivery,Enterprise,Analytics,Chennai,"Kalaari Capital, LCatterton, Zodius Capital",Angel,29000.0,2023-10-07
CoreFlow,SaaS,DevTools,Hyderabad,"Elevation Capital, SoftBank Vision Fund, Ventures India",Pre-Series A,680000.0,2023-10-07
QuantumSolutions,Logistics,Fleet Management,Kolkata,Prosus Ventures,Bridge,366000.0,2023-10-05
GreenConnect,SaaS,B2B SaaS,Delhi,"Elevation Capital, Zodius Capital",Series D,258416000.0,2023-09-28
MediHive,EdTech,K12,Pune,"A91 Partners, Nexus Venture Partners, Y Combinator",Seed,107000.0,2023-09-27
SkillFlow,Retail,Fashion,Chennai,"Peak XV, Tiger Global Management",Pre-Series A,886000.0,2023-09-27
Delhivery,Real Estate,Rental Tech,Kolkata,Kalaari Capital,Seed,778000.0,2023-09-25
EduMart,Media,Content,Mumbai,"Kalaari Capital, Matrix Partners India",Series C,182986000.0,2023-09-22
FreshSolutions,Mobility,Ride Sharing,Chennai,Accel,Series A,6014000.0,2023-09-19
HyperLoop,AgriTech,Supply Chain,Mumbai,"Info Edge, Mirae Asset",Seed,113000.0,2023-09-17
CloudSolutions,AgriTech,Supply Chain,Ahmedabad,Ribbit Capital,Debt,176000.0,2023-09-17
HyperLoop,Real Estate,Rental Tech,Bengaluru,Prosus Ventures,Seed,62000.0,2023-09-17
QuantumAnalytics,SaaS,HRTech,Chennai,Matrix Partners India,Pre-Series A,837000.0,2023-09-16
NeoSense,AgriTech,Marketplace,Mumbai,"Bessemer Venture Partners, Ventures India",Series C,78705000.0,2023-09-15
DataEdge,Media,Social,Hyderabad,Ribbit Capital,Seed,76000.0,2023-09-14
AgriHive,FinTech,Lending,Mumbai,"Mirae Asset, Omidyar Network",Pre-Seed,34000.0,2023-09-13
FoodSolutions,FoodTech,Grocery,Delhi,Ventures India,Series D,367311000.0,2023-09-12
Cred,FoodTech,Food Delivery,Gurugram,Tiger Global,Seed,452000.0,2023-09-12
FarmBox,Consumer Electronics,Wearables,Gurugram,"Kalaari Capital, Y Combinator",Seed,455000.0,2023-09-11
NeoTech,SaaS,DevTools,Chennai,Matrix Partners India,Bridge,121000.0,2023-09-09
DriveLoop,EdTech,Coding Bootcamp,Delhi,"Kalaari Capital, Ventures India",Seed,56000.0,2023-09-08
FreshTech,Logistics,Supply Chain,Bengaluru,"Matrix Partners India, Nexus Venture Partners, Zodius Capital",Series A,11442000.0,2023-09-08
BlueSpace,AgriTech,Smart Farming,Bengaluru,Omidyar Network,Series A,2372000.0,2023-08-31
NoBroker,FoodTech,Grocery,Chennai,Falcon Edge,Pre-Series A,383000.0,2023-08-31
FreshTech,SaaS,MarTech,Noida,Omidyar Network,Seed,638000.0,2023-08-29
NextFlow,Consumer Electronics,Smart Home,Pune,"Peak XV, Ventures India",Series B,63289000.0,2023-08-26
HealthRise,FinTech,WealthTech,Mumbai,Bessemer Venture Partners,Series D,214425000.0,2023-08-24
Innovaccer,E-commerce,Grocery,Hyderabad,Kalaari Capital,Seed,149000.0,2023-08-23
MediWorks,Retail,Grocery,Chennai,SoftBank Vision Fund,Series A,10074000.0,2023-08-21
FinFoods,FinTech,Lending,Bengaluru,Ribbit Capital,Seed,89000.0,2023-08-21
Freshworks,EdTech,K12,Pune,Sequoia Capital India,Seed,1009000.0,2023-08-19
Udaan,Media,Streaming,Delhi,"Accel, Falcon Edge",Series A,1763000.0,2023-08-16
CloudLabs,SaaS,MarTech,Kolkata,Mirae Asset,Series C,47844000.0,2023-08-15
LogiMart,SaaS,DevTools,Ahmedabad,"Ribbit Capital, SoftBank Vision Fund, Tiger Global Management",Pre-Seed,76000.0,2023-08-14
HomeMart,Enterprise,Security,Bengaluru,Matrix Partners India,Series B,5493000.0,2023-08-14
Practo,Real Estate,Home Services,Noida,Tiger Global,Angel,81000.0,2023-08-13
Ola,Media,Content,Delhi,Falcon Edge,Seed,568000.0,2023-08-11
SkillSolutions,E-commerce,Fashion,Mumbai,"Bessemer Venture Partners, Omidyar Network, Sequoia Capital India",Series B,46994000.0,2023-08-07
GreenMart,Consumer Electronics,Audio,Mumbai,"Falcon Edge, Prosus Ventures",Pre-Seed,178000.0,2023-08-07
Udaan,FoodTech,Food Delivery,Gurugram,Bessemer Venture Partners,Bridge,1256000.0,2023-08-04
AeroHub,E-commerce,D2C,Ahmedabad,Accel,Bridge,60000.0,2023-08-01
Meesho,Real Estate,Rental Tech,Kolkata,"IFC, Zodius Capital",Seed,76000.0,2023-07-30
CureFit,Mobility,EV,Kolkata,"Blume Ventures, Y Combinator",Pre-Seed,122000.0,2023-07-30
DataHive,Logistics,Fleet Management,Delhi,"LCatterton, Omidyar Network",Series C,29202000.0,2023-07-30
WorkPay,Mobility,EV,Pune,"LCatterton, Peak XV, Prosus Ventures",Seed,1580000.0,2023-07-30
Rapido,Enterprise,Analytics,Ahmedabad,LCatterton,Bridge,196000.0,2023-07-29
EduMart,SaaS,B2B SaaS,Mumbai,Peak XV,Angel,50000.0,2023-07-29
GreenMart,FoodTech,Food Delivery,Noida,Kedaara Capital,Series A,14601000.0,2023-07-28
CoreConnect,Mobility,EV,Hyderabad,"Prosus Ventures, Tiger Global Management",Series A,1036000.0,2023-07-27
Freshworks,Consumer Electronics,Smart Home,Ahmedabad,Accel,Seed,1127000.0,2023-07-27
HomeMart,FoodTech,Cloud Kitchen,Gurugram,"IFC, Peak XV, Sequoia Capital India",Series A,3605000.0,2023-07-26
UrbanDrive,Retail,Fashion,Delhi,"IFC, Mirae Asset, SoftBank Vision Fund",Seed,369000.0,2023-07-25
UrbanDrive,HealthTech,Health Analytics,Chennai,"Kedaara Capital, Ribbit Capital",Seed,856000.0,2023-07-25
Urban Company,Consumer Electronics,Audio,Kolkata,"Omidyar Network, Ribbit Capital",Seed,1664000.0,2023-07-23
Unacademy,Logistics,Supply Chain,Pune,Tiger Global,Series D,130783000.0,2023-07-23
HomeFoods,Enterprise,Automation,Bengaluru,"Falcon Edge, Tiger Global",Series B,7347000.0,2023-07-18
AutoFlow,SaaS,DevTools,Kolkata,Tiger Global Management,Series B,24587000.0,2023-07-18
SkillFlow,HealthTech,Diagnostics,Ahmedabad,"A91 Partners, Falcon Edge, Ribbit Capital",Series A,8097000.0,2023-07-16
Postman,Retail,E-Retail,Chennai,Tiger Global,Seed,390000.0,2023-07-15
Dailyhunt,Media,Content,Mumbai,"Bessemer Venture Partners, Kedaara Capital",Pre-Seed,84000.0,2023-07-14
BharatPe,FinTech,Lending,Hyderabad,Info Edge,Series A,3388000.0,2023-07-13
HomeMart,AgriTech,Supply Chain,Kolkata,"Kedaara Capital, Lightspeed India",Pre-Series A,643000.0,2023-07-13
HyperLoop,Real Estate,PropTech,Delhi,"A91 Partners, Mirae Asset",Bridge,127000.0,2023-07-10
GrowthConnect,Media,Content,Ahmedabad,Y Combinator,Bridge,1071000.0,2023-07-08
LogiSense,Consumer Electronics,Wearables,Bengaluru,"Peak XV, Sequoia Capital India",Pre-Seed,21000.0,2023-07-06
HealthAnalytics,Logistics,Last Mile,Noida,Omidyar Network,Seed,122000.0,2023-07-04
HyperLabs,Mobility,Micro Mobility,Gurugram,"Elevation Capital, Prosus Ventures, SoftBank Vision Fund",Seed,1416000.0,2023-07-02
MediHive,EdTech,Test Prep,Noida,IFC,Bridge,1758000.0,2023-06-21
FreshTech,E-commerce,Grocery,Mumbai,"A91 Partners, Tiger Global",Seed,130000.0,2023-06-21
UrbanSolutions,Real Estate,Rental Tech,Chennai,Bessemer Venture Partners,Seed,148000.0,2023-06-20
NeoTech,Logistics,Fleet Management,Gurugram,"Kalaari Capital, Mirae Asset, Prosus Ventures",Pre-Series A,132000.0,2023-06-20
LogiMart,Retail,Grocery,Ahmedabad,Bessemer Venture Partners,Series A,1465000.0,2023-06-20
SmartTech,HealthTech,Telemedicine,Hyderabad,Elevation Capital,Seed,129000.0,2023-06-15
Meesho,Real Estate,Rental Tech,Delhi,"Info Edge, LCatterton, Lightspeed India",Angel,26000.0,2023-06-15
GrowthConnect,AgriTech,Smart Farming,Bengaluru,"SoftBank Vision Fund, Y Combinator",Pre-Series A,876000.0,2023-06-14
FoodLoop,AgriTech,Marketplace,Pune,"Kedaara Capital, Mirae Asset",Angel,25000.0,2023-06-12
MediSpace,SaaS,MarTech,Gurugram,"Matrix Partners India, Tiger Global",Angel,10000.0,2023-06-10
SkillSolutions,FoodTech,Grocery,Gurugram,Accel,Series B,6730000.0,2023-06-07
NeoSense,EdTech,Coding Bootcamp,Chennai,"Kalaari Capital, Kedaara Capital, Zodius Capital",Series C,42331000.0,2023-05-30
SkillSolutions,EdTech,Coding Bootcamp,Mumbai,Kalaari Capital,Series C,98917000.0,2023-05-27
HomeAnalytics,HealthTech,Health Analytics,Delhi,Kalaari Capital,Series A,11198000.0,2023-05-25
NeoSense,AgriTech,Marketplace,Hyderabad,"Accel, Kedaara Capital",Series A,11321000.0,2023-05-24
GrowthFlow,Media,Content,Delhi,"Kedaara Capital, Y Combinator",Series A,10651000.0,2023-05-23
GreenEdge,Real Estate,PropTech,Mumbai,Y Combinator,Seed,122000.0,2023-05-23
NextFlow,Enterprise,Analytics,Hyderabad,"Accel, Nexus Venture Partners",Series C,93825000.0,2023-05-22
FreshBox,Media,Streaming,Hyderabad,Tiger Global Management,Seed,289000.0,2023-05-22
Flipkart,Logistics,Supply Chain,Delhi,Kalaari Capital,Seed,79000.0,2023-05-16
BlueTech,Mobility,EV,Delhi,"LCatterton, Peak XV",Series A,14210000.0,2023-05-13
Zomato,FoodTech,Grocery,Hyderabad,Tiger Global,Series A,2658000.0,2023-05-10
HyperLoop,Retail,Grocery,Mumbai,"Falcon Edge, Omidyar Network",Series A,2765000.0,2023-05-09
NimbusMart,Logistics,Last Mile,Ahmedabad,"IFC, Matrix Partners India, Zodius Capital",Seed,1687000.0,2023-05-09
Dunzo,HealthTech,Telemedicine,Chennai,"Elevation Capital, Matrix Partners India",Series A,14477000.0,2023-05-01
OYO Rooms,Media,Streaming,Gurugram,"Bessemer Venture Partners, Tiger Global Management",Series A,3786000.0,2023-04-26
Meesho,Mobility,Micro Mobility,Kolkata,Info Edge,Pre-Series A,349000.0,2023-04-22
DriveFit,Real Estate,Rental Tech,Gurugram,Falcon Edge,Series B,12266000.0,2023-04-20
AutoMart,SaaS,MarTech,Kolkata,Kalaari Capital,Seed,97000.0,2023-04-19
Housejoy,EdTech,K12,Mumbai,Lightspeed India,Seed,199000.0,2023-04-19
Housejoy,Retail,E-Retail,Gurugram,"Kedaara Capital, Ribbit Capital, Y Combinator",Series C,142883000.0,2023-04-19
BlueSpace,Real Estate,PropTech,Kolkata,Accel,Series A,9459000.0,2023-04-18
FreshTech,EdTech,K12,Noida,"Ribbit Capital, Ventures India",Seed,125000.0,2023-04-16
Housejoy,FinTech,Lending,Gurugram,Mirae Asset,Series C,65156000.0,2023-04-15
HealthAnalytics,HealthTech,Pharmacy,Ahmedabad,Omidyar Network,Angel,99000.0,2023-04-14
LogiMart,FinTech,NeoBank,Mumbai,"Falcon Edge, Peak XV",Pre-Series A,933000.0,2023-04-10
Licious,HealthTech,Diagnostics,Hyderabad,Matrix Partners India,Pre-Series A,119000.0,2023-04-07
Bounce,Mobility,Micro Mobility,Delhi,Blume Ventures,Series A,1287000.0,2023-04-04
UrbanStack,Media,Social,Gurugram,LCatterton,Seed,105000.0,2023-04-01
FoodFit,AgriTech,Marketplace,Mumbai,Omidyar Network,Series B,38525000.0,2023-03-30
AgriSense,Retail,Fashion,Chennai,"Info Edge, Kalaari Capital, Matrix Partners India",Series A,8614000.0,2023-03-28
SkillRise,Consumer Electronics,Smart Home,Bengaluru,Elevation Capital,Pre-Series A,164000.0,2023-03-28
FarmFit,Mobility,EV,Noida,"Falcon Edge, Kedaara Capital",Series A,1349000.0,2023-03-27
Myntra,EdTech,Test Prep,Noida,A91 Partners,Pre-Seed,37000.0,2023-03-26
LogiMart,Logistics,Supply Chain,Pune,Accel,Series B,18607000.0,2023-03-25
Chargebee,AgriTech,Marketplace,Bengaluru,Kedaara Capital,Series B,50673000.0,2023-03-23
QuantumAnalytics,Real Estate,Rental Tech,Gurugram,Info Edge,Pre-Series A,319000.0,2023-03-19
FinSpace,Logistics,Supply Chain,Hyderabad,Matrix Partners India,Series A,1936000.0,2023-03-19
CloudPay,EdTech,Coding Bootcamp,Bengaluru,Mirae Asset,Pre-Series A,181000.0,2023-03-18
CoreSpace,SaaS,MarTech,Ahmedabad,Zodius Capital,Pre-Series A,377000.0,2023-03-18
EduMart,FoodTech,Cloud Kitchen,Pune,Tiger Global Management,Seed,137000.0,2023-03-17
GreenConnect,Real Estate,Home Services,Chennai,"IFC, Tiger Global",Series B,9425000.0,2023-03-16
DataAnalytics,Media,Content,Noida,"Blume Ventures, Sequoia Capital India",Series A,1916000.0,2023-03-14
Cars24,FoodTech,Cloud Kitchen,Ahmedabad,"Blume Ventures, Prosus Ventures",Pre-Series A,209000.0,2023-03-14
Unacademy,Logistics,Supply Chain,Gurugram,"Prosus Ventures, SoftBank Vision Fund",Series C,242794000.0,2023-03-13
BharatPe,Enterprise,Automation,Ahmedabad,Accel,Seed,532000.0,2023-03-13
AgriSense,E-commerce,D2C,Pune,"Peak XV, Zodius Capital",Pre-Series A,105000.0,2023-03-11
Dream11,Retail,Grocery,Ahmedabad,Info Edge,Series B,5077000.0,2023-03-11
WorkFit,Mobility,Ride Sharing,Chennai,Info Edge,Seed,217000.0,2023-03-08
MediSpace,Media,Social,Delhi,"LCatterton, Matrix Partners India, Ribbit Capital",Seed,1663000.0,2023-03-08
AeroStack,FinTech,NeoBank,Ahmedabad,Matrix Partners India,Seed,68000.0,2023-03-07
DriveLoop,HealthTech,Telemedicine,Pune,Sequoia Capital India,Seed,96000.0,2023-03-07
Licious,Consumer Electronics,Smart Home,Kolkata,"Elevation Capital, SoftBank Vision Fund",Seed,434000.0,2023-03-04
NextSense,FoodTech,Cloud Kitchen,Delhi,"Blume Ventures, IFC, Nexus Venture Partners",Angel,15000.0,2023-03-04
UrbanSolutions,Retail,Grocery,Pune,Omidyar Network,Seed,942000.0,2023-02-28
NeoLabs,Real Estate,Rental Tech,Ahmedabad,Falcon Edge,Series A,12481000.0,2023-02-25
Chargebee,HealthTech,Pharmacy,Kolkata,"Accel, Tiger Global",Seed,125000.0,2023-02-25
CureFit,HealthTech,Health Analytics,Noida,Accel,Series B,11211000.0,2023-02-22
CoreFlow,Retail,Fashion,Kolkata,"Mirae Asset, Tiger Global Management",Seed,1560000.0,2023-02-19
Cred,E-commerce,Grocery,Hyderabad,"Tiger Global Management, Y Combinator",Series B,25964000.0,2023-02-19
NimbusMart,Mobility,EV,Kolkata,"Prosus Ventures, SoftBank Vision Fund",Series A,4770000.0,2023-02-18
NeoLabs,FoodTech,Food Delivery,Hyderabad,Tiger Global Management,Seed,701000.0,2023-02-14
Wakefit,Media,Streaming,Pune,Omidyar Network,Series C,37077000.0,2023-02-13
UrbanSolutions,FoodTech,Grocery,Hyderabad,"Kedaara Capital, Ventures India",Pre-Series A,142000.0,2023-02-12
MediWorks,HealthTech,Telemedicine,Mumbai,"Sequoia Capital India, Zodius Capital",Series B,57218000.0,2023-02-08
Innovaccer,AgriTech,Supply Chain,Kolkata,"Kalaari Capital, Lightspeed India",Series A,4139000.0,2023-02-04
AutoMart,Logistics,Fleet Management,Noida,Prosus Ventures,Series A,1458000.0,2023-02-04
Ola,E-commerce,D2C,Pune,Elevation Capital,Series B,64925000.0,2023-01-31
BlueTech,AgriTech,Supply Chain,Noida,Elevation Capital,Series A,3424000.0,2023-01-30
Chargebee,Real Estate,Home Services,Bengaluru,Peak XV,Seed,1207000.0,2023-01-29
DriveFit,Enterprise,Automation,Delhi,"Prosus Ventures, SoftBank Vision Fund",Debt,2677000.0,2023-01-27
SmartCare,FinTech,NeoBank,Ahmedabad,Elevation Capital,Pre-Series A,426000.0,2023-01-26
DataAnalytics,E-commerce,Fashion,Kolkata,Mirae Asset,Pre-Series A,312000.0,2023-01-25
AgriFit,FoodTech,Food Delivery,Noida,"LCatterton, Mirae Asset",Series B,62216000.0,2023-01-23
PharmEasy,Enterprise,Analytics,Hyderabad,"Matrix Partners India, Sequoia Capital India",Series A,7137000.0,2023-01-18
NimbusLabs,E-commerce,Grocery,Mumbai,A91 Partners,Seed,355000.0,2023-01-17
AeroStack,SaaS,DevTools,Ahmedabad,"Nexus Venture Partners, Peak XV",Seed,83000.0,2023-01-14
DriveEdge,Real Estate,Home Services,Hyderabad,Nexus Venture Partners,Series A,1449000.0,2023-01-13
WorkStack,Media,Streaming,Delhi,Lightspeed India,Series A,10148000.0,2023-01-12
Ola,Retail,Fashion,Mumbai,Tiger Global Management,Seed,62000.0,2023-01-12
Postman,EdTech,Test Prep,Chennai,Ventures India,Series A,12766000.0,2023-01-10
AeroAnalytics,E-commerce,Fashion,Delhi,LCatterton,Angel,77000.0,2023-01-09
MediSpace,FoodTech,Grocery,Kolkata,Bessemer Venture Partners,Series C,21255000.0,2023-01-07
OYO Rooms,Consumer Electronics,Audio,Mumbai,Kalaari Capital,Seed,66000.0,2023-01-05
AeroAnalytics,FoodTech,Grocery,Chennai,"Elevation Capital, Ribbit Capital",Seed,235000.0,2023-01-03
PhonePe,AgriTech,Supply Chain,Delhi,"Accel, Kalaari Capital, Ventures India",Seed,136000.0,2022-12-30
CloudLabs,SaaS,DevTools,Hyderabad,Elevation Capital,Pre-Seed,135000.0,2022-12-29
FinFoods,Mobility,Ride Sharing,Mumbai,Tiger Global Management,Series B,14327000.0,2022-12-25
DriveEdge,AgriTech,Supply Chain,Mumbai,Prosus Ventures,Seed,53000.0,2022-12-24
InMobi,Logistics,Fleet Management,Noida,Info Edge,Seed,333000.0,2022-12-23
HomeAnalytics,HealthTech,Telemedicine,Noida,"Bessemer Venture Partners, Lightspeed India",Series B,73980000.0,2022-12-22
EduBox,SaaS,MarTech,Mumbai,Kalaari Capital,Series A,1451000.0,2022-12-20
SmartMart,Real Estate,Rental Tech,Delhi,"Accel, Mirae Asset, Ribbit Capital",Angel,21000.0,2022-12-15
Wakefit,Mobility,Ride Sharing,Gurugram,Zodius Capital,Seed,72000.0,2022-12-14
SmartCare,Enterprise,Security,Ahmedabad,LCatterton,Series C,24513000.0,2022-12-12
NimbusWorks,Consumer Electronics,Audio,Pune,"Mirae Asset, Peak XV",Series B,9872000.0,2022-12-12
CloudLabs,Consumer Electronics,Wearables,Ahmedabad,"Accel, Elevation Capital",Bridge,136000.0,2022-12-10
LogiSense,FinTech,InsurTech,Chennai,Sequoia Capital India,Series B,19914000.0,2022-12-05
FinSense,AgriTech,Marketplace,Noida,"Peak XV, Zodius Capital",Angel,17000.0,2022-12-04
AutoFlow,FinTech,WealthTech,Mumbai,"Matrix Partners India, Zodius Capital",Series B,13318000.0,2022-12-03
FarmBox,Retail,E-Retail,Hyderabad,"Elevation Capital, Ribbit Capital",Series C,65870000.0,2022-12-03
AgriFit,Mobility,EV,Hyderabad,"Elevation Capital, IFC, Zodius Capital",Bridge,70000.0,2022-12-02
SmartCare,E-commerce,Quick Commerce,Gurugram,"Kedaara Capital, Y Combinator",Angel,18000.0,2022-11-30
NeoSense,Logistics,Fleet Management,Hyderabad,LCatterton,Seed,1360000.0,2022-11-25
CloudLabs,Enterprise,Automation,Chennai,Accel,Series C,54137000.0,2022-11-21
WorkStack,Mobility,EV,Delhi,SoftBank Vision Fund,Series A,11397000.0,2022-11-21
Innovaccer,Real Estate,Rental Tech,Delhi,"Kedaara Capital, LCatterton, Tiger Global Management",Series A,12915000.0,2022-11-20
MediHive,HealthTech,Health Analytics,Delhi,"Blume Ventures, Elevation Capital, Nexus Venture Partners",Seed,1820000.0,2022-11-19
DriveLoop,FinTech,NeoBank,Mumbai,Falcon Edge,Angel,6000.0,2022-11-17
HomeAnalytics,Real Estate,PropTech,Hyderabad,IFC,Series B,6655000.0,2022-11-17
DriveEdge,SaaS,B2B SaaS,Ahmedabad,IFC,Pre-Seed,29000.0,2022-11-11
Paytm,E-commerce,Quick Commerce,Mumbai,"A91 Partners, Falcon Edge, Omidyar Network",Seed,57000.0,2022-11-11
QuantumAnalytics,Enterprise,Automation,Gurugram,Tiger Global,Series A,3743000.0,2022-11-11
GrowthFlow,Real Estate,Home Services,Gurugram,Ventures India,Series A,2134000.0,2022-11-09
Zomato,AgriTech,Marketplace,Mumbai,Tiger Global,Seed,58000.0,2022-11-08
HealthRise,Retail,Fashion,Ahmedabad,"Ribbit Capital, Ventures India",Seed,463000.0,2022-11-07
NextSense,Media,Streaming,Delhi,Nexus Venture Partners,Series C,215209000.0,2022-11-07
Cred,Logistics,Supply Chain,Pune,Zodius Capital,Angel,13000.0,2022-11-05
OYO Rooms,Retail,Grocery,Ahmedabad,SoftBank Vision Fund,Seed,152000.0,2022-11-05
ShareChat,E-commerce,Grocery,Noida,"IFC, Sequoia Capital India",Series A,1657000.0,2022-11-05
FoodLoop,AgriTech,Marketplace,Hyderabad,"Falcon Edge, Kedaara Capital",Series A,5167000.0,2022-11-04
Practo,Media,Streaming,Gurugram,"Omidyar Network, SoftBank Vision Fund, Y Combinator",Seed,469000.0,2022-10-26
HomeAnalytics,SaaS,B2B SaaS,Chennai,Matrix Partners India,Seed,194000.0,2022-10-25
HyperLabs,AgriTech,Marketplace,Mumbai,"A91 Partners, Kedaara Capital",Seed,78000.0,2022-10-22
FreshSolutions,FoodTech,Food Delivery,Mumbai,Bessemer Venture Partners,Series D,290119000.0,2022-10-21
InMobi,Media,Content,Chennai,"Accel, Mirae Asset",Bridge,1012000.0,2022-10-21
Dunzo,Consumer Electronics,Wearables,Noida,Blume Ventures,Pre-Series A,111000.0,2022-10-20
LogiSense,FinTech,NeoBank,Hyderabad,"A91 Partners, Sequoia Capital India",Pre-Seed,112000.0,2022-10-16
NextSense,Mobility,EV,Kolkata,Accel,Growth,533548000.0,2022-10-15
QuantumSolutions,Consumer Electronics,Audio,Mumbai,Ribbit Capital,Seed,88000.0,2022-10-15
FoodFit,FoodTech,Food Delivery,Delhi,Peak XV,Series A,1847000.0,2022-10-15
Unacademy,Enterprise,Security,Kolkata,"Accel, Kalaari Capital, Ribbit Capital",Seed,199000.0,2022-10-15
BlueSpace,Consumer Electronics,Wearables,Chennai,Elevation Capital,Pre-Series A,524000.0,2022-10-15
CloudPay,FoodTech,Food Delivery,Delhi,Prosus Ventures,Pre-Seed,154000.0,2022-10-13
Razorpay,Enterprise,Security,Pune,"IFC, Mirae Asset",Series A,9037000.0,2022-10-05
FarmBox,SaaS,DevTools,Bengaluru,"Accel, Info Edge, Prosus Ventures",Debt,3755000.0,2022-10-03
CoreConnect,Retail,Fashion,Delhi,"LCatterton, Ventures India",Seed,107000.0,2022-10-02
SmartCare,EdTech,Coding Bootcamp,Noida,Accel,Seed,271000.0,2022-10-01
HealthAnalytics,Enterprise,Automation,Ahmedabad,Info Edge,Debt,9315000.0,2022-09-29
DriveEdge,HealthTech,Diagnostics,Kolkata,"Lightspeed India, Ribbit Capital",Series A,11342000.0,2022-09-26
ClearTax,Enterprise,Automation,Delhi,LCatterton,Series A,1218000.0,2022-09-26
GreenConnect,Consumer Electronics,Wearables,Bengaluru,Tiger Global,Seed,100000.0,2022-09-25
Cred,Logistics,Last Mile,Gurugram,Y Combinator,Series B,28486000.0,2022-09-24
FreshBox,Consumer Electronics,Wearables,Pune,"Accel, Ribbit Capital",Series C,42802000.0,2022-09-24
Housejoy,SaaS,HRTech,Pune,Bessemer Venture Partners,Seed,98000.0,2022-09-22
NeoLabs,FoodTech,Cloud Kitchen,Delhi,"Falcon Edge, Info Edge, Tiger Global Management",Series A,1261000.0,2022-09-19
GrowthCare,Media,Social,Ahmedabad,"Elevation Capital, Kedaara Capital, Nexus Venture Partners",Seed,1886000.0,2022-09-18
CoreConnect,E-commerce,Quick Commerce,Delhi,"Lightspeed India, Omidyar Network",Series A,5554000.0,2022-09-18
FreshTech,AgriTech,Marketplace,Gurugram,IFC,Seed,1022000.0,2022-09-14
BigBasket,Consumer Electronics,Wearables,Chennai,SoftBank Vision Fund,Series A,6758000.0,2022-09-11
OYO Rooms,Consumer Electronics,Smart Home,Bengaluru,"Accel, Info Edge",Seed,366000.0,2022-09-07
DriveLoop,HealthTech,Telemedicine,Mumbai,Peak XV,Pre-Series A,585000.0,2022-08-28
FoodSolutions,Logistics,Supply Chain,Kolkata,Blume Ventures,Series A,8890000.0,2022-08-26
MediWorks,EdTech,Coding Bootcamp,Bengaluru,"LCatterton, Tiger Global Management, Y Combinator",Seed,1319000.0,2022-08-26
GrowthFlow,EdTech,Test Prep,Hyderabad,"Omidyar Network, Y Combinator",Seed,1604000.0,2022-08-24
Porter,HealthTech,Diagnostics,Kolkata,IFC,Bridge,1201000.0,2022-08-23
FreshTech,SaaS,MarTech,Bengaluru,"Accel, Tiger Global, Y Combinator",Seed,246000.0,2022-08-22
QuantumAnalytics,Retail,Grocery,Noida,Nexus Venture Partners,Seed,356000.0,2022-08-22
WorkPay,FinTech,InsurTech,Bengaluru,"Falcon Edge, Sequoia Capital India, Ventures India",Pre-Seed,29000.0,2022-08-21
FinSense,Enterprise,Security,Delhi,"LCatterton, Omidyar Network",Series C,111204000.0,2022-08-18
LogiMart,Real Estate,Rental Tech,Kolkata,IFC,Seed,190000.0,2022-08-18
ShareChat,Media,Social,Bengaluru,Blume Ventures,Series B,74232000.0,2022-08-11
SmartTech,Retail,Fashion,Ahmedabad,"Info Edge, Lightspeed India",Series B,5988000.0,2022-08-10
MediWorks,Real Estate,PropTech,Ahmedabad,"Matrix Partners India, Omidyar Network, Y Combinator",Bridge,99000.0,2022-08-10
SmartMart,EdTech,Test Prep,Kolkata,"A91 Partners, Falcon Edge, SoftBank Vision Fund",Seed,72000.0,2022-08-09
ClearDekho,FoodTech,Cloud Kitchen,Hyderabad,"Kalaari Capital, Mirae Asset",Seed,148000.0,2022-08-09
MediSpace,Media,Social,Pune,"Accel, Info Edge",Series B,45874000.0,2022-08-08
HyperLabs,Mobility,EV,Gurugram,IFC,Series A,1131000.0,2022-08-06
CoreConnect,Mobility,Micro Mobility,Noida,Bessemer Venture Partners,Seed,320000.0,2022-08-04
SkillRise,Retail,Fashion,Ahmedabad,"Blume Ventures, IFC, Prosus Ventures",Pre-Series A,288000.0,2022-07-28
Myntra,SaaS,B2B SaaS,Mumbai,"Prosus Ventures, Tiger Global, Y Combinator",Series B,16887000.0,2022-07-27
Nykaa,Media,Social,Ahmedabad,Info Edge,Pre-Series A,611000.0,2022-07-26
NimbusWorks,HealthTech,Telemedicine,Chennai,Zodius Capital,Pre-Series A,126000.0,2022-07-23
NeoTech,Mobility,Micro Mobility,Noida,"Prosus Ventures, Y Combinator",Angel,20000.0,2022-07-14
FinSpace,AgriTech,Supply Chain,Gurugram,Ribbit Capital,Seed,432000.0,2022-07-11
AutoMart,SaaS,B2B SaaS,Hyderabad,"A91 Partners, Lightspeed India",Series C,52945000.0,2022-07-11
Ola,Retail,Grocery,Ahmedabad,"Blume Ventures, IFC",Series A,5333000.0,2022-07-11
FinFoods,Consumer Electronics,Smart Home,Delhi,Zodius Capital,Bridge,474000.0,2022-07-11
BlueRise,HealthTech,Diagnostics,Hyderabad,"IFC, Lightspeed India, Mirae Asset",Seed,113000.0,2022-07-07
UrbanSolutions,Media,Content,Pune,Sequoia Capital India,Bridge,168000.0,2022-07-05
NoBroker,SaaS,DevTools,Delhi,Sequoia Capital India,Seed,65000.0,2022-07-02
LogiSense,E-commerce,D2C,Noida,"A91 Partners, Mirae Asset",Seed,101000.0,2022-07-01
NeoSense,Real Estate,Rental Tech,Noida,"Elevation Capital, Nexus Venture Partners",Series D,396775000.0,2022-06-30
NeoLabs,Logistics,Last Mile,Pune,IFC,Seed,91000.0,2022-06-29
GreenConnect,Logistics,Fleet Management,Mumbai,"Lightspeed India, Matrix Partners India, Mirae Asset",Seed,692000.0,2022-06-24
NimbusLabs,AgriTech,Marketplace,Kolkata,Omidyar Network,Series A,1104000.0,2022-06-23
FreshTech,Consumer Electronics,Smart Home,Gurugram,Y Combinator,Series C,81807000.0,2022-06-23
InMobi,Logistics,Fleet Management,Noida,Tiger Global Management,Seed,242000.0,2022-06-23
Wakefit,Real Estate,Rental Tech,Bengaluru,Omidyar Network,Seed,159000.0,2022-06-21
Licious,FinTech,NeoBank,Mumbai,Ribbit Capital,Seed,1459000.0,2022-06-20
MobiKwik,SaaS,DevTools,Mumbai,"Sequoia Capital India, Ventures India",Series D,63545000.0,2022-06-18
SmartTech,AgriTech,Supply Chain,Delhi,Lightspeed India,Series B,47312000.0,2022-06-18
DataHive,EdTech,Coding Bootcamp,Pune,"Elevation Capital, Kedaara Capital, SoftBank Vision Fund",Series A,2173000.0,2022-06-16
BharatPe,Logistics,Supply Chain,Noida,Peak XV,Seed,734000.0,2022-06-14
OYO Rooms,SaaS,DevTools,Delhi,"Blume Ventures, Peak XV, Ribbit Capital",Series B,71839000.0,2022-06-13
Swiggy,HealthTech,Pharmacy,Bengaluru,Kedaara Capital,Seed,333000.0,2022-06-08
QuantumAnalytics,FinTech,WealthTech,Pune,"Nexus Venture Partners, Peak XV",Growth,74657000.0,2022-06-08
Innovaccer,E-commerce,Fashion,Pune,"Info Edge, SoftBank Vision Fund, Tiger Global",Series A,1104000.0,2022-06-08
FreshBox,Consumer Electronics,Audio,Delhi,"Kalaari Capital, Prosus Ventures, Sequoia Capital India",Angel,8000.0,2022-06-06
Byju's,Real Estate,Rental Tech,Mumbai,Omidyar Network,Pre-Seed,164000.0,2022-06-03
AutoMart,AgriTech,Smart Farming,Pune,"Nexus Venture Partners, SoftBank Vision Fund, Tiger Global Management",Series A,5813000.0,2022-05-31
WorkPay,Enterprise,Security,Ahmedabad,Tiger Global,Series A,5243000.0,2022-05-30
CloudPay,Logistics,Fleet Management,Noida,Prosus Ventures,Angel,6000.0,2022-05-30
FinSense,AgriTech,Marketplace,Chennai,Bessemer Venture Partners,Pre-Series A,518000.0,2022-05-29
MediSpace,Logistics,Supply Chain,Kolkata,Ribbit Capital,Seed,182000.0,2022-05-28
WorkPay,Mobility,EV,Gurugram,LCatterton,Seed,97000.0,2022-05-28
Housejoy,Retail,Fashion,Bengaluru,"Falcon Edge, SoftBank Vision Fund, Y Combinator",Seed,1600000.0,2022-05-27
NoBroker,Media,Streaming,Mumbai,A91 Partners,Pre-Series A,557000.0,2022-05-27
UrbanStack,AgriTech,Supply Chain,Hyderabad,Ribbit Capital,Seed,745000.0,2022-05-27
Ola,EdTech,Coding Bootcamp,Hyderabad,IFC,Debt,28306000.0,2022-05-26
HyperLoop,Retail,Grocery,Bengaluru,Ventures India,Series C,257828000.0,2022-05-25
MediSpace,Real Estate,Home Services,Pune,"Prosus Ventures, Ventures India",Seed,56000.0,2022-05-21
BigBasket,HealthTech,Diagnostics,Delhi,"Accel, Sequoia Capital India, Ventures India",Debt,254000.0,2022-05-20
Razorpay,Retail,Fashion,Kolkata,Ventures India,Series A,4324000.0,2022-05-20
BlueRise,AgriTech,Smart Farming,Mumbai,"Mirae Asset, Ventures India",Seed,275000.0,2022-05-19
FinSpace,AgriTech,Smart Farming,Pune,Kalaari Capital,Seed,853000.0,2022-05-18
SkillRise,Enterprise,Automation,Hyderabad,Falcon Edge,Growth,183477000.0,2022-05-15
Dailyhunt,FoodTech,Food Delivery,Hyderabad,Omidyar Network,Series A,1648000.0,2022-05-15
ShareChat,FoodTech,Food Delivery,Delhi,"Info Edge, Omidyar Network",Series A,14507000.0,2022-05-15
PhonePe,HealthTech,Pharmacy,Bengaluru,"Accel, Tiger Global",Seed,100000.0,2022-05-12
GrowthConnect,Enterprise,Security,Ahmedabad,Sequoia Capital India,Series A,1511000.0,2022-05-12
DataAnalytics,Real Estate,Rental Tech,Delhi,"Sequoia Capital India, Ventures India",Series A,3902000.0,2022-05-10
CloudLabs,AgriTech,Marketplace,Noida,SoftBank Vision Fund,Series A,1121000.0,2022-05-09
LogiRise,FinTech,NeoBank,Ahmedabad,Kalaari Capital,Series A,1617000.0,2022-05-09
FoodSolutions,EdTech,Test Prep,Bengaluru,"IFC, Ventures India",Series C,114859000.0,2022-05-08
Dailyhunt,Consumer Electronics,Wearables,Chennai,Zodius Capital,Series A,7866000.0,2022-05-07
NeoLabs,Mobility,EV,Mumbai,A91 Partners,Growth,152047000.0,2022-05-05
HomeFoods,Media,Content,Pune,"Blume Ventures, Ribbit Capital",Seed,877000.0,2022-05-03
NimbusLabs,SaaS,MarTech,Noida,"Nexus Venture Partners, Y Combinator",Seed,196000.0,2022-05-02
DriveEdge,HealthTech,Telemedicine,Delhi,"Kedaara Capital, LCatterton",Series B,6246000.0,2022-05-01
GrowthFlow,Retail,E-Retail,Gurugram,"Tiger Global, Y Combinator",Series C,41465000.0,2022-04-29
Ola,Logistics,Last Mile,Chennai,Zodius Capital,Series B,59611000.0,2022-04-28
LogiRise,Mobility,EV,Kolkata,"A91 Partners, Falcon Edge, Tiger Global",Series C,35458000.0,2022-04-27
CoreSpace,Mobility,Ride Sharing,Chennai,IFC,Series A,13122000.0,2022-04-26
EduTech,FinTech,Lending,Pune,"IFC, Matrix Partners India, Zodius Capital",Series C,53939000.0,2022-04-23
SmartCare,Mobility,EV,Pune,LCatterton,Series C,26986000.0,2022-04-23
FinFoods,Enterprise,Analytics,Noida,"Ribbit Capital, SoftBank Vision Fund",Series B,9519000.0,2022-04-23
FarmBox,EdTech,K12,Hyderabad,Peak XV,Series A,12394000.0,2022-04-23
Cars24,Real Estate,PropTech,Gurugram,"Nexus Venture Partners, Y Combinator",Angel,18000.0,2022-04-22
DriveEdge,E-commerce,D2C,Gurugram,"A91 Partners, Peak XV",Bridge,1129000.0,2022-04-18
UrbanDrive,HealthTech,Diagnostics,Gurugram,Peak XV,Seed,1494000.0,2022-04-16
SkillSolutions,Mobility,Ride Sharing,Mumbai,"A91 Partners, Matrix Partners India",Seed,103000.0,2022-04-12
SmartMart,E-commerce,Fashion,Delhi,Omidyar Network,Seed,120000.0,2022-04-11
Porter,FinTech,Lending,Kolkata,"Mirae Asset, Omidyar Network, Tiger Global Management",Series A,2960000.0,2022-04-09
HyperLabs,AgriTech,Smart Farming,Chennai,Tiger Global Management,Seed,339000.0,2022-04-09
Meesho,E-commerce,D2C,Pune,"Info Edge, Kalaari Capital, SoftBank Vision Fund",Seed,1665000.0,2022-04-03
BlueSpace,SaaS,DevTools,Gurugram,Tiger Global,Series A,1549000.0,2022-04-02
FinSense,FinTech,Lending,Delhi,Prosus Ventures,Seed,1178000.0,2022-03-31
AeroStack,Real Estate,PropTech,Hyderabad,"Kalaari Capital, Ribbit Capital",Series A,2623000.0,2022-03-31
CureFit,Retail,E-Retail,Bengaluru,"Elevation Capital, Ventures India",Seed,412000.0,2022-03-27
GreenEdge,EdTech,Coding Bootcamp,Pune,"Kedaara Capital, SoftBank Vision Fund",Series C,47319000.0,2022-03-27
Dunzo,Consumer Electronics,Wearables,Pune,"Accel, Prosus Ventures, SoftBank Vision Fund",Series A,6900000.0,2022-03-25
Cars24,E-commerce,Fashion,Mumbai,"Mirae Asset, Prosus Ventures",Seed,141000.0,2022-03-25
FreshSolutions,Real Estate,Home Services,Mumbai,Accel,Seed,187000.0,2022-03-24
Swiggy,SaaS,B2B SaaS,Mumbai,"Elevation Capital, SoftBank Vision Fund",Pre-Series A,191000.0,2022-03-24
NoBroker,FoodTech,Cloud Kitchen,Bengaluru,"Blume Ventures, Ventures India",Debt,19590000.0,2022-03-24
Cars24,HealthTech,Health Analytics,Noida,Falcon Edge,Series A,5362000.0,2022-03-23
FarmFit,Mobility,Micro Mobility,Chennai,"A91 Partners, Tiger Global Management, Y Combinator",Seed,52000.0,2022-03-19
FreshBox,Retail,Fashion,Ahmedabad,"Kalaari Capital, Lightspeed India",Series A,5010000.0,2022-03-11
QuantumSolutions,E-commerce,Quick Commerce,Delhi,"Bessemer Venture Partners, Nexus Venture Partners",Series A,2518000.0,2022-03-03
GreenMart,Real Estate,PropTech,Gurugram,Ribbit Capital,Seed,171000.0,2022-02-26
Udaan,Real Estate,PropTech,Gurugram,"Info Edge, SoftBank Vision Fund",Series A,9971000.0,2022-02-20
Myntra,Retail,Fashion,Kolkata,"Elevation Capital, Ribbit Capital",Private Equity,403808000.0,2022-02-19
PhonePe,Logistics,Fleet Management,Chennai,"Accel, Tiger Global Management",Seed,69000.0,2022-02-18
Lenskart,Mobility,Micro Mobility,Ahmedabad,Zodius Capital,Series C,120606000.0,2022-02-17
DataAnalytics,Consumer Electronics,Smart Home,Noida,Matrix Partners India,Pre-Series A,106000.0,2022-02-15
DataHive,Enterprise,Analytics,Pune,"Tiger Global, Y Combinator",Series B,26119000.0,2022-02-14
BigBasket,Media,Streaming,Hyderabad,Info Edge,Pre-Series A,320000.0,2022-02-10
GreenMart,E-commerce,Fashion,Kolkata,"Info Edge, Sequoia Capital India",Seed,53000.0,2022-02-09
SkillSolutions,Logistics,Fleet Management,Bengaluru,"Info Edge, Peak XV, SoftBank Vision Fund",Series A,8795000.0,2022-02-06
FreshToHome,Enterprise,Automation,Pune,"Accel, Kalaari Capital, Peak XV",Bridge,208000.0,2022-02-04
Rapido,SaaS,HRTech,Hyderabad,"Accel, LCatterton, Mirae Asset",Series A,14442000.0,2022-02-04
EduTech,Retail,Fashion,Bengaluru,Info Edge,Seed,369000.0,2022-01-28
HyperLabs,SaaS,HRTech,Chennai,"A91 Partners, SoftBank Vision Fund",Seed,175000.0,2022-01-28
Nykaa,E-commerce,Grocery,Chennai,"Elevation Capital, Falcon Edge",Seed,55000.0,2022-01-26
LogiMart,Retail,E-Retail,Pune,Sequoia Capital India,Series A,1013000.0,2022-01-23
LogiSense,FinTech,NeoBank,Noida,"IFC, Ribbit Capital, Sequoia Capital India",Seed,920000.0,2022-01-20
DriveLoop,Logistics,Supply Chain,Noida,"Elevation Capital, Prosus Ventures",Pre-Series A,262000.0,2022-01-18
FreshToHome,FoodTech,Food Delivery,Kolkata,Blume Ventures,Series A,2894000.0,2022-01-18
HealthWorks,EdTech,Coding Bootcamp,Chennai,"Nexus Venture Partners, Peak XV, Prosus Ventures",Seed,485000.0,2022-01-17
DriveEdge,Media,Streaming,Bengaluru,Nexus Venture Partners,Series A,14397000.0,2022-01-16
BigBasket,Media,Streaming,Delhi,Peak XV,Series A,11477000.0,2022-01-16
FreshBox,AgriTech,Marketplace,Kolkata,"Accel, Info Edge, Prosus Ventures",Series B,69115000.0,2022-01-14
LogiMart,Mobility,Micro Mobility,Gurugram,"Accel, Kedaara Capital",Series C,44238000.0,2022-01-09
Dailyhunt,Media,Social,Bengaluru,"LCatterton, Mirae Asset, Nexus Venture Partners",Series B,61332000.0,2022-01-03
Flipkart,E-commerce,Fashion,Ahmedabad,Omidyar Network,Series C,163351000.0,2021-12-28
MediWorks,HealthTech,Telemedicine,Hyderabad,"Falcon Edge, Kalaari Capital, Omidyar Network",Series C,30056000.0,2021-12-24
Dunzo,Mobility,Ride Sharing,Kolkata,"Y Combinator, Zodius Capital",Series B,10531000.0,2021-12-23
Zomato,Retail,Fashion,Pune,"Ribbit Capital, SoftBank Vision Fund",Seed,442000.0,2021-12-22
ClearTax,AgriTech,Supply Chain,Delhi,"Omidyar Network, Ribbit Capital, Ventures India",Series D,248669000.0,2021-12-15
SkillFlow,Retail,Fashion,Kolkata,Ribbit Capital,Pre-Series A,860000.0,2021-12-12
NextStack,FoodTech,Food Delivery,Bengaluru,"Falcon Edge, Mirae Asset",Seed,201000.0,2021-12-08
UrbanSolutions,EdTech,Coding Bootcamp,Pune,"Bessemer Venture Partners, LCatterton",Series C,24686000.0,2021-12-07
Flipkart,FoodTech,Food Delivery,Pune,"Bessemer Venture Partners, Prosus Ventures",Seed,587000.0,2021-12-06
CloudPay,Consumer Electronics,Wearables,Noida,"A91 Partners, Peak XV",Seed,477000.0,2021-12-04
CoreConnect,FinTech,NeoBank,Ahmedabad,"Kedaara Capital, Prosus Ventures, Ribbit Capital",Series C,20596000.0,2021-12-03
Udaan,E-commerce,Fashion,Gurugram,"Peak XV, Ventures India",Series D,252031000.0,2021-11-28
WorkStack,EdTech,Test Prep,Kolkata,Zodius Capital,Seed,77000.0,2021-11-28
Cars24,Consumer Electronics,Smart Home,Noida,"LCatterton, Tiger Global Management",Series A,7671000.0,2021-11-22
MediHive,Mobility,EV,Kolkata,"Info Edge, Y Combinator",Series A,1105000.0,2021-11-21
Cred,Mobility,Micro Mobility,Gurugram,A91 Partners,Seed,1017000.0,2021-11-16
Freshworks,E-commerce,D2C,Mumbai,Nexus Venture Partners,Pre-Series A,972000.0,2021-11-14
DriveEdge,E-commerce,Marketplace,Bengaluru,Accel,Series A,11170000.0,2021-11-10
WorkPay,FinTech,Lending,Noida,IFC,Bridge,285000.0,2021-11-10
DataHive,Consumer Electronics,Smart Home,Kolkata,"A91 Partners, SoftBank Vision Fund",Series A,5042000.0,2021-11-09
SkillRise,Logistics,Last Mile,Gurugram,Matrix Partners India,Series D,246176000.0,2021-11-09
HomeAnalytics,Media,Content,Chennai,Matrix Partners India,Series C,47487000.0,2021-11-09
AeroHub,Media,Social,Mumbai,"Mirae Asset, Tiger Global",Pre-Series A,313000.0,2021-11-08
SkillRise,HealthTech,Health Analytics,Gurugram,"Accel, Info Edge, Y Combinator",Seed,1535000.0,2021-11-07
Zepto,Real Estate,PropTech,Bengaluru,"Mirae Asset, Nexus Venture Partners, Prosus Ventures",Seed,166000.0,2021-11-07
Freshworks,SaaS,HRTech,Mumbai,"Elevation Capital, Kedaara Capital",Series D,59295000.0,2021-11-06
DriveLoop,Consumer Electronics,Audio,Bengaluru,Info Edge,Seed,158000.0,2021-11-01
NeoTech,Logistics,Fleet Management,Hyderabad,"A91 Partners, Kedaara Capital",Series B,26948000.0,2021-10-30
Byju's,AgriTech,Supply Chain,Noida,Info Edge,Seed,1040000.0,2021-10-29
Lenskart,FinTech,Payments,Pune,"IFC, Mirae Asset",Growth,197383000.0,2021-10-28
UrbanSolutions,SaaS,DevTools,Pune,"IFC, Omidyar Network",Seed,233000.0,2021-10-26
NimbusMart,E-commerce,D2C,Delhi,Y Combinator,Pre-Series A,356000.0,2021-10-25
BlueTech,Media,Streaming,Delhi,"Info Edge, Sequoia Capital India",Pre-Series A,235000.0,2021-10-24
NeoSense,FoodTech,Grocery,Chennai,"A91 Partners, Matrix Partners India",Series C,75927000.0,2021-10-24
AutoFlow,FoodTech,Grocery,Bengaluru,"Kalaari Capital, Zodius Capital",Series D,167749000.0,2021-10-23
AgriHive,Mobility,Micro Mobility,Chennai,Tiger Global Management,Series A,5621000.0,2021-10-21
Dunzo,Media,Content,Gurugram,"Accel, Nexus Venture Partners",Seed,78000.0,2021-10-16
BharatPe,Consumer Electronics,Audio,Bengaluru,Peak XV,Seed,621000.0,2021-10-14
HealthAnalytics,EdTech,Coding Bootcamp,Ahmedabad,"A91 Partners, Y Combinator",Pre-Series A,193000.0,2021-10-13
HomeMart,Media,Social,Gurugram,"Nexus Venture Partners, Prosus Ventures",Pre-Seed,20000.0,2021-10-04
CureFit,Real Estate,Home Services,Noida,Kalaari Capital,Bridge,189000.0,2021-10-03
InMobi,Media,Content,Pune,Info Edge,Series C,145412000.0,2021-10-03
OYO Rooms,Mobility,EV,Chennai,Kalaari Capital,Series B,65083000.0,2021-10-03
OYO Rooms,Media,Social,Kolkata,"A91 Partners, Kalaari Capital, Ventures India",Series A,10610000.0,2021-10-01
DriveFit,AgriTech,Marketplace,Kolkata,Zodius Capital,Series A,1413000.0,2021-10-01
GrowthCare,FoodTech,Cloud Kitchen,Delhi,"Prosus Ventures, Zodius Capital",Growth,382414000.0,2021-09-26
QuantumAnalytics,Consumer Electronics,Wearables,Ahmedabad,"Omidyar Network, Ribbit Capital",Debt,14625000.0,2021-09-17
Cred,Enterprise,Security,Kolkata,Matrix Partners India,Seed,174000.0,2021-09-12
NeoSense,EdTech,Test Prep,Kolkata,"Kalaari Capital, Nexus Venture Partners, Peak XV",Angel,10000.0,2021-09-10
Delhivery,Real Estate,Home Services,Hyderabad,Tiger Global Management,Series A,1071000.0,2021-09-10
ClearDekho,FinTech,Lending,Kolkata,"Mirae Asset, Tiger Global Management",Series C,142371000.0,2021-09-09
AgriSense,Retail,Fashion,Ahmedabad,"A91 Partners, Bessemer Venture Partners",Series D,458292000.0,2021-09-08
CloudLabs,FoodTech,Grocery,Delhi,"A91 Partners, Sequoia Capital India",Series A,1587000.0,2021-09-08
NextStack,E-commerce,Marketplace,Chennai,"Bessemer Venture Partners, Y Combinator",Seed,318000.0,2021-09-05
FarmTech,Retail,Fashion,Chennai,A91 Partners,Angel,46000.0,2021-09-04
CoreConnect,Real Estate,PropTech,Bengaluru,LCatterton,Series B,14710000.0,2021-08-28
Myntra,EdTech,K12,Delhi,Falcon Edge,Seed,304000.0,2021-08-28
Paytm,E-commerce,Quick Commerce,Bengaluru,"Kalaari Capital, Ribbit Capital",Series A,4485000.0,2021-08-26
FarmBox,Enterprise,Automation,Mumbai,"Lightspeed India, Nexus Venture Partners",Series B,12830000.0,2021-08-24
Delhivery,FinTech,Payments,Pune,Y Combinator,Series C,161346000.0,2021-08-23
Housejoy,Real Estate,PropTech,Kolkata,"Kalaari Capital, Kedaara Capital",Angel,6000.0,2021-08-20
BharatPe,SaaS,DevTools,Pune,"Elevation Capital, Matrix Partners India, Ribbit Capital",Seed,596000.0,2021-08-19
Rapido,Retail,E-Retail,Delhi,"Info Edge, Ribbit Capital",Series A,1513000.0,2021-08-19
Chargebee,Consumer Electronics,Audio,Ahmedabad,Sequoia Capital India,Seed,122000.0,2021-08-17
Udaan,AgriTech,Marketplace,Gurugram,Kalaari Capital,Pre-Series A,439000.0,2021-08-14
NextSense,Consumer Electronics,Wearables,Gurugram,Elevation Capital,Series C,150998000.0,2021-08-11
FarmBox,HealthTech,Telemedicine,Bengaluru,Info Edge,Series B,37933000.0,2021-08-06
FarmBox,Retail,Fashion,Delhi,"Prosus Ventures, Ribbit Capital",Series B,69429000.0,2021-08-04
HyperLoop,FoodTech,Food Delivery,Gurugram,"Nexus Venture Partners, Ribbit Capital",Seed,595000.0,2021-08-04
Razorpay,E-commerce,D2C,Kolkata,"Omidyar Network, SoftBank Vision Fund",Seed,98000.0,2021-08-03
SkillFlow,Mobility,Ride Sharing,Pune,"Mirae Asset, Prosus Ventures",Pre-Series A,132000.0,2021-08-03
UrbanDrive,Real Estate,Home Services,Noida,Kalaari Capital,Seed,496000.0,2021-08-02
NextFlow,FoodTech,Cloud Kitchen,Noida,"A91 Partners, Kedaara Capital, LCatterton",Series B,67565000.0,2021-08-01
WorkPay,Mobility,Ride Sharing,Delhi,Nexus Venture Partners,Bridge,56000.0,2021-07-31
AeroAnalytics,Retail,Fashion,Hyderabad,"Y Combinator, Zodius Capital",Series A,4481000.0,2021-07-30
AeroStack,EdTech,Coding Bootcamp,Delhi,"Matrix Partners India, Peak XV",Pre-Series A,143000.0,2021-07-24
NeoLabs,Real Estate,PropTech,Bengaluru,"Tiger Global, Tiger Global Management",Seed,57000.0,2021-07-21
EduMart,Enterprise,Security,Ahmedabad,"Peak XV, Tiger Global, Tiger Global Management",Debt,7325000.0,2021-07-16
FoodLoop,Real Estate,PropTech,Hyderabad,Sequoia Capital India,Seed,436000.0,2021-07-14
GrowthFlow,Real Estate,Rental Tech,Hyderabad,"LCatterton, Ventures India, Y Combinator",Pre-Seed,20000.0,2021-07-13
NextStack,E-commerce,Quick Commerce,Pune,"Kedaara Capital, Tiger Global",Series C,27387000.0,2021-07-11
UrbanDrive,E-commerce,D2C,Pune,"Accel, IFC",Series B,59057000.0,2021-07-10
SkillFlow,Real Estate,PropTech,Mumbai,"IFC, Prosus Ventures",Pre-Series A,150000.0,2021-07-09
Bounce,FinTech,WealthTech,Kolkata,Nexus Venture Partners,Pre-Series A,646000.0,2021-07-06
CureFit,Consumer Electronics,Wearables,Hyderabad,"Tiger Global, Ventures India",Seed,653000.0,2021-07-04
Unacademy,E-commerce,Grocery,Pune,"Kedaara Capital, Lightspeed India, Ventures India",Series C,277385000.0,2021-07-04
QuantumSolutions,HealthTech,Pharmacy,Hyderabad,"Prosus Ventures, Tiger Global Management",Seed,336000.0,2021-07-01
Paytm,AgriTech,Marketplace,Hyderabad,Matrix Partners India,Seed,100000.0,2021-06-30
PharmEasy,HealthTech,Telemedicine,Gurugram,"LCatterton, Zodius Capital",Series B,24655000.0,2021-06-29
DriveEdge,Real Estate,PropTech,Noida,Elevation Capital,Seed,239000.0,2021-06-27
Delhivery,SaaS,MarTech,Kolkata,Tiger Global Management,Series A,4137000.0,2021-06-26
HealthWorks,SaaS,B2B SaaS,Hyderabad,Info Edge,Bridge,145000.0,2021-06-26
CoreSpace,FinTech,Payments,Chennai,"Kalaari Capital, Tiger Global, Y Combinator",Seed,888000.0,2021-06-25
LogiSense,Consumer Electronics,Smart Home,Bengaluru,Kalaari Capital,Series A,2550000.0,2021-06-21
FinFoods,FoodTech,Cloud Kitchen,Bengaluru,Ribbit Capital,Seed,1461000.0,2021-06-20
SkillSolutions,EdTech,Coding Bootcamp,Chennai,Kalaari Capital,Series A,2805000.0,2021-06-18
LogiMart,FoodTech,Grocery,Bengaluru,Sequoia Capital India,Series B,28352000.0,2021-06-16
FarmTech,E-commerce,D2C,Pune,A91 Partners,Series A,4500000.0,2021-06-15
NimbusLabs,HealthTech,Health Analytics,Gurugram,Elevation Capital,Pre-Series A,123000.0,2021-06-13
ShareChat,AgriTech,Smart Farming,Ahmedabad,"Prosus Ventures, Tiger Global Management, Zodius Capital",Series A,4680000.0,2021-06-12
AutoMart,Media,Content,Chennai,Accel,Series B,25007000.0,2021-06-08
MediWorks,AgriTech,Supply Chain,Gurugram,"Matrix Partners India, Sequoia Capital India",Series A,4119000.0,2021-06-04
Zomato,Mobility,EV,Chennai,Falcon Edge,Series A,1949000.0,2021-06-01
HealthAnalytics,Consumer Electronics,Wearables,Delhi,"Accel, Tiger Global",Bridge,141000.0,2021-06-01
FoodFit,Mobility,Ride Sharing,Kolkata,Nexus Venture Partners,Seed,188000.0,2021-05-31
HyperLoop,Consumer Electronics,Audio,Delhi,Mirae Asset,Series C,103701000.0,2021-05-27
OYO Rooms,HealthTech,Pharmacy,Mumbai,Y Combinator,Series B,50768000.0,2021-05-27
DriveFit,Consumer Electronics,Audio,Gurugram,"Nexus Venture Partners, Zodius Capital",Angel,41000.0,2021-05-27
MediHive,EdTech,Coding Bootcamp,Noida,Kedaara Capital,Series A,4568000.0,2021-05-26
MobiKwik,Retail,E-Retail,Pune,"Accel, Bessemer Venture Partners, IFC",Seed,84000.0,2021-05-26
Wakefit,HealthTech,Diagnostics,Kolkata,Matrix Partners India,Seed,133000.0,2021-05-23
MediHive,AgriTech,Supply Chain,Chennai,"LCatterton, Prosus Ventures",Angel,23000.0,2021-05-19
GrowthConnect,Consumer Electronics,Wearables,Bengaluru,"Falcon Edge, Tiger Global Management",Growth,419740000.0,2021-05-18
NextStack,E-commerce,D2C,Chennai,"IFC, Lightspeed India, Prosus Ventures",Series A,5288000.0,2021-05-13
NimbusWorks,Media,Social,Mumbai,"IFC, Peak XV",Series B,8521000.0,2021-05-12
UrbanDrive,EdTech,UpSkilling,Mumbai,"LCatterton, Ventures India",Pre-Series A,753000.0,2021-05-05
UrbanSolutions,Media,Content,Mumbai,"Mirae Asset, Tiger Global",Seed,95000.0,2021-05-02
Freshworks,AgriTech,Marketplace,Delhi,Tiger Global Management,Angel,12000.0,2021-04-29
ShareChat,Retail,Fashion,Mumbai,"Kalaari Capital, LCatterton",Series A,2940000.0,2021-04-29
Nykaa,Retail,E-Retail,Hyderabad,"Blume Ventures, Falcon Edge",Series C,122297000.0,2021-04-28
UrbanDrive,FoodTech,Grocery,Kolkata,"Elevation Capital, Kalaari Capital",Series A,10764000.0,2021-04-27
WorkFit,Logistics,Last Mile,Pune,"Mirae Asset, Ventures India",Pre-Seed,42000.0,2021-04-25
CureFit,AgriTech,Smart Farming,Pune,"IFC, Sequoia Capital India",Seed,812000.0,2021-04-23
LogiRise,Enterprise,Automation,Delhi,Sequoia Capital India,Series B,47223000.0,2021-04-22
SmartTech,Retail,Fashion,Noida,"Blume Ventures, Sequoia Capital India",Series A,14492000.0,2021-04-19
WorkFit,E-commerce,D2C,Kolkata,"Falcon Edge, Tiger Global",Series A,2620000.0,2021-04-16
AeroStack,SaaS,MarTech,Chennai,"Accel, Tiger Global Management",Seed,127000.0,2021-04-11
BlueSpace,Consumer Electronics,Audio,Delhi,"Kedaara Capital, Tiger Global Management",Series C,39284000.0,2021-04-07
OYO Rooms,HealthTech,Diagnostics,Pune,Peak XV,Angel,24000.0,2021-04-06
MediSpace,HealthTech,Diagnostics,Ahmedabad,Omidyar Network,Series C,230417000.0,2021-04-03
Paytm,E-commerce,Grocery,Gurugram,"Matrix Partners India, SoftBank Vision Fund",Seed,55000.0,2021-04-03
QuantumAnalytics,Retail,Fashion,Chennai,Nexus Venture Partners,Series C,47415000.0,2021-04-02
DriveFit,Retail,Fashion,Ahmedabad,"Elevation Capital, Kalaari Capital",Series A,1636000.0,2021-03-30
HealthAnalytics,Mobility,Ride Sharing,Hyderabad,IFC,Pre-Seed,86000.0,2021-03-30
FarmBox,Consumer Electronics,Wearables,Bengaluru,"Elevation Capital, Prosus Ventures",Seed,59000.0,2021-03-29
EduMart,Mobility,Micro Mobility,Mumbai,"Bessemer Venture Partners, Tiger Global",Series A,11213000.0,2021-03-29
FoodSolutions,Real Estate,Rental Tech,Delhi,"Lightspeed India, Zodius Capital",Seed,651000.0,2021-03-28
SmartTech,Consumer Electronics,Wearables,Kolkata,"LCatterton, SoftBank Vision Fund",Seed,226000.0,2021-03-25
NimbusLabs,HealthTech,Telemedicine,Mumbai,Bessemer Venture Partners,Series C,45633000.0,2021-03-24
Meesho,Real Estate,Home Services,Pune,"Falcon Edge, Tiger Global Management",Pre-Series A,739000.0,2021-03-23
Delhivery,E-commerce,Grocery,Chennai,"Accel, Mirae Asset, SoftBank Vision Fund",Series A,1418000.0,2021-03-21
HomeFoods,Enterprise,Automation,Kolkata,Mirae Asset,Growth,407801000.0,2021-03-19
SmartCare,Enterprise,Analytics,Delhi,"Nexus Venture Partners, Y Combinator",Series A,2177000.0,2021-03-18
SmartCare,FoodTech,Cloud Kitchen,Hyderabad,Zodius Capital,Private Equity,382861000.0,2021-03-17
Groww,Mobility,Ride Sharing,Hyderabad,"Nexus Venture Partners, Peak XV",Series B,38052000.0,2021-03-14
Rapido,Real Estate,PropTech,Gurugram,Mirae Asset,Series A,6055000.0,2021-03-12
EduMart,Consumer Electronics,Smart Home,Noida,Ventures India,Seed,64000.0,2021-03-09
DataAnalytics,HealthTech,Health Analytics,Mumbai,Info Edge,Seed,339000.0,2021-03-06
Ola,Media,Content,Hyderabad,Bessemer Venture Partners,Angel,99000.0,2021-03-05
FoodLoop,E-commerce,D2C,Kolkata,Kedaara Capital,Pre-Seed,25000.0,2021-03-05
BlueTech,Mobility,Ride Sharing,Kolkata,"Bessemer Venture Partners, Zodius Capital",Bridge,1333000.0,2021-03-05
CloudSolutions,EdTech,Test Prep,Bengaluru,"Accel, LCatterton, Mirae Asset",Angel,8000.0,2021-03-03
FoodFit,EdTech,Coding Bootcamp,Mumbai,Kalaari Capital,Pre-Seed,158000.0,2021-03-02
NextStack,Consumer Electronics,Wearables,Delhi,"Lightspeed India, Zodius Capital",Series A,3110000.0,2021-02-27
Meesho,Enterprise,Automation,Chennai,"IFC, Zodius Capital",Series D,55224000.0,2021-02-25
BlueRise,FoodTech,Food Delivery,Bengaluru,Ventures India,Series B,5546000.0,2021-02-25
MediHive,E-commerce,Grocery,Bengaluru,"Accel, Bessemer Venture Partners, Kalaari Capital",Pre-Series A,411000.0,2021-02-24
WorkPay,Enterprise,Automation,Kolkata,"Accel, Falcon Edge, Omidyar Network",Seed,319000.0,2021-02-24
HealthWorks,Consumer Electronics,Wearables,Gurugram,"Omidyar Network, Peak XV, Sequoia Capital India",Seed,980000.0,2021-02-22
Porter,Retail,E-Retail,Kolkata,Zodius Capital,Seed,255000.0,2021-02-13
NextFlow,E-commerce,Quick Commerce,Bengaluru,Ribbit Capital,Bridge,376000.0,2021-02-12
Bounce,Enterprise,Analytics,Hyderabad,Sequoia Capital India,Seed,1762000.0,2021-02-11
WorkFit,Logistics,Last Mile,Bengaluru,"Info Edge, LCatterton, Nexus Venture Partners",Debt,5995000.0,2021-02-08
Zepto,Media,Content,Mumbai,SoftBank Vision Fund,Angel,5000.0,2021-02-07
HomeAnalytics,E-commerce,D2C,Bengaluru,"Bessemer Venture Partners, Falcon Edge",Series A,1458000.0,2021-02-03
Udaan,Enterprise,Security,Bengaluru,"Falcon Edge, Tiger Global Management",Series A,5402000.0,2021-02-03
EduMart,EdTech,UpSkilling,Kolkata,Prosus Ventures,Angel,37000.0,2021-02-01
ClearDekho,EdTech,Coding Bootcamp,Gurugram,Bessemer Venture Partners,Seed,79000.0,2021-01-31
FreshTech,Retail,Grocery,Gurugram,Elevation Capital,Seed,363000.0,2021-01-29
AgriFit,Enterprise,Automation,Hyderabad,Elevation Capital,Series A,6512000.0,2021-01-28
Byju's,E-commerce,Marketplace,Delhi,Y Combinator,Series C,31376000.0,2021-01-27
AgriHive,EdTech,Coding Bootcamp,Noida,"Falcon Edge, IFC",Seed,157000.0,2021-01-25
HyperLabs,Mobility,Ride Sharing,Chennai,Tiger Global,Angel,29000.0,2021-01-24
Dailyhunt,Mobility,EV,Noida,"Blume Ventures, Y Combinator",Series B,13131000.0,2021-01-23
NoBroker,Mobility,Ride Sharing,Kolkata,Zodius Capital,Seed,111000.0,2021-01-18
WorkFit,SaaS,B2B SaaS,Gurugram,Kedaara Capital,Seed,343000.0,2021-01-09
Porter,E-commerce,Grocery,Delhi,Ventures India,Seed,500000.0,2021-01-09
AeroAnalytics,Media,Streaming,Kolkata,"Kalaari Capital, Tiger Global",Seed,266000.0,2021-01-08
NextSense,AgriTech,Smart Farming,Ahmedabad,Y Combinator,Series B,34916000.0,2021-01-06
Innovaccer,Mobility,EV,Bengaluru,SoftBank Vision Fund,Pre-Series A,140000.0,2021-01-04
HealthWorks,E-commerce,Fashion,Bengaluru,Ventures India,Seed,103000.0,2021-01-03
Delhivery,FoodTech,Grocery,Delhi,"Info Edge, Ventures India",Pre-Series A,313000.0,2021-01-02
UrbanStack,Consumer Electronics,Wearables,Chennai,A91 Partners,Angel,65000.0,2021-01-01
LogiSense,EdTech,Coding Bootcamp,Delhi,"LCatterton, Omidyar Network",Series A,1553000.0,2020-12-29
NoBroker,SaaS,DevTools,Delhi,LCatterton,Seed,205000.0,2020-12-26
CloudSolutions,E-commerce,Quick Commerce,Kolkata,Y Combinator,Series B,68288000.0,2020-12-25
Delhivery,AgriTech,Marketplace,Delhi,Y Combinator,Series A,1113000.0,2020-12-25
ShareChat,FinTech,Payments,Gurugram,LCatterton,Seed,234000.0,2020-12-22
NeoSense,Consumer Electronics,Smart Home,Chennai,"LCatterton, SoftBank Vision Fund",Seed,379000.0,2020-12-20
PhonePe,FoodTech,Grocery,Noida,Elevation Capital,Pre-Seed,38000.0,2020-12-14
FarmBox,Real Estate,Home Services,Noida,"Accel, Blume Ventures, IFC",Seed,1411000.0,2020-12-14
FreshTech,Media,Social,Hyderabad,Falcon Edge,Seed,679000.0,2020-12-13
HomeFoods,Consumer Electronics,Audio,Hyderabad,Kalaari Capital,Series B,7389000.0,2020-12-11
Cars24,FinTech,WealthTech,Gurugram,"A91 Partners, Bessemer Venture Partners",Series A,1150000.0,2020-12-10
Zomato,Enterprise,Automation,Bengaluru,"Lightspeed India, Nexus Venture Partners, Y Combinator",Series A,6169000.0,2020-12-08
Postman,HealthTech,Pharmacy,Hyderabad,"Kedaara Capital, Peak XV",Series A,4358000.0,2020-12-06
BharatPe,HealthTech,Telemedicine,Ahmedabad,LCatterton,Seed,361000.0,2020-12-06
Porter,FinTech,WealthTech,Mumbai,"Blume Ventures, Matrix Partners India",Series B,25728000.0,2020-12-02
Udaan,EdTech,K12,Bengaluru,"LCatterton, Mirae Asset, Nexus Venture Partners",Series A,3074000.0,2020-11-30
EduTech,Consumer Electronics,Smart Home,Noida,Ventures India,Seed,798000.0,2020-11-30
Unacademy,FinTech,Payments,Chennai,"Elevation Capital, Kedaara Capital, Prosus Ventures",Debt,26070000.0,2020-11-26
HealthAnalytics,FoodTech,Food Delivery,Pune,"Lightspeed India, Mirae Asset, Prosus Ventures",Angel,8000.0,2020-11-24
Chargebee,Retail,E-Retail,Kolkata,Tiger Global Management,Angel,84000.0,2020-11-15
Razorpay,AgriTech,Marketplace,Kolkata,Bessemer Venture Partners,Series B,25663000.0,2020-11-13
GrowthConnect,Retail,Fashion,Delhi,Blume Ventures,Series A,14428000.0,2020-11-11
GreenMart,E-commerce,Marketplace,Ahmedabad,"Kalaari Capital, Ventures India",Angel,81000.0,2020-11-11
FoodLoop,HealthTech,Pharmacy,Noida,Prosus Ventures,Series B,29557000.0,2020-11-09
EduMart,Consumer Electronics,Smart Home,Ahmedabad,Tiger Global Management,Series B,18181000.0,2020-11-04
Swiggy,Mobility,Micro Mobility,Kolkata,Kalaari Capital,Series B,17686000.0,2020-10-31
Dunzo,E-commerce,Marketplace,Hyderabad,"Lightspeed India, Nexus Venture Partners",Seed,788000.0,2020-10-30
CloudPay,SaaS,DevTools,Pune,"Kedaara Capital, Nexus Venture Partners",Seed,1612000.0,2020-10-29
HyperLabs,FinTech,WealthTech,Noida,"Kalaari Capital, LCatterton, Ribbit Capital",Series A,1932000.0,2020-10-27
NextFlow,Enterprise,Automation,Delhi,Lightspeed India,Seed,1741000.0,2020-10-26
CoreFlow,EdTech,K12,Pune,"Peak XV, Y Combinator",Pre-Seed,105000.0,2020-10-25
Chargebee,Real Estate,Home Services,Delhi,"Bessemer Venture Partners, Kedaara Capital, Prosus Ventures",Series A,1068000.0,2020-10-25
PharmEasy,FoodTech,Grocery,Chennai,"IFC, Sequoia Capital India",Series A,2134000.0,2020-10-24
Dailyhunt,E-commerce,Grocery,Kolkata,"IFC, Tiger Global Management",Pre-Seed,26000.0,2020-10-22
CoreConnect,Retail,Fashion,Delhi,"Info Edge, Prosus Ventures",Bridge,208000.0,2020-10-19
MediHive,Consumer Electronics,Audio,Gurugram,Nexus Venture Partners,Seed,126000.0,2020-10-16
Zomato,EdTech,UpSkilling,Noida,"A91 Partners, Bessemer Venture Partners, Blume Ventures",Seed,782000.0,2020-10-16
MediWorks,Retail,Fashion,Delhi,"A91 Partners, Blume Ventures",Series C,42389000.0,2020-10-14
UrbanDrive,Mobility,EV,Chennai,"Falcon Edge, Kedaara Capital, Tiger Global Management",Series C,132064000.0,2020-10-13
Ola,SaaS,B2B SaaS,Kolkata,"A91 Partners, Kalaari Capital, SoftBank Vision Fund",Angel,14000.0,2020-10-12
BlueSpace,Consumer Electronics,Smart Home,Ahmedabad,"Ribbit Capital, Ventures India",Seed,1346000.0,2020-10-10
EduMart,AgriTech,Smart Farming,Kolkata,Info Edge,Seed,76000.0,2020-10-04
Paytm,HealthTech,Diagnostics,Pune,Mirae Asset,Seed,288000.0,2020-10-02
DataHive,AgriTech,Smart Farming,Bengaluru,"LCatterton, Omidyar Network, Sequoia Capital India",Angel,18000.0,2020-09-30
Groww,Mobility,Ride Sharing,Pune,"A91 Partners, IFC",Angel,46000.0,2020-09-27
EduTech,Mobility,EV,Pune,SoftBank Vision Fund,Growth,288051000.0,2020-09-27
LogiSense,Logistics,Supply Chain,Chennai,"IFC, Y Combinator",Seed,326000.0,2020-09-27
Porter,FoodTech,Food Delivery,Mumbai,Mirae Asset,Seed,80000.0,2020-09-25
NimbusWorks,FoodTech,Food Delivery,Kolkata,"Prosus Ventures, Zodius Capital",Seed,1631000.0,2020-09-25
Flipkart,E-commerce,Quick Commerce,Bengaluru,"Accel, Lightspeed India",Pre-Series A,788000.0,2020-09-23
NoBroker,E-commerce,Grocery,Delhi,Peak XV,Series B,50620000.0,2020-09-17
UrbanStack,E-commerce,Grocery,Gurugram,"Falcon Edge, Mirae Asset, Y Combinator",Angel,9000.0,2020-09-15
SkillSolutions,Consumer Electronics,Smart Home,Chennai,"Omidyar Network, Sequoia Capital India, Y Combinator",Series B,16426000.0,2020-09-10
MobiKwik,E-commerce,Fashion,Bengaluru,"Ventures India, Y Combinator",Seed,227000.0,2020-09-10
FoodSolutions,Consumer Electronics,Smart Home,Delhi,Kalaari Capital,Series A,1372000.0,2020-09-05
WorkStack,SaaS,HRTech,Pune,IFC,Pre-Seed,27000.0,2020-09-05
Freshworks,E-commerce,D2C,Ahmedabad,"Lightspeed India, Zodius Capital",Seed,805000.0,2020-09-04
AeroAnalytics,Enterprise,Automation,Delhi,"Falcon Edge, Sequoia Capital India, SoftBank Vision Fund",Series A,14864000.0,2020-09-03
Urban Company,Real Estate,PropTech,Gurugram,Mirae Asset,Series A,13274000.0,2020-08-18
NimbusLabs,HealthTech,Health Analytics,Hyderabad,Blume Ventures,Seed,407000.0,2020-08-18
NimbusWorks,Logistics,Last Mile,Noida,Bessemer Venture Partners,Seed,447000.0,2020-08-17
CloudPay,FinTech,NeoBank,Bengaluru,"Blume Ventures, Info Edge",Seed,1116000.0,2020-08-15
MediSpace,Enterprise,Security,Chennai,Falcon Edge,Seed,172000.0,2020-08-14
Delhivery,Consumer Electronics,Audio,Pune,"Bessemer Venture Partners, Omidyar Network",Seed,52000.0,2020-08-12
NimbusWorks,FoodTech,Cloud Kitchen,Noida,"Info Edge, Prosus Ventures",Series C,80168000.0,2020-08-10
NeoLabs,EdTech,Coding Bootcamp,Delhi,A91 Partners,Series B,25052000.0,2020-08-10
NimbusWorks,AgriTech,Marketplace,Hyderabad,"Tiger Global, Tiger Global Management",Seed,163000.0,2020-08-09
FoodFit,Media,Content,Delhi,Nexus Venture Partners,Seed,99000.0,2020-08-08
LogiMart,Consumer Electronics,Smart Home,Ahmedabad,Elevation Capital,Seed,950000.0,2020-08-07
Cars24,FinTech,Payments,Hyderabad,Elevation Capital,Series A,5935000.0,2020-08-07
UrbanDrive,Media,Social,Chennai,Lightspeed India,Seed,172000.0,2020-08-06
DataEdge,E-commerce,Grocery,Hyderabad,"Falcon Edge, Sequoia Capital India",Growth,160008000.0,2020-08-05
SkillFlow,EdTech,K12,Ahmedabad,Info Edge,Seed,521000.0,2020-08-04
SkillFlow,Media,Social,Chennai,"Kedaara Capital, Nexus Venture Partners",Series D,177214000.0,2020-08-02
Paytm,EdTech,Test Prep,Kolkata,Tiger Global,Series B,7671000.0,2020-07-30
HomeMart,AgriTech,Smart Farming,Bengaluru,"IFC, Info Edge, Kalaari Capital",Seed,1639000.0,2020-07-29
FinSense,FinTech,InsurTech,Pune,"Elevation Capital, IFC, Zodius Capital",Series A,1903000.0,2020-07-29
GreenEdge,Real Estate,Rental Tech,Ahmedabad,Falcon Edge,Pre-Series A,671000.0,2020-07-28
Bounce,Retail,Fashion,Mumbai,Ribbit Capital,Series B,6917000.0,2020-07-26
MediHive,Media,Social,Chennai,"Accel, Mirae Asset",Pre-Series A,446000.0,2020-07-26
GreenConnect,AgriTech,Supply Chain,Mumbai,IFC,Series A,7635000.0,2020-07-25
Dream11,Consumer Electronics,Audio,Ahmedabad,"Bessemer Venture Partners, Omidyar Network, Sequoia Capital India",Pre-Seed,52000.0,2020-07-23
Groww,FinTech,InsurTech,Ahmedabad,Falcon Edge,Debt,374000.0,2020-07-23
NeoLabs,SaaS,HRTech,Noida,Blume Ventures,Seed,613000.0,2020-07-21
BlueTech,FinTech,Payments,Mumbai,"Accel, Info Edge",Pre-Seed,53000.0,2020-07-19
BlueRise,SaaS,DevTools,Mumbai,Ventures India,Seed,64000.0,2020-07-19
DriveLoop,Enterprise,Automation,Ahmedabad,Lightspeed India,Series A,9076000.0,2020-07-17
InMobi,E-commerce,D2C,Kolkata,Elevation Capital,Seed,181000.0,2020-07-17
FinSpace,Retail,Fashion,Ahmedabad,"Info Edge, Nexus Venture Partners, Tiger Global Management",Series A,4765000.0,2020-07-14
Myntra,Enterprise,Automation,Ahmedabad,"Ribbit Capital, Sequoia Capital India",Series C,28289000.0,2020-07-14
Cars24,SaaS,HRTech,Chennai,Sequoia Capital India,Series B,41297000.0,2020-07-13
EduTech,Media,Streaming,Pune,SoftBank Vision Fund,Angel,23000.0,2020-07-09
HomeAnalytics,Logistics,Last Mile,Bengaluru,Peak XV,Pre-Seed,64000.0,2020-07-07
ClearDekho,HealthTech,Health Analytics,Noida,Lightspeed India,Series A,2168000.0,2020-07-07
Myntra,E-commerce,Quick Commerce,Bengaluru,"Kalaari Capital, LCatterton, Ribbit Capital",Seed,181000.0,2020-07-01
HomeMart,Consumer Electronics,Wearables,Noida,Y Combinator,Series A,5696000.0,2020-06-28
ShareChat,Media,Streaming,Chennai,Nexus Venture Partners,Series C,91037000.0,2020-06-28
BharatPe,AgriTech,Supply Chain,Hyderabad,"Blume Ventures, Mirae Asset",Series B,7709000.0,2020-06-25
FarmBox,FinTech,InsurTech,Noida,Matrix Partners India,Series C,27201000.0,2020-06-19
GrowthCare,Media,Social,Kolkata,"Kedaara Capital, Ventures India",Series A,1560000.0,2020-06-19
NimbusLabs,Consumer Electronics,Wearables,Kolkata,"Sequoia Capital India, Ventures India",Series A,1260000.0,2020-06-18
GrowthFlow,EdTech,UpSkilling,Mumbai,Zodius Capital,Pre-Series A,198000.0,2020-06-17
BlueSpace,FoodTech,Food Delivery,Chennai,"A91 Partners, Sequoia Capital India",Seed,341000.0,2020-06-16
Practo,Retail,E-Retail,Gurugram,Matrix Partners India,Seed,66000.0,2020-06-15
GreenConnect,FoodTech,Grocery,Delhi,"IFC, Ribbit Capital",Seed,309000.0,2020-06-10
QuantumSolutions,EdTech,Coding Bootcamp,Chennai,"A91 Partners, Info Edge",Series C,289340000.0,2020-06-10
NoBroker,AgriTech,Marketplace,Gurugram,"Kedaara Capital, SoftBank Vision Fund",Seed,304000.0,2020-06-09
Meesho,Retail,E-Retail,Delhi,"Info Edge, Ribbit Capital, Tiger Global Management",Pre-Seed,127000.0,2020-06-09
HomeAnalytics,E-commerce,Fashion,Delhi,Y Combinator,Seed,65000.0,2020-06-08
QuantumDrive,EdTech,Coding Bootcamp,Pune,"Falcon Edge, Y Combinator",Seed,670000.0,2020-06-08
Bounce,Media,Social,Bengaluru,Omidyar Network,Seed,226000.0,2020-06-08
MediSpace,HealthTech,Health Analytics,Kolkata,SoftBank Vision Fund,Growth,62547000.0,2020-06-02
Groww,SaaS,DevTools,Chennai,"Peak XV, Tiger Global Management",Seed,65000.0,2020-06-02
HyperLoop,Enterprise,Automation,Delhi,"Kedaara Capital, Mirae Asset, Sequoia Capital India",Seed,1367000.0,2020-05-26
WorkFit,Real Estate,Home Services,Delhi,"Kedaara Capital, Tiger Global Management, Ventures India",Series A,1883000.0,2020-05-24
DriveEdge,Retail,Fashion,Gurugram,"LCatterton, Prosus Ventures, Ribbit Capital",Pre-Series A,111000.0,2020-05-23
CureFit,HealthTech,Pharmacy,Kolkata,Y Combinator,Series A,6387000.0,2020-05-20
NextSense,Mobility,Ride Sharing,Delhi,"IFC, Kalaari Capital, Peak XV",Seed,54000.0,2020-05-19
Meesho,FinTech,Lending,Hyderabad,Elevation Capital,Seed,201000.0,2020-05-18
LogiRise,AgriTech,Supply Chain,Kolkata,"Ribbit Capital, Tiger Global Management",Seed,1102000.0,2020-05-18
FarmFit,SaaS,HRTech,Bengaluru,Matrix Partners India,Pre-Series A,110000.0,2020-05-18
Byju's,Real Estate,Home Services,Ahmedabad,Kalaari Capital,Pre-Series A,279000.0,2020-05-17
Dream11,Retail,Fashion,Noida,Prosus Ventures,Pre-Seed,187000.0,2020-05-14
Ola,E-commerce,Quick Commerce,Pune,Elevation Capital,Series A,8905000.0,2020-05-14
FreshTech,FoodTech,Grocery,Ahmedabad,Elevation Capital,Seed,598000.0,2020-05-13
SmartMart,Consumer Electronics,Smart Home,Delhi,"Bessemer Venture Partners, Elevation Capital, Info Edge",Series C,125287000.0,2020-05-09
GreenMart,Enterprise,Automation,Mumbai,"Omidyar Network, Tiger Global",Series C,42009000.0,2020-05-06
AgriFit,Logistics,Last Mile,Noida,"Kalaari Capital, Matrix Partners India, Tiger Global Management",Seed,107000.0,2020-05-06
HyperLoop,EdTech,Test Prep,Ahmedabad,"Mirae Asset, SoftBank Vision Fund, Tiger Global",Series B,35610000.0,2020-05-04
Ola,HealthTech,Diagnostics,Delhi,SoftBank Vision Fund,Series C,20605000.0,2020-05-03
Cred,FinTech,WealthTech,Gurugram,"Falcon Edge, Ribbit Capital",Pre-Seed,82000.0,2020-05-03
OYO Rooms,Media,Content,Noida,Matrix Partners India,Seed,216000.0,2020-05-02
AeroAnalytics,Consumer Electronics,Smart Home,Gurugram,"Blume Ventures, Matrix Partners India, Ventures India",Seed,1202000.0,2020-04-30
NimbusWorks,AgriTech,Supply Chain,Hyderabad,SoftBank Vision Fund,Seed,833000.0,2020-04-29
HealthWorks,Media,Content,Pune,"Matrix Partners India, Tiger Global",Series C,245913000.0,2020-04-29
BlueTech,Consumer Electronics,Wearables,Delhi,Info Edge,Seed,514000.0,2020-04-28
Postman,Retail,Fashion,Hyderabad,"Peak XV, Tiger Global, Y Combinator",Seed,108000.0,2020-04-23
QuantumSolutions,HealthTech,Telemedicine,Kolkata,SoftBank Vision Fund,Series C,81514000.0,2020-04-23
BlueTech,HealthTech,Health Analytics,Noida,Falcon Edge,Angel,26000.0,2020-04-23
CloudPay,EdTech,Test Prep,Kolkata,"Nexus Venture Partners, Peak XV",Series A,7441000.0,2020-04-21
CoreConnect,Enterprise,Analytics,Noida,Falcon Edge,Series A,1369000.0,2020-04-21
Wakefit,HealthTech,Pharmacy,Ahmedabad,"Elevation Capital, Omidyar Network, Prosus Ventures",Growth,411602000.0,2020-04-20
WorkStack,Retail,Grocery,Bengaluru,"Bessemer Venture Partners, Blume Ventures",Seed,1593000.0,2020-04-17
NeoTech,Real Estate,Home Services,Gurugram,"Accel, Lightspeed India, Ribbit Capital",Pre-Series A,103000.0,2020-04-16
Swiggy,FinTech,InsurTech,Ahmedabad,"Ribbit Capital, Tiger Global Management, Zodius Capital",Seed,1019000.0,2020-04-15
MobiKwik,Enterprise,Analytics,Noida,"Blume Ventures, Mirae Asset",Pre-Series A,147000.0,2020-04-14
CloudLabs,EdTech,Test Prep,Gurugram,Kedaara Capital,Pre-Seed,144000.0,2020-04-13
DriveFit,EdTech,K12,Ahmedabad,Mirae Asset,Pre-Series A,771000.0,2020-04-13
ClearDekho,HealthTech,Health Analytics,Bengaluru,"Peak XV, Zodius Capital",Series A,1254000.0,2020-04-09
Razorpay,EdTech,K12,Ahmedabad,Prosus Ventures,Series A,4070000.0,2020-04-05
FarmFit,AgriTech,Supply Chain,Pune,Falcon Edge,Series A,1265000.0,2020-04-04
DataAnalytics,Enterprise,Analytics,Gurugram,"SoftBank Vision Fund, Tiger Global",Series A,3795000.0,2020-04-02
Lenskart,SaaS,MarTech,Ahmedabad,Lightspeed India,Seed,94000.0,2020-04-01
AgriFit,Mobility,Ride Sharing,Mumbai,Sequoia Capital India,Series B,13365000.0,2020-04-01
NeoTech,Consumer Electronics,Wearables,Pune,"Elevation Capital, Kalaari Capital, Lightspeed India",Series A,1592000.0,2020-03-30
GrowthCare,AgriTech,Supply Chain,Chennai,A91 Partners,Pre-Seed,100000.0,2020-03-29
FinSense,Enterprise,Security,Hyderabad,Zodius Capital,Series A,2326000.0,2020-03-27
MediSpace,Retail,E-Retail,Ahmedabad,Lightspeed India,Series C,188760000.0,2020-03-26
SmartTech,HealthTech,Diagnostics,Delhi,A91 Partners,Seed,1416000.0,2020-03-25
HealthRise,Retail,Grocery,Gurugram,"Elevation Capital, Prosus Ventures",Seed,82000.0,2020-03-21
HealthRise,EdTech,Test Prep,Mumbai,Lightspeed India,Seed,404000.0,2020-03-19
DriveEdge,FoodTech,Food Delivery,Kolkata,"Lightspeed India, Y Combinator",Pre-Series A,196000.0,2020-03-18
NextStack,Mobility,Micro Mobility,Pune,"Mirae Asset, Y Combinator",Pre-Seed,192000.0,2020-03-18
DriveEdge,Logistics,Last Mile,Pune,"Omidyar Network, Tiger Global Management, Y Combinator",Seed,200000.0,2020-03-18
NimbusLabs,AgriTech,Marketplace,Noida,"Falcon Edge, Kalaari Capital",Debt,1018000.0,2020-03-16
QuantumAnalytics,Real Estate,Rental Tech,Kolkata,"Ribbit Capital, Tiger Global",Growth,372329000.0,2020-03-14
PhonePe,EdTech,K12,Mumbai,"Kedaara Capital, Omidyar Network",Seed,96000.0,2020-03-09
AutoStack,FinTech,WealthTech,Gurugram,Zodius Capital,Series C,71157000.0,2020-03-07
BlueTech,Real Estate,Home Services,Pune,Mirae Asset,Series A,5750000.0,2020-03-02
DriveEdge,FinTech,Lending,Delhi,Bessemer Venture Partners,Seed,1238000.0,2020-02-29
QuantumSolutions,Mobility,EV,Noida,IFC,Seed,104000.0,2020-02-26
HyperSpace,Media,Social,Mumbai,Y Combinator,Series A,4892000.0,2020-02-24
DataEdge,Mobility,Micro Mobility,Noida,Y Combinator,Pre-Series A,736000.0,2020-02-23
Porter,Retail,E-Retail,Hyderabad,A91 Partners,Seed,1788000.0,2020-02-22
Razorpay,FoodTech,Grocery,Pune,Lightspeed India,Series A,6782000.0,2020-02-22
FarmFit,FinTech,WealthTech,Chennai,"Matrix Partners India, SoftBank Vision Fund",Seed,134000.0,2020-02-19
BigBasket,HealthTech,Health Analytics,Ahmedabad,"Mirae Asset, Nexus Venture Partners",Series B,31619000.0,2020-02-19
HomeFoods,Media,Content,Gurugram,"Omidyar Network, Prosus Ventures",Series D,482361000.0,2020-02-17
SmartTech,Media,Social,Hyderabad,Lightspeed India,Series A,1117000.0,2020-02-16
Postman,Media,Content,Hyderabad,Zodius Capital,Angel,17000.0,2020-02-11
AutoStack,Consumer Electronics,Smart Home,Noida,"A91 Partners, IFC, Kedaara Capital",Seed,264000.0,2020-02-08
Freshworks,FoodTech,Food Delivery,Chennai,"Falcon Edge, Prosus Ventures",Series A,14717000.0,2020-02-04
PhonePe,FinTech,NeoBank,Noida,"Falcon Edge, Kedaara Capital",Pre-Series A,497000.0,2020-02-04
UrbanSolutions,EdTech,UpSkilling,Gurugram,Sequoia Capital India,Seed,70000.0,2020-02-02
GreenEdge,Enterprise,Security,Hyderabad,Peak XV,Bridge,1769000.0,2020-02-01
Dailyhunt,Media,Social,Gurugram,"Kalaari Capital, Lightspeed India",Seed,810000.0,2020-01-31
Dailyhunt,FinTech,Payments,Hyderabad,"Falcon Edge, IFC, Ventures India",Series B,48819000.0,2020-01-26
Bounce,AgriTech,Marketplace,Pune,Kalaari Capital,Growth,556750000.0,2020-01-26
HyperSpace,Real Estate,PropTech,Mumbai,"Info Edge, Ribbit Capital",Series A,1969000.0,2020-01-18
HealthAnalytics,Logistics,Supply Chain,Mumbai,Lightspeed India,Series A,1303000.0,2020-01-17
FreshBox,FoodTech,Cloud Kitchen,Chennai,Sequoia Capital India,Seed,95000.0,2020-01-14
UrbanStack,Retail,Fashion,Gurugram,"IFC, Lightspeed India, Ventures India",Pre-Seed,43000.0,2020-01-09
CoreConnect,Enterprise,Security,Kolkata,"LCatterton, SoftBank Vision Fund, Tiger Global",Series B,21321000.0,2020-01-03
AutoStack,FinTech,InsurTech,Delhi,Prosus Ventures,Series B,18981000.0,2020-01-02
PharmEasy,AgriTech,Supply Chain,Bengaluru,LCatterton,Series A,4382000.0,2020-01-02
Byju's,E-Tech,E-learning,Bengaluru,Tiger Global Management,Private Equity Round,200000000.0,2020-09-01
Shuttl,Transportation,App based shuttle service,Gurugram,Susquehanna Growth Equity,Series C,8048394.0,2020-01-13
Mamaearth,E-commerce,Retailer of baby and toddler products,Bengaluru,Sequoia Capital India,Series B,18358860.0,2020-09-01
Wealthbucket,FinTech,Online Investment,Delhi,Vinod Khatumal,Pre-series A,3000000.0,2020-02-01
Fashor,Fashion and Apparel,Embroiled Clothes For Women,Mumbai,Sprout Venture Partners,Seed Round,1800000.0,2020-02-01
Pando,Logistics,"Open-market, freight management platform",Chennai,Chiratae Ventures,Series A,9000000.0,2020-01-13
Zomato,Hospitality,Online Food Delivery Platform,Gurugram,Ant Financial,Private Equity Round,150000000.0,2020-10-01
Ecozen,Technology,Agritech,Pune,Sathguru Catalyzer Advisors,Series A,6000000.0,2019-12-12
CarDekho,E-commerce,Automobile,Gurugram,Ping An Global Voyager Fund,Series D,70000000.0,2019-06-12
Dhruva Space,Aerospace,Satellite Communication,Bengaluru,"Mumbai Angels, Ravikanth Reddy",Seed,50000000.0,2019-03-12
Rivigo,Technology,Logistics Services and Solutions,Gurugram,"SAIF Partners, Spring Canter Investment Ltd.",Series F,20000000.0,2019-12-13
Healthians,B2B-focused foodtech startup,Food Solutions For Corporate,Bengaluru,"Paytm, NPTK, Sabre Partners and Neoplux",Series C,12000000.0,2019-12-17
Licious,E-commerce,Online Meat And Seafood Ordering Startup,Bengaluru,Vertex Growth Fund,Series E,30000000.0,2019-12-16
InCred,Finance,Non-Banking Financial Company,Mumbai,Unknown,Debt Funding,5900000.0,2019-12-16
Trell,Video,Experience Discovery Platform,Bengaluru,Ruizheng Investment,Seed Round,2000000.0,2019-12-14
Rein Games,Gaming,Real money based gaming startup,Noida,Manipal Education and Medical Group (MEMG),Seed Round,50000000.0,2019-11-12
Lenskart,E-commerce,Online Eyewear Shopping Portal,Faridabad,SoftBank Vision Fund,Series G,231000000.0,2019-12-20
Freshworks,Software,Business and customer engagement tools,San Francisco,"Sequoia, CapitalG, Accel",Series H,150000000.0,2019-11-13
Misters,Health and wellness,Men's Health and Wellness brand,Gurugram,"Sauce.vc, Rainforest Ventures",Series B,486000.0,2019-11-14
Sunstone Eduversity,Education,Elearning,Gurugram,"Prime Venture Partners, LetsVenture, PS1 Venture and GlobalLogic co-founder Rajul Garg",Seed,1500000.0,2019-11-13
Burger Singh,Food and Beverage,Indian Burger Brand,Gurugram,RB Investments,Venture,500000.0,2019-11-17
Healthians,Health and Wellness,Healthcare services,Gurugram,"DG Daiwa Ventures, DG Incubation",Series B,12000000.0,2019-11-18
Ninjacart,B2B Marketing,Agritech,Bengaluru,Trifecta Capital Advisors,Debt Funding,26000000.0,2019-11-15
Aye Finance,FinTech,Financial Services To MSMEs,Gurugram,FinTech,Debt Funding,17411265.0,2019-11-20
SuperGaming,Gaming,Social gaming platform,Pune,Dream Incubator,Seed Funding,1300000.0,2019-12-11
Clumio,SaaS,Recovery software,San Jose,"Altimeter Capital, Sutter Hill Ventures",Series C,135000000.0,2019-11-20
eBikeGo,Last Mile Transportation,Electric bike rental,Amritsar,Startup Buddy,Seed,300000.0,2019-11-11
Digital Mall Asia,E-commerce,Virtual e-commerce platform,Delhi,Amour Infrastructure,Seed Funding,220000000.0,2019-11-19
Medikabazaar,Healthcare,B2B platform for medical supplies,Mumbai,"Ackermans & van Haaren, HealthQuad, Rebright Partners, Toppan Printing",Series B,15800000.0,2019-11-18
Vogo Automotive,Last Mile Transportation,Scooter sharing app,Bengaluru,"Matrix Partners, Stellaris Venture Partners, Kalaari Capital",Series B,283000000.0,2019-11-15
Furtados School of Music,Education,Music Education,Tulangan,IAN Fund and DSG Consumer Partners,Not Know,200000000.0,2019-11-19
Paytm,FinTech,Mobile Wallet,Noida,Vijay Shekhar Sharma,Funding Round,1000000000.0,2019-11-25
Dunzo,Customer Service,Delivery Service,Bengaluru,Lightbox,Series D,45000000.0,2019-04-10
Udaan,B2B,Business development,Bengaluru,"Altimeter Capital, DST Global",Series D,585000000.0,2019-02-10
The Man Company,Consumer Goods,Beauty and Grooming,Gurugram,Ayushmann Khurana,Corporate Round,20770463.751474757,2019-10-21
FPL Technologies,FinTech,Financial Services,Pune,"Matrix Partners India, Sequoia India",Maiden Round,4500000.0,2019-05-09
Cashflo,FinTech,Invoice discounting platform and SME lending marketplace,Mumbai,SAIF Partners,Series A,3300000.0,2019-04-09
Digital F5,"Advertising, Marketing",Digital marketing firm,Mumbai,TIW Private Equity,Private Equity Round,6000000.0,2019-04-09
3rdFlix,SaaS,Education Technology,Hyderabad,Exfinity Venture Partners,pre-series A,5000000.0,2019-04-09
75F,IoT,Building automation system,Burnsville,Breakthrough Energy Ventures,Series A,18000000.0,2019-04-09
Myelin Foundry,Information Technology,Deep-technology,Bengaluru,Endiya Partners,Seed,1000000.0,2019-04-09
Atomberg Technology,Consumer Technology,"Consumer Electronics, Home Appliances",Mumbai,A91 Partners,Series A,10000000.0,2019-04-09
GOQii,Health and Wellness,Wearable Fitness Bands,Menlo Park,Bennett Coleman and Company Ltd (BCCL),Series C,450000000.0,2019-04-09
Vyapar App,Accounting,Mobile-based Accounting Software,Bengaluru,"India Quotient, Axilor Ventures",Series A,5000000.0,2019-03-09
CarDekho,E-commerce,Automotive,Gurugram,SC GG India Mobility Holdings LLC,Series C,20000000.0,2019-01-08
Progcap,Finance,Supply Chain Management,Delhi,Sequoia India,Series A,5000000.0,2019-01-08
MyPetrolPump,Retail,Fuel Delivery,Bengaluru,Unknown,Seed Funding Round,1600000.0,2019-01-08
Alteria Capital,Finance,VC Funds,Mumbai,"Azim Premji, Binny Bansal",Single Venture,140000000.0,2019-01-08
Pine Labs,Information Technology,Last-mile retail transaction technology,Noida,Pine Labs Pte Ltd,Corporate Round,38080000.0,2019-01-08
Meesho,E-commerce,Social Commerce,Bengaluru,Naspers,Series D,125000000.0,2019-12-08
Cars24,E-commerce,Car Retail,Gurugram,MS Dhoni,Series D,11000000.0,2019-08-13
Uniphore,Customer Service Platform,Conversational AI,Palo Alto,March Capital Partners,Series C,51000000.0,2019-08-13
ZenDrive,Automotive,Road Safety Analytics,San Francisco,XL Innovate,Series B,37000000.0,2019-08-23
Lo! Foods,Consumer Goods,Low carb food for Diabetics,Bengaluru,"Rashmi Daga (founder, FreshMenu), Raveen Sastry (co-founder, Myntra) and Mitesh Shah (finance chief, BookMyShow)",Seed Round,500000.0,2019-08-23
Tala,FinTech,Digital Lending Platform,Santa Monica,RPS Ventures,Series D,110000000.0,2019-08-23
INDwealth,FinTech,Wealth Management,Gurugram,Tiger Global Management,Venture Round,15000000.0,2019-08-22
HungerBox,Food and Beverage,B2B Foodtech,Bengaluru,One97 Communications Ltd.,Series C,6590000.0,2019-08-21
AdmitKard,EdTech,University Admissions,Noida,Growth DNA,Seed Round,1000000.0,2019-08-23
Mishry Reviews,Services,Product Review,Gurugram,Vir Sanghvi,Series A,20770463.751474757,2019-08-19
Grofers,E-commerce,Grocery Delivery,Gurugram,Softbank Vision Fund,Series F,70000000.0,2019-08-19
Rapido Bike Taxi,Transportation,Bike Taxi,Bengaluru,Westbridge Capital,Series B,3900000000.0,2019-08-27
RenewBuy,Finance,Auto Insurance,Gurugram,"Lok Capital, IIFL Wealth",Series B,19000000.0,2019-02-07
Atlan,Information Technology,Big Data,Singapore,WaterBridge Ventures,Pre-Series A,2500000.0,2019-02-07
WizCounsel,Compliance,Consulting,Delhi,Kapil Dev,Angel,145000.0,2019-01-07
Ola,Transport,Cabs,Bengaluru,"DIG Investment Ab, Deshe Holdings, Samih Toukan and Hussam Khoury",Series J,1000000.0,2019-03-07
Uniphore,Artificial Intelligence,Speech Recognition,Chennai,March Capital Partners,Series C,38080000.0,2019-01-07
Daalchini Technologies,Food and Beverage,Digital Vending Machine,Delhi,Artha Venture,Seed Round,500000.0,2019-04-07
Byju's,EdTech,Education,Bengaluru,Qatar Investment Authority,Private Equity Round,150000000.0,2019-10-07
Moglix,E-commerce,Industrial Tools and Equipments,Singapore,"Composite Capital Management, Sequoia Capital India, Tiger Global Management",Series D,60000000.0,2019-11-07
Ezyhaul,Technology,Logistics,Singapore,Undisclosed Investors,Series B,16000000.0,2019-10-07
Indus OS,Technology,Smartphone Operating System,Mumbai,Ventureast,Series B,5750000.0,2019-10-07
HealthAssure,Healthcare,Primary care medical network,Mumbai,Blume Ventures,Series A,2500000.0,2019-10-07
House of Msasaba,Luxury Label,Clothes and Apparel,Mumbai,Binny Bansal,Series A,1000000.0,2019-09-07
Board Infinity,EdTech,Full-stack career platform,Mumbai,Multiple Angel Investors,Angel Round,319605.0,2019-08-07
NoBroker,E-commerce,Real Estate,Bengaluru,General Atlantic,Series C,51000000.0,2019-05-06
Bira91,Food and Beverage,Brewery,Delhi,Anicut Capital,Debt Funding,10000000.0,2019-04-06
FabHotels,E-commerce,Hospitality,Gurugram,"Goldman Sachs, Accel Partners and Qualcomm",Private Equity,4889975.54,2019-03-06
Avail Finance,Finance,FinTech,Bengaluru,Matrix Partners,Series A,9000000.0,2019-03-06
BharatPe,Finance,FinTech,Delhi,Insight Partners,Series B,75000000.0,2019-04-06
Recykal,Waste Management Service,Optimization,Hyderabad,"Triton Investment Advisors, Pidilite Industries director Ajay Parekh",pre-Series A,26000000.0,2019-04-06
Agara Labs,Deep-Tech,Artificial Intelligence,Bengaluru,Blume Ventures and RTP Global,pre-Series A,2500000.0,2019-03-06
Sistema.bio,Agriculture,Hybrid Reactor Biodigestor,Nairobi,"Shell Foundation, DILA CAPITAL, Engie RDE Fund, EcoEnterprise Fund, EDFIMC (ElectriFI), Endeavor Catalyst Fund, CoCapital, Triodos, Alpha Mundi, and Lendahand",Not Know,2739034.68,2019-06-06
Chakr Innovation,Energy,Renewable Energy,Delhi,IAN Fund,Series A,26000000.0,2019-06-06
Pratilipi,Digital Media,E-Books,Bengaluru,Qiming Venture Partners,Series B,15109500.0,2019-06-06
Bolo App,Digital Media,Video Platform,Bengaluru,Nexus Venture Partners,Seed Funding,430200.0,2019-10-06
OkCredit,FinTech,Financial Services,Gurugram,Tiger Global Management,Series A,15500000.0,2019-10-06
Biz2Credit,FinTech,Online Lending Platform,New York,WestBridge Capital,Series B,52000000.0,2019-06-06
Vogo Automotive,Transportation,Dockless Scooter Rental Company,Bengaluru,Alteria Capital,Debt Funding,3584000.0,2019-08-06
Leegality,Services,Digital Documentation,Mumbai/Bengaluru,Mumbai Angels,Series A,3400000.0,2019-04-06
Ola Electric,Transport,Cabs,Bengaluru,Tata Sons,Series A,20770463.751474757,2019-06-05
Saahas Zero Waste,Waste Management Service,Optimization,Bengaluru,C4D Partners,Venture - Series,868600.0,2019-06-05
StyleDotMe,E-commerce,Fashion and Shopping,Delhi,"Indian Angel Network and other angel investors, Innov8 founder Ritesh Malik, Josh Talks founders Supriya Paul and Shobha Banga, and former Hero Corporate president Rohit Chanana",Bridge Round,20770463.751474757,2019-05-05
BlackBuck,Transport,Logistics,Bengaluru,"Goldman Sachs Investment Partners and Silicon Valley-based Accel, Wellington, Sequoia Capital, B Capital, LightStreet, Sands Capital and International Finance Corporation",Series D,150000000.0,2019-01-05
Zenoti,SaaS,Beauty and Wellness Industry,Hyderabad,Tiger Global Management,Series C,50000000.0,2019-02-05
Ather Energy,Automotive,Electric Vehicle,Bengaluru,Sachin Bansal,Series C,51000000.0,2019-05-28
FreshVnF,AgriTech,Fresh Agriculture Produces,Mumbai,Equanimity Ventures,Seed Round,140000000.0,2019-05-28
GlowRoad,E-commerce,Retail,Bengaluru,"Korea Investment Partners, Vertex Ventures",Series B,11500000.0,2019-05-30
Bira91,Food and Beverage,Brewery,Delhi,Sixth Sense Ventures,Series B,5600000.0,2019-05-31
Kuvera,Finance,Wealth Management,Bengaluru,Eight Roads,Series A,45000000.0,2019-04-16
Medlife,E-commerce,Online Medicine,Bengaluru,Prasid Uno Family Trust,Private Equity,17000000.0,2019-12-04
Kabadiwala,E-commerce,Waste Management,Bhopal,"Unilever, Beehive Capital Advisor, ABCOM Investments, Parekh Marine Transport",Private Equity,430665.0,2019-10-04
Tripoto,Social Media,Travel,Delhi,"Orchid India, Hornbill Orchid India Fund, Chiratae Ventures (formerly IDG Ventures), 3one4 Capital, Lasmer NV",Series B,3591375.0,2019-04-13
Azah,Health and Wellness,Organic wellness,Gurugram,Unnamed angel investors,Seed Funding,200000.0,2019-12-04
Setu,FinTech,Banking,Bengaluru,Lightspeed India Partners,Seed Funding,3500000.0,2019-11-04
Toppr,EdTech,E-learning,Mumbai,Milestone,Debt and Preference capital,6320820.0,2019-10-04
Craftsvilla,E-commerce,Fashion and Apparel,Mumbai,Supera Pte Ltd,Inhouse Funding,2443495.0,2019-10-04
Unacademy,EdTech,E-learning,Bengaluru,Kalyan Krishnamurthy,Seed / Angel Funding,307000.0,2019-10-04
CleverTap,SaaS,Mobile analytics and marketing,Mumbai,"Sequoia India, Tiger Global Management, Accel Partners",Series B,26000000.0,2019-11-04
My Healthcare,E-commerce,Software Solutions,Bengaluru and Gurugram,Sixth Sense Ventures,Series A,3000000.0,2019-04-19
KrazyBee,E-commerce,Lending Platform,Bengaluru,"BAC Acquisitions, Unifi AIF, BRD Securities, Northern R Capital",Debt,5000000.0,2019-04-19
Shuttl,Transportation,Bus Aggregation,Gurugram,New Atlantic Ventures,Venture Round,5000000.0,2019-04-17
Increff,Technology,Supply-chain technology solutions,Bengaluru,"021 Capita, Binny Bansal",Series A,3000000.0,2019-04-17
FleetX,Artificial Intelligence,Logistics,Gurugram,India Quotient and LetsVenture's Angel Fund,Pre Series A,20770463.751474757,2019-01-02
Zilingo,E-commerce,Fashion & Apparel,India/Singapore,"Sequoia Capital and Temasek Holdings, EDBI, Burda Principal Investments, and Sofina",Series D,226000000.0,2019-08-02
NanoClean Global,Nanotechnology,Anti-Pollution,Delhi,"LetsVenture, PitchRight Venture, 91SpringBoard, AL Nour International Holdings and Mark V Investments",Series A,600000.0,2019-02-13
OYO Rooms,Hospitality,Budget Rooms,Gurugram,DiDi Chuxing,Equity,100000000.0,2018-02-14
CarDekho,Automotive,Online Marketplace,Jaipur,"Sequoia India, Hillhouse Capital, Alphabet's growth investment arm Capital G and Axis Bank",Series C,110000000.0,2019-03-01
Vyome Therapeutics,Health and Wellness,Specialty pharmaceutical,India/US,"Iron Pillar, Perceptive Advisors, Romulus Capital and Kalaari Capital",Series D,22000000.0,2019-04-01
Samunnati Financial Intermediation & Services,Finance,Non-banking financial company,Chennai,"MASSIF, a Dutch government fund",Debt-Funding,5000000.0,2019-04-01
Manch,Social Media,Hyperlocal Content,Delhi,Stellaris Venture Partners,Seed Funding,700000.0,2018-04-12
UrbanClap Technologies,Services Platform,Home services marketplace,Delhi,Steadview Capital and Vy Capital.,Series D,50000000.0,2018-01-12
Guiddoo,Travel Tech,Platform for travel agents,Mumbai,Individual Investors,Pre-Series A,800000.0,2018-02-12
Career Anna,Online Education,"Video-based certification, trainings",Gurugram,Individual Investors,Pre-Series A,572000.0,2018-02-12
Nagpur Wholesale,Online Marketplace,eCommerce,Nagpur,Omphalos Ventures India LLP,Seed Funding,143000.0,2018-04-12
ShopKirana,B2B,eCommerce,Indore,"Info Edge, AET Fund, Akatsuki and Incubate Fund from Japan and Better Capital AngelList syndicate.",Seed Funding,2000000.0,2018-06-12
BuildSupply,"SaaS, Ecommerce","Real Estate, ERP",Gurugram,"Venture Highway, GREE Ventures, Space Matrix, Individual Investors",Series A,3500000.0,2018-06-12
GoDesi,Food and Beverage,Regional Flavours,Bengaluru,Lead Angels Network,Seed / Angel Funding,138995.0,2018-01-11
Veritas Finance,NBFC,MSME Finance,Chennai,"Norwest Venture Partners, CDC Group, the UK's Development Finance Institution and P Surendra Pai",Series D,27799000.0,2018-03-11
Meesho,E-commerce,Social Commerce,Bengaluru,"Shunwei Capital, DST Partners and RPS Ventures",Series C,50000000.0,2018-06-11
Mobile Premier League,Gaming,Mobile e-Sports,Bengaluru,Undisclosed Investors,Series A,500000.0,2018-08-11
A&R Bon Vivants,Food,Meat Retail Chain,Jaipur,"RB Investments, Singapore",Equity,1000000.0,2018-08-11
Blackbuck,FoodTech,POS For Online Ordering,"New York, Bengaluru",Tiger Global,Series A,1000000.0,2018-12-11
Milkbasket,Food,Micro-delivery grocery service,Delhi,Mayfield Fund,Series B,1300000.0,2018-12-11
DriveU,Transport,On-Demand Drivers,Bengaluru,Stevens Creek Ventures,Mezzanine,1000000.0,2018-11-13
CleanseCar,Services,Car Wash,Bengaluru,Venture Catalysts,Seed / Angel Funding,500000.0,2018-11-14
Automation Anywhere,Automation,Robotics,California,SoftBank Vision Fund,Series B,300000000.0,2018-11-19
HealthifyMe,Health and Wellness,Wellness Coach,Bengaluru,"Sistema Asia Fund, VC Samsung NEXT, Chiratae Ventures, Inventus Capital, Blume Ventures and Innoven Capital.",Series B (Extension),6000000.0,2018-11-20
Genius Corner,Education,Personalized Learning,Noida,Individual investors,Seed Funding,278000.0,2018-11-21
Aavishkaar-Intellecap Group,Investment,SME Funding,Mumbai,Teachers Insurance and Annuity Association (TIAA),Equity Based Funding,31000000.0,2018-11-22
Skillbox,Social Network,Art,Gurugram,Individual investors,Seed Funding,20770463.751474757,2018-11-22
Signzy,FinTech,Digital Onboarding Solution,Mumbai/Bengaluru,"Stellaris Venture Partners and Kalaari Capital, Rajan Anandan from Google, Dilip Khandwelwal from SAP Labs India, and Amrish Rau from PayU India",Series A,3400000.0,2018-11-23
Engineer.ai,Software,AI Platform,India/US,"Lakestar and Jungle Ventures, Softbank's DeepCore.",Series A,29500000.0,2018-11-24
InCred Finance,Finance,SME Lending,India,"Paragon Partners, Individual Investors",Private Equity,42000000.0,2018-11-25
Roposo,Social Media,Video Sharing,Delhi,Bertelsmann India Investments,Series B,1700000.0,2018-11-25
Northmist,Fashion,Mens Wear,Delhi,Prashant Jaiswal,Seed / Angel Funding,20770463.751474757,2018-01-10
Origo Commodities India,Logistics,Supply Chain,Hyderabad,"Cooperative Oikocredit, Caspian and Hivos-Triodos Fund",Seed / Angel Funding,11000000.0,2018-02-10
Grover Zampa,Food,Wine,Mumbai,Ravi Viswanathan,Private Equity,8200000.0,2018-04-10
Droom,Automotive,New and Used Cars Platform,Gurugram,ZigExN,Series E,3000000.0,2018-05-10
Innov8,Real Estate,Co-Working,Delhi,Credence Family Office,Pre-Series A,4000000.0,2018-11-10
Blackbuck,Logistics Tech,Largest Trucking Platform,Bengaluru,Sequoia Capital India,Private Funding,14680000.0,2018-12-10
LetsTransport,Logistics Tech,Book Trucks Online,Bengaluru,Fosun International,Series C,12000000.0,2018-12-10
NetMeds,Consumer Internet,Online Pharmacy Chain,Chennai,"Sistema Asia Fund, Sistema JSFC and Tanncam Investment",Private Equity,35000000.0,2018-01-09
Udaan,B2B Platform,Logistics and Shipping,Bengaluru,DST Global and Lightspeed Venture Partners' global fund.,Private Equity,225000000.0,2018-03-09
Daily hunt,Consumer Internet,News and ebooks Mobile App xc2 xa0,Bengaluru,Falcon Edge,Private Equity,6390000.0,2018-03-09
3HCare,Healthcare,Healthcare Service Provider,Delhi,Unknown,Seed / Angel Funding,1000000.0,2018-04-09
HappyGoEasy,Consumer Internet,Online Travel Agecy,Gurugram,"Korea Investment Partners (KIP), Samsung and China-based CITIC Capital and others",Private Equity,20770463.751474757,2018-04-09
Nykaa,Consumer Internet,Online Marketplace For Multi-brand Beauty Cosmetic and Wellness Products,Mumbai,Lighthouse,Private Equity,157200000.0,2018-05-09
Mad Street Den,Technology,Computer Vision And Artificial Intelligence (Ai) Platform,Chennai,KDDI,Private Equity,1500000.0,2018-05-09
Dream11,Consumer Internet,Online Gaming Platform,Mumbai,"Tencent, Kalaari Capital and Private equity firm Multiples Alternate Asset Management",Private Equity,100000000.0,2018-06-09
Mamaearth,Healthcare,Online Marketplace For Mother and Babycare Products,Gurugram,Stellaris Ventures & Others,Private Equity,4000000.0,2018-10-09
AutoGrid,Technology,AI-Based Energy Optimisation and Control Provider,Bengaluru,"CLP Holdings Group, Innogy, rstead, and Tenaska",Private Equity,32000000.0,2018-11-09
PharmEasy,Consumer Internet,Online Marketplace For Pharmaceutical Products,Mumbai,InnoVen Capital,Debt Funding,5500000.0,2018-11-09
Upwards,FinTech,Online Micro Lending Marketplace,Mumbai,"Shunwei Capital, Quotient, Mayfield & Others",Private Equity,5000000.0,2018-11-09
Kissht,FinTech,Online lending Platform,Mumbai,"Vertex Ventures Southeast Asia (SEA) and India and Sistema Asia Fund, Fosun RZ Capital, Ventureast, and Endiya Partners.",Private Equity,30000000.0,2018-12-09
Dishq,FoodTech,Personalisation Technology Firm Focusing On The Food And Beverage Industry,Bengaluru,"Farm To Fork, Arts Alliance, The Syndicate Fund, Sven Hensen, Zeroth and Artesian Venture Partners",Seed / Angel Funding,400000.0,2018-01-08
HealthFin,Finance,Patient Financing Platform,Pune,"Axilor, Sprout Venture Partners and others",Seed / Angel Funding,20770463.751474757,2018-01-08
Samosa Labs,Consumer Internet,Social Media and Chat Entertainment Platform,Hyderabad,Xiaomi and Sequoia Capital India,Private Equity,7000000.0,2018-02-08
ZiffyHomes,Consumer Internet,Online Home Rental Marketplace,Gurugram,Y Combinator,Private Equity,120000.0,2018-03-08
My OmNamo,Consumer Internet,Holy Platform Offering Customised Puja Packages To Individuals and Corporates,Mumbai,Unknown,Seed / Angel Funding,1000000.0,2018-07-08
ShopX,Consumer Internet,Assisted E-commerce Platform,Bengaluru,Fung Strategic Holdings,Private Equity,35000000.0,2018-07-08
MakeMyTrip,Consumer Internet,Online Travel Aggregator,Gurugram,MakeMyTrip Limited,Private Equity,10000000.0,2018-07-08
Hansel io,Consumer Internet,Real-time Mobile App Management,Bengaluru,Vertex Ventures,Seed / Angel Funding,4000000.0,2018-08-08
Metro Bikes,Consumer Internet,Online Bike Rental Marketplace,Bengaluru,"Sequoia Capital India Advisors, Accel Partners and G Raghunandan",Private Equity,12200000.0,2018-08-08
PhonePe,Consumer Internet,UPI Payments App,Bengaluru,Flipkart,Private Equity,66000000.0,2018-08-08
Quizizz,EdTech,e-learning Platform,Bengaluru,"Nexus Venture Partners, Prime Venture Partners and Others",Seed / Angel Funding,3000000.0,2018-09-08
Happy EMI,FinTech,Consumer Financing Platform,Bengaluru,AJ Ventures and Jain International Trade Organisation (JITO),Seed / Angel Funding,1000000.0,2018-09-08
Inthree,Consumer Internet,Rural E-commerce Platform,Chennai,"Ventureast, Orios Venture Partners and the IAN Fund",Seed / Angel Funding,4000000.0,2018-08-13
Observe AI,Technology,AI Based Solutions Platform,Bengaluru,"Nexus Venture Partners, MGV, Liquid 2 Ventures, Hack VC, Emergent Ventures and Y Combinator",Private Equity,8000000.0,2018-08-13
Enakshi,Consumer Internet,AI Based Solutions Platform,Ahmedabad,Unknown,Seed / Angel Funding,114811.0,2018-08-16
EazyDiner,Consumer Internet,Online Restaurant Table Reservation Platform,Gurugram,Denlow Investment Trust and Beenext,Private Equity,5850000.0,2018-08-17
Finzy,Finance,Online Loan Matchmaking Platform,Bengaluru,Unknown,Seed / Angel Funding,1000000.0,2018-08-20
RAW Pressery,Consumer Internet,Online Organic Juice Delivery Service,Mumbai,Alteria Capital,Debt Funding,4800000.0,2018-08-20
Pi Ventures,Technology,Applied Artificial Intelligence and IoT focused xc2 xa0Platform,Bengaluru,CDC Group plc,Private Equity,6000000.0,2018-08-22
Revv,Consumer Internet,Online Indian Car Rental Platform,Gurugram,"Hyundai, Edelweiss and Beenext, Dream Incubator, Sunjay Kapoor and Telama Investment",Private Equity,14270000.0,2018-08-22
ZestMoney,Consumer Internet,Online Lending Platform,Bengaluru,"Xiaomi, PayU, Ribbit Capital and Omidyar Network",Private Equity,13400000.0,2018-08-26
Shubh Loans,FinTech,xc2 xa0Customer Sourcing Platform xc2 xa0,Bengaluru,"Saama Capital, SRI Capital, Beenext, and Pravega Ventures",Private Equity,4200000.0,2018-08-26
MyUpchar,Healthcare,Local Language Health Content App,Delhi,"Nexus Venture Partners, Omidyar Network and Shunwei Capital",Private Equity,5000000.0,2018-08-27
Narvar,Information Technology,Post-Purchase Customer Engagement Platform xc2 xa0,Bengaluru,Accel (formerly known as Accel Partners),Private Equity,3000000.0,2018-08-28
True North,Finance,Private Equity Firm,Mumbai,Unknown,Private Equity,600000000.0,2018-08-30
Leena AI,Technology,HR Virtual Agent For Employees,Gurugram,Y Combinator,Seed / Angel Funding,20770463.751474757,2018-01-07
Biryani By Kilo,Consumer Internet,Online Food Delivery,Gurugram,Ajay Relan and Vinay Mittal,Seed / Angel Funding,1000000.0,2018-02-07
Anchanto,Information Technology,E-commerce Fulfilment Platform,Pune,MDI Ventures & Telkom Indonesia,Private Equity,4000000.0,2018-04-07
LoanTap,Consumer Internet,Online Lending Platform For Salaried Professionals,Mumbai,"Shunwei Capital, Tuscan Ventures, Ashish Goenka, VC firms India Quotient and Kae Capital",Private Equity,6250000.0,2018-05-07
PolicyBazaar,Consumer Internet,Online Insurance Selling Platform,Gurugram,Info Edge (India) Ltd and Temasek,Private Equity,27700000.0,2018-06-07
Zippserv,Consumer Internet,Online Platform For Risk-Assessment Services For Real Estate Investments,Bengaluru,Info Edge (India) Ltd,Seed / Angel Funding,440000.0,2018-09-07
Groww,Consumer Internet,Online Platform That Sells Direct Plans Of Mutual Funds,Bengaluru,"Insignia Ventures Partners, Lightbridge Partners & Kairos",Seed / Angel Funding,1100000.0,2018-09-07
Avenue Growth,Consumer Internet,Online Platform That Connects Brands With Freelance Sales Professionals,Gurugram,"Avtar Monga, chief operating office at IDFC Bank, Aditya Malik & Others",Seed / Angel Funding,437000.0,2018-10-07
iNICU,Healthcare,Med-tech Platform Providing Care For Newborns,Delhi,Venture Catalysts,Seed / Angel Funding,20770463.751474757,2018-10-07
Kinara Capital,Finance,Lending Platform For Micro and Small Enterprises,Bengaluru,ResponsAbility,Private Equity,5000000.0,2018-10-07
Shop 101,Consumer Internet,Mobile Storefront And Commerce Platform For Sellers,Mumbai,"Stellaris Venture Partners, Vy Capital, Raghunandan G, and Ramakant Sharma",Private Equity,5000000.0,2018-10-07
Sambandh,Consumer Internet,Online Micro Lending Platform,Rourkela,Base of Pyramid Asia (BOPA) Pte Ltd,Private Equity,2500000.0,2018-11-07
19th Mile,Information Technology,Artificial intelligence-based sales acceleration software platform,Gurugram,"Rishi Vasudev, Excelsior Investments, Ritesh Vohra, Praveer Kumar, Prashant Gupta and Others",Seed / Angel Funding,180000.0,2018-12-07
5th Vital,Healthcare,Home diagnostics services provider,Bengaluru,Brand Capital and Others,Seed / Angel Funding,500000.0,2018-12-07
MEngage,Healthcare,A Doctor-Patient Engagement Platform,Jaipur,"Siddharth Agarwal, Mahavir Sharma, Amit Singal, 100 Co-founders Lab and others.",Seed / Angel Funding,175000.0,2018-07-13
OfBusiness,Finance,Online Lending Platform For SME,Gurugram,"Creation Investments, Falcon Edge, Matrix Partners India and Zodius Capital",Private Equity,29000000.0,2018-07-17
Cars24,Consumer Internet,Online Used Car Marketplace,Gurugram,"Kingsway FCI Fund, KCK Global & Others",Private Equity,49700000.0,2018-07-17
The Ken,Consumer Internet,Subscription-Only News Website,Bengaluru,Omidyar Network & Others,Seed / Angel Funding,1500000.0,2018-07-18
Book My Show,Consumer Internet,Online Ticketing Platform,Mumbai,"TPG Growth, The Rise Fund & Others",Private Equity,100000000.0,2018-07-19
HousingMan,Consumer Internet,Property Discovery Platform,Bengaluru,Unknown,Seed / Angel Funding,1500000.0,2018-07-20
PaySense,Consumer Internet,Online Consumer Lending Platform,Mumbai,PayU & Others,Private Equity,18000000.0,2018-07-21
Yulu Bikes,Technology,Bicycle-Sharing Platform,Bengaluru,Unknown,Seed / Angel Funding,20770463.751474757,2018-07-23
Vtion,Technology,Media Analytics,Gurugram,"AngelList, Rahul Khanna, Rajeev Arora and Ram Ramsundar.",Seed / Angel Funding,280000.0,2018-07-23
Log9 Materials,Technology,Nanotechnology Company Specializing In Graphene,Bengaluru,"Metaform Ventures, Hemant Luthra, Micro venture capital firm GEMS Partners and Others",Seed / Angel Funding,436000.0,2018-07-23
Kidovators,EdTech,Skill Learning Platform,Bengaluru,Gray Matters,Seed / Angel Funding,180000.0,2018-07-24
Digit,Consumer Internet,Online Insurance Startup,Pune,Fairfax,Private Equity,45000000.0,2018-07-24
Black Soil,Finance,Non-Banking Financial Company,Mumbai,"Allcargo Logistics, Navneet Education and Mahavir Agency",Private Equity,17000000.0,2018-07-25
Trell,Consumer Internet,Mobile-First Video Blogging App,Bengaluru,"BeeNext, WEH Ventures and Sprout Ventures",Seed / Angel Funding,1250000.0,2018-07-25
Iqlect,Technology,Data Analytics Firm,Bengaluru,Ventureast and Exfinity,Seed / Angel Funding,2500000.0,2018-07-25
Entropik,Information Technology,Software-As-A-Service Platform,Bengaluru,"Bharat Innovation, IDFC-Parampara Capital, Arthavida Ventures, Jitendra Gupta & Others",Seed / Angel Funding,1100000.0,2018-07-26
Bitla Software,Technology,Travel-Focused Tech Startup,Bengaluru,MakeMyTrip,Private Equity,20770463.751474757,2018-07-26
TheCapitalNet,FinTech,Unified Global Investments Ecosystem,Hyderabad,Lindwall Family Investments LLC (LFI),Private Equity,500000.0,2018-07-26
Shuttl,Consumer Internet,Bus Aggregation Platform,Gurugram,Amazon Alexa Fund & Dentsu Ventures,Private Equity,11000000.0,2018-07-30
Cure Fit,Consumer Internet,Health and fitness Platform,Bengaluru,"IDG Ventures, Accel Partners, Kalaari Capital and Others",Private Equity,120000000.0,2018-07-30
Five Star Group,FinTech,Non-Bank Lending Platform For SME,Chennai,"TPG, Norwest Venture Partners, Sequoia Capital & Matrix Partners",Private Equity,100000000.0,2018-07-31
Healthsignz,Healthcare,Health and Well being Platform,Hyderabad,Kantilal Patel,Seed / Angel Funding,5000000.0,2018-07-31
CoinTribe,Finance,Credit-Based Lending Marketplace For Small And Medium Enterprises,Gurugram,"Sabre Partners, Puneet Dalmia & Others",Private Equity,10000000.0,2018-01-06
Digiconectt,Technology,Sales Analytics and Enablement Platform,Bengaluru,Aspire Logistics LLC,Seed / Angel Funding,125000.0,2018-04-06
Kashmir Box,E-commerce,"Online Marketplace For Handicrafts, Handlooms And Local Produce",Srinagar,"Bhairavi Jani, Alok Divatia, Namrata Kaul, Sohail Hashemi, Aijaz Saleem",Seed / Angel Funding,20770463.751474757,2018-04-06
Crowdera,Finance,Online Crowdfunding Platform,Nagpur,"Anil Advani, Pramod Jain, Amrendra Reddy and Manish Satnaliwala.",Seed / Angel Funding,20770463.751474757,2018-05-06
Zoctr,Healthcare,Online Healthcare Aggregator,Mumbai,NB Ventures and Others,Seed / Angel Funding,1000000.0,2018-05-06
Annapurna Finance,Finance,Non-Banking Financial Company,Bhubaneswar,Oman India Joint Investment Fund (OIJIF),Private Equity,23000000.0,2018-07-06
Meesho,Consumer Internet,Online Marketplace For Resellers,Bengaluru,"Sequoia Capital India, SAIF Partners, Y Combinator and Venture Highway",Private Equity,11500000.0,2018-07-06
AyeFinance,Finance,Online Lending Platform,Gurugram,"CapitalG, SAIF Partners and LGT Impact Ventures",Private Equity,21500000.0,2018-10-06
Theranosis,Healthcare,Specialised diagnostics Platform,Hyderabad,Mumbai Angels Network,Seed / Angel Funding,20770463.751474757,2018-11-06
Alpha Capital,Finance,Supplychain Finance,Mumbai,Alpha Capital,Private Equity,14800000.0,2018-12-06
Eshakti,E-commerce,Fashion e-tailer,Chennai,Paragon Partners,Private Equity,10100000.0,2018-12-06
Daily Ninja,Consumer Internet,Hyperlocal Delivery Platform,Bengaluru,Saama Capital and Sequoia Capital,Seed / Angel Funding,3000000.0,2018-12-06
NirogStreet,Healthcare,An Online Platform That Connects Ayurveda Doctors With Patients,Gurugram,"Spiral Ventures, Subho Ray and Samir Kumar",Seed / Angel Funding,300000.0,2018-06-13
Nivesh,Finance,Mass Market Mutual Fund Investment Platform,Noida,"LetsVenture, Rajan Anandan, Basab Pradhan, Vivek Khare and Bijoy George",Seed / Angel Funding,450000.0,2018-06-13
Whats Up Life,Consumer Internet,"A Local Discovery App For Dining-Out, Party, Leisure and Events",Gurugram,Rannvijay Singha,Seed / Angel Funding,20770463.751474757,2018-06-13
HomeLane,Consumer Internet,Online Home Furnishing Solutions,Bengaluru,Brand Capital,Seed / Angel Funding,3450000.0,2018-06-14
Network Intelligence,Technology,Cybersecurity Specialist,Mumbai,Helix Investments,Private Equity,4800000.0,2018-06-14
Tynor Othontics,Healthcare,Prosthetics Manufacturers,Chandigarh,Lighthouse Funds & Thuasne Participations,Private Equity,21000000.0,2018-06-18
Elucidata,Information Technology,Data Analytics (SaaS),Delhi & Cambridge,Hyperplane Venture Capital and several angel investors,Seed / Angel Funding,1700000.0,2018-06-18
Chrysalis,EdTech,Education Services Provider,Pune,Menterra Venture & Artha Initiatives,Seed / Angel Funding,20770463.751474757,2018-06-19
RentSher,Consumer Internet,Online Rental Marketplace,Bengaluru,"Shorooq Investments, LetsVenture & Others",Seed / Angel Funding,1100000.0,2018-06-19
Drip capital,Finance,Trade Finance Firm,Mumbai,"Accel Partners, Sequoia India, Y Combinator and others.",Private Equity,15000000.0,2018-06-20
WickedRide,Consumer Internet,Online Motorbike And Scooter Rental Platforms,Bengaluru,"Sequoia Capital, Accel Partners & Raghunandan Gangappa",Private Equity,9100000.0,2018-06-22
PolicyBazaar,Consumer Internet,Online Insurance Selling Platform,Gurugram,SoftBank Vision Fund & Info Edge (India) Ltd,Private Equity,200000000.0,2018-06-25
HipBar,Consumer Internet,Digital Payment Platform For Beverage Delivery,Bengaluru,Diageo India,Private Equity,4000000.0,2018-06-25
Sqqrl,Finance,App-based investment platform,Gurugram,Equanimity Venture Fund,Seed / Angel Funding,1000000.0,2018-06-25
Paytm,Technology,Digital Payment Platform,Noida,One 97 Communications,Private Equity,8950000.0,2018-06-26
SigTuple,Healthcare,Data Driven Intelligence Solutions Platform,Bengaluru,"Accel Partners, IDG Venture, Endiya Partners, pi Ventures, VH Capital, Axilor Ventures and Binny Bansal",Private Equity,19000000.0,2018-06-26
WoW Express,Technology,E-commerce Logistics Platform,Mumbai,Undisclosed Investors,Private Equity,4500000.0,2018-06-27
Front Desk AI,Technology,An AI Platform Offering Automated Customer Service Software,Bengaluru,Speciale Invest & Others,Seed / Angel Funding,1100000.0,2018-06-28
Edureka,EdTech,Online Education Platform,Bengaluru,Leo Capital,Seed / Angel Funding,2000000.0,2018-06-28
Numeroseven,Technology,An Artificial Intelligence-Based Recruitment Platform,Kolkata,Shiva Gunapu & Others,Seed / Angel Funding,20770463.751474757,2018-06-29
OpenTap,Finance,Online Lending Platform,Chennai,Unknown High Net-Worth Individuals,Seed / Angel Funding,450000.0,2018-02-05
Bizongo,Consumer Internet,Aggregator For Packaging Material,Mumbai,"B Capital, International Finance Corporation (IFC), Accel Partners and IDG Ventures",Private Equity,22000000.0,2018-02-05
Disprz,Information Technology,SaaS,Chennai,"IL&FS Private Equity, Kae Capital & Others",Seed / Angel Funding,2500000.0,2018-03-05
PaisaDukan,Consumer Internet,P2P Lending Platform,Mumbai,Unknown,Seed / Angel Funding,225000.0,2018-07-05
I3sysytems,Technology,AI product company For Health and Life Insurane Companies,Mumbai,"Unitus Ventures, Behram Vakil and Jerxis Vandrevala",Seed / Angel Funding,1000000.0,2018-09-05
Earth Food,Consumer Internet,Agri-tech,Pune,Rairah Corporation,Seed / Angel Funding,949000.0,2018-11-05
Nykaa,Consumer Internet,Beauty e-tailer,Mumbai,"Sunil Munjal, Harsh Mariwala, Dalip Pathak and Others",Private Equity,24000000.0,2018-05-14
MFine,Healthcare,Doctor-Consultation App,Bengaluru,"Prime Venture Partners, Stellaris Venture Partners and Mayur Abhaya Srisrimal",Private Equity,4200000.0,2018-05-16
Rocketium,Technology,Online Video Creation Platform,Bengaluru,Blume ventures,Seed / Angel Funding,300000.0,2018-05-21
Milkbasket,Technology,Micro-Delivery Grocery Startup,Gurugram,"Kalaari Capital, Unilever Ventures and Blume Ventures",Private Equity,7000000.0,2018-05-21
Vola,Finance,Micro Lending Platform,Bengaluru,Credika and unnamed angel investors,Seed / Angel Funding,500000.0,2018-05-22
Cashkumar,Consumer Internet,P2P Lending Platform,Bengaluru,LetsVenture,Seed / Angel Funding,735000.0,2018-05-22
Edyoo,E-commerce,Products For Shoolgoing Children,Bengaluru,RS Shanbag,Seed / Angel Funding,735000.0,2018-05-23
Aashiyaan,Finance,Housing Finance For Low-Income Families,Kolkata,"Insistor, Oikocredit",Seed / Angel Funding,2000000.0,2018-05-23
Smartivity,EdTech,Designer Of Toys and Learning Projects For Kids,Delhi,"Ashish Kacholi, S Chand Group",Seed / Angel Funding,2000000.0,2018-05-24
Bonphulapl,Clean-tech,Oxygen Optimiser Manufacturer,Delhi,Atul Gupta and Saurabh Rastogi,Seed / Angel Funding,293000.0,2018-05-24
Acko,Consumer Internet,Online Insurance Platform,Mumbai,"Amazon, Ashish Dhawan, Catamaran Ventures, NR Narayana Murthy.",Seed / Angel Funding,12000000.0,2018-05-27
HWell24,Healthcare,Home Healthcare Aggregator,Mumbai,"Prashant Mehta, Mitali Pawar, Nikhil G and Bhavesh P, R Ranganathan, ONCOTRUST and Medintel Services Pvt. Ltd",Seed / Angel Funding,200000.0,2018-05-28
Toffee,Consumer Internet,Online Insurance Platform,Gurugram,"Kalaari Capital, Omidyar Network and Accion Venture Labs",Seed / Angel Funding,1500000.0,2018-05-29
ToneTag,Technology,Mobile Payments Technology Platform,Bengaluru,Amazon Inc. and Mastercard,Private Equity,8000000.0,2018-05-29
Events High,Consumer Internet,Events and Activities Discovery Platform,Bengaluru,Treebo,Private Equity,20770463.751474757,2018-05-30
Stellaps,Technology,Iot Application Platform In Agriculture,Bengaluru,"IndusAge Partners, Bill & Melinda Gates Foundation, Qualcomm Venture, ABB Technology Ventures, Omnivore, Blume Ventures, Venture Highway and BEENEXT",Private Equity,14000000.0,2018-05-30
Credright,Consumer Internet,Lending Platform For SMEs,Hyderabad,"Accion Venture Lab, YourNest Venture Capital And Other Angel Investors",Seed / Angel Funding,1300000.0,2018-05-31
Fitternity,Consumer Internet,Online Fitness Discovey Platform,Mumbai,"Exfinity Venture, Saha fund Partners, Arihant Patni of Patni Family Office, Anjali Bansal, Shardul Amarchand Mangaldas, Satish Khanna and Taparia family office.",Private Equity,2000000.0,2018-02-04
Synctag,Technology,Social Media Anlaytics Platform,Coimbatore,Subhkam Ventures and Mohit Khadaria,Seed / Angel Funding,307600.0,2018-02-04
Benepik,Technology,Enhanced Employee Engagement Platform,Gurugram,"Vishal Bali, Yogesh Misra, Thomas Assessments and others",Seed / Angel Funding,20770463.751474757,2018-02-04
Finzy,Consumer Internet,Online Loan Matchmaking Platform,Bengaluru,Unknown,Seed / Angel Funding,1300000.0,2018-02-04
Varthana,Finance,Loans and Services To Affordable Private Schools in India,Bengaluru,"ChrysCapital, Existing investors, Elevar Equity, LGT Impact, Omidyar Network and Kaizen Private Equity also participated in the round",Private Equity,55000000.0,2018-04-04
IndigoLearn,EdTech,Online Education Platform,Hyderabad,"Maheshwar Peri, founder and chairman of career information portal Careers360, and Jamshed Jeejeebhoy, director at Byramjee Jeejeebhoy Pvt. Ltd were among the angels",Seed / Angel Funding,150000.0,2018-05-04
Vedantu,EdTech,Interactive Online Tutoring Platform,Bengaluru,"Accel Partners, Tiger Global And Others",Private Equity,10000000.0,2018-05-04
Kaleidofin,Finance,Digital Financial Services Platform,Chennai,Omidyar Network. Blume Ventures and Professor Shlomo Ben-Haim,Seed / Angel Funding,2800000.0,2018-09-04
Pipa Bella,Consumer Internet,Fashion Accessories Etailer,Mumbai,Fireside Ventures,Seed / Angel Funding,1000000.0,2018-09-04
Elemential,Technology,Blockchain Platform,Mumbai,"Matrix Partner, Amrish Rau, Investopad, Digital Currency Group, Hinduja Group, Lightspeed India, Eight Innovate, Amit Ranjan, Prashant Malik and others",Seed / Angel Funding,20770463.751474757,2018-09-04
Kriger Campus,EdTech,Mobile-Based Education Network,Delhi,Unknown,Seed / Angel Funding,46140.0,2018-09-04
LoanZen,Finance,Digital Lending Platform In Logistics,Bengaluru,Kae Capital Management,Seed / Angel Funding,20770463.751474757,2018-10-04
TravelTriangle,Consumer Internet,Online Travel Marketplace,Gurugram,"Fundamentum, SAIF Partners, Bessemer Venture Partners, RB investments & Others",Private Equity,12000000.0,2018-10-04
LetsMD,Healthcare,Platform To Discover Healthcare Financing Options,Delhi,"SRI Capital, Waterbridge Ventures and ThinKuvate",Seed / Angel Funding,1000000.0,2018-12-04
AyeFinance,Finance,Online Lending Platform,Gurugram,"BlueOrchard Finance Ltd, Hinduja Leyland Finance and IntelleGrow",Debt Funding,4600000.0,2018-12-04
Mintifi,Finance,Online Lending Platform,Mumbai,Lok Capital,Seed / Angel Funding,2000000.0,2018-04-13
I Can Stay,Consumer Internet,Online Platform For Luxury Hotel Stay For Business Travelers,Delhi,Mr. Manoj Prasad,Seed / Angel Funding,500000.0,2018-04-16
Pregbuddy,Healthcare,Connected Care App For Pregnant Women,Bengaluru,"Rajan Anandan, Madhusudhan Kannan, Jayant Kadambi, Puneet Gupta and Pradeep K Jaisingh",Seed / Angel Funding,20770463.751474757,2018-04-16
Coverfox,Consumer Internet,Online Insurance Aggregator,Mumbai,"International Finance Corporation, Transamerica and others.",Private Equity,22000000.0,2018-04-18
Lenskart,Consumer Internet,Online Eyewear Retailer,Faridabad,TR Capital,Private Equity,108840666.66666669,2018-04-19
Mamaearth,Healthcare,Online Baby care Products,Gurugram,Shilpa Shetty Kundra,Private Equity,20770463.751474757,2018-04-19
Fyle Technologies,Technology,AI Based Expense Management Platform,Bengaluru,Pravega Ventures and Beenext,Seed / Angel Funding,1100000.0,2018-04-19
True Balance,Technology,Mobile Balance Checking App,Gurugram,"Line Ventures Corporation, Line Corp, Naver, Shinhan Bank and TS Investment",Private Equity,23000000.0,2018-04-19
Visit,Healthcare,AI Driven Health tech Platform,Delhi,"Biz Stone, Kunal Bahl, Rohit Bansal, Alagu Periyannan and Karthee Madasamy",Private Equity,20770463.751474757,2018-04-22
Doxper,Healthcare,Digitized Health-Tech Solutions For Practitioners,Mumbai,Vidal Healthcare,Seed / Angel Funding,1900000.0,2018-04-22
Nykaa,Consumer Internet,Beauty e-tailer,Mumbai,"Sunil Munjal, Harsh Mariwala, Dalip Pathak and Others",Private Equity,11000000.0,2018-04-22
Mihuru,Finance,Online Platform Providing Micro Loans For Air Travel,Mumbai,Unknown,Seed / Angel Funding,150000.0,2018-04-23
Capital Float,Finance,Online Lending Platform,Bengaluru,Amazon,Private Equity,22000000.0,2018-04-23
TripShelf,Consumer Internet,Online Travel Marketplace,Delhi,"GEMS Advisory, Alok Mittal and Sachin Bhatia",Seed / Angel Funding,246000.0,2018-04-25
POPxo,Technology,Women Focussed Digital Media Platform,Delhi,"Neoplux, OPPO, IDG Ventures India, Kalaari Capital, GREE Ventures and Summit Media",Private Equity,5500000.0,2018-04-26
RailYatri,Consumer Internet,Online Travel Ticketing Platform,Noida,"Omidyar Network, Nandan Nilekani, Blume Ventures, Helion Venture Partners",Private Equity,20770463.751474757,2018-04-26
1mg,Consumer Internet,Online Pharmacy Store,Gurugram,"Sequoia Capital, Maverick Capital Ltd and HBM Healthcare Investments Ltd",Private Equity,10000000.0,2018-04-27
Rubique,Consumer Internet,Online Lending MarketPlace,Mumbai,"Emery Capital, Blacksoil and Kalaari Capital",Private Equity,3000000.0,2018-04-29
Samco,Consumer Internet,Online Stock Broker,Mumbai,Bay Capital Investments and Others,Private Equity,7500000.0,2018-04-30
MyLoanCare,Finance,B2C Online Loans Marketplace,Gurugram,SAR Group,Seed / Angel Funding,978000.0,2018-04-30
PharmEasy,Consumer Internet,Online Pharmacy Store,Mumbai,"Bessemer Venture Partners and Orios Venture Partners, JM Financials and MEMG",Private Equity,9409500.0,2018-01-03
Buddy4studdy,Consumer Internet,Online Scholarship Portal,Noida,CBA Capital and others,Private Equity,3000000.0,2018-01-03
Urban Ladder,E-commerce,Online Furniture Store,Bengaluru,"Sequoia Capital, SAIF Partners and Kalaari capital",Private Equity,12000000.0,2018-01-03
Kuvera,Consumer Internet,Online Financial Planning,Bengaluru,"Baskar Subramanian, Saket Kumar, Gaurav Suri and Ankit Kesarwani",Seed / Angel Funding,250000.0,2018-03-03
Gramophone,Technology,Agri-tech,Indore,InfoEdge,Seed / Angel Funding,1000000.0,2018-04-03
Wellthy,Healthcare,Therapeutics,Mumbai,"Ranjan Pai, Apoorva Patni, Beenext Ventures, GrowX Ventures",Private Equity,2100000.0,2018-05-03
MedGenome,Healthcare,"Genetic Screening, DNA Diagnostics Labs & Research Centers",Bengaluru,"HDFC Life, HDFC Asset Management",Private Equity,10000000.0,2018-05-03
Finova Capital,Consumer Internet,Online Lending,Jaipur,Sequoia Capital,Private Equity,6000000.0,2018-05-03
Hotelogix,Technology,Cloud based Online Hotel Management Software,Noida,"Vertex Ventures, Accel Partners and Saama Capital",Private Equity,5000000.0,2018-05-03
Livehealth,Consumer Internet,Health Service Aggregator Platform,Pune,Nexus Venture Partners,Seed / Angel Funding,1100000.0,2018-04-03
Ad2pro,Technology,"Creative Design, Brand, Media and Technology Platform Solutions",Chennai,Avendus Finance Pvt. Ltd,Debt Funding,9700000.0,2018-06-03
Coverfox,Consumer Internet,Online Insurance Aggregator,Mumbai,Aegon NV,Private Equity,7600000.0,2018-06-03
Pepperfry,Consumer Internet,Online Furniture Shopping Store,Mumbai,State Street Global Advisors,Private Equity,38400000.0,2018-08-03
Magicpin,Consumer Internet,Hyperlocal Discovery,Gurugram,Trifecta Capital,Debt Funding,1000000.0,2018-08-03
HealthCare,Consumer Internet,Healthcare Aggregator,Mumbai,HR Fund,Seed / Angel Funding,1000000.0,2018-12-03
Pine Labs,Technology,Digital Payment Platform,Mumbai,"Actis, Altimeter Capital",Private Equity,82000000.0,2018-03-13
Stumagz,Consumer Internet,Online Communication and Collaboration Platform For Educational Institutions,Hyderabad,"Venkat Subramanian, Sudhakar Pennam, and other tech investors from Silicon Valley",Seed / Angel Funding,20770463.751474757,2018-03-14
AvailFinance,Consumer Internet,Online Lending Platform,Bengaluru,"Matrix Partners, Bhavish Aggarwal, Ankit Bhati, Binny Bansal, Kunal Shah and Manish Patel.",Private Equity,17200000.0,2018-03-14
Grofers,Consumer Internet,Online Grocery Shop,Gurugram,"SoftBank, Tiger Global and Apoletto Managers.",Private Equity,62000000.0,2018-03-15
Fingerlix,Consumer Internet,Ready To cook Food Solution,Mumbai,Alteria Capital,Debt Funding,1310000.0,2018-03-19
Karma Healthcare,Healthcare,Technology enabled equitable healthcare for India,Udaipur,"1Crowd, Ankur Capital",Seed / Angel Funding,500000.0,2018-03-19
Zappfresh,Food & Beverages,Online Raw Meat E-tailer,Gurugram,"Amit Burman, SIDBI Venture Capital",Seed / Angel Funding,3000000.0,2018-03-19
CustomerSucessBox,Technology,Customer Success Software for B2B SaaS,Gurugram,"Pi Ventures, Axilor Ventures",Seed / Angel Funding,1000000.0,2018-03-19
One Labs,Consumer Internet,Consumer Technology and Artificial Intelligence Based Aggregator App,Unknown,Micromax Informatics Ltd,Private Equity,20770463.751474757,2018-03-20
GigIndia,Consumer Internet,Micro Jobs Provider For Students,Pune,"Jessica Wong, Hiro Mashita, Xue Manzi and Yiyun Zhang.",Seed / Angel Funding,20770463.751474757,2018-03-21
Chargebee,Technology,Subscription Billing & Recurring Payments Software,Chennai,"Insight Venture Partners, Accel Partners and Tiger Global Management.",Private Equity,18000000.0,2018-03-22
i2i Funding,Consumer Internet,Online loan platform,Noida,SucSEED Venture Partners,Seed / Angel Funding,768000.0,2018-03-22
Slang Labs,Technology,Voice-based assistant platform,Bengaluru,Endiya Partners,Seed / Angel Funding,1240000.0,2018-03-22
UrbanPiper,Technology,Online ordering solution for restaurants and food chains,Bengaluru,"Kumar Vembu, Axilor Ventures",Seed / Angel Funding,20770463.751474757,2018-03-22
Cash Suvidha,Consumer Internet,Online loan platform,Delhi,"Initia Holdings, Vipin Agarwal and others.",Seed / Angel Funding,1000000.0,2018-03-26
Roadcast,Technology,Fleet management and asset monitoring platform,Delhi,Unknown,Private Equity,250000.0,2018-03-28
SmartCoin,Finance,Micro lending company,Bengaluru,"Accion Venture Lab, Unicorn India Ventures and ISME ACE.",Seed / Angel Funding,2000000.0,2018-03-28
The Print,Media,News portal,Delhi,Ratan Tata,Seed / Angel Funding,535000.0,2018-03-27
DriveU,Technology,Professional Car Drivers Hiring App,Bengaluru,Amit Singhal and Unitus Seed Fund,Private Equity,3000000.0,2018-03-27
Fynd,Consumer Internet,O2O fashion ecommerce platform,Mumbai,"Google, Kae Capital, IIFL, Singularity Ventures, GrowX, Tracxn Labs, Venture Catalyst, Patni family office and Axis Capital.",Seed / Angel Funding,1133333.3333333333,2018-03-29
BigBasket,Consumer Internet,Online Grocery & Food Store,Bengaluru,"Alibaba, Helion Venture Partners, Bessemer Venture Partners, Ascent Capital",Private Equity,300000000.0,2018-01-02
Zomato,Food and Beverages,Food Ordering and Restaurant Discovery,Gurugram,Ant Financials,Private Equity,200000000.0,2018-01-02
Pratilipi,Publishing,E-Publishing,Bengaluru,Omidyar Network,Private Equity,4300000.0,2018-05-02
Asia Institute Of Medical Science,Healthcare,Super-specialty Hospital,Faridabad,CDC Group Plc,Private Equity,21000000.0,2018-05-02
CollegeDekho,Consumer Internet,Online platform for Higher Education Services,Gurugram,"Man Capital LLP, Girnar Software, Others",Private Equity,2000000.0,2018-05-02
Foodmemories,Consumer Internet,Online Food Marketplace,Ahmedabad,"Bhavesh Manglani, Suraj Saharan, Darshan Upadhyay, Sanjay Notani & Others",Seed funding,20770463.751474757,2018-06-02
Healthi,Healthcare,Preventive Health Checkup,Bengaluru,Montane Ventures,Private Equity,3100000.0,2018-06-02
Swiggy,Food and Beverages,Online Food Delivery,Bengaluru,Naspers,Private Equity,100000000.0,2018-07-02
Shape,Healthcare,"Online Portal for Diet,fitness and Beauty",Pune,Sandeep Mathur,Seed / Angel Funding,100000000.0,2018-08-02
Icertis,Consumer Internet,Enterprise Contract Management Platform,Pune,Meritech Capital Partners,Private Equity,50000000.0,2018-08-02
Healthifyme,Healthcare,Mobile Weight Loss Coach,Bengaluru,Sistema Asia Fund,Private Equity,12000000.0,2018-09-02
MedTel,Healthcare,Virtual health clinics,Bhubaneswar,British and Indian Governments,Private Equity,20770463.751474757,2018-09-02
Rupeek,Consumer Internet,Online Gold Loan,Bengaluru,"Accel Partners, Sequoia Capital",Private Equity,6830000.0,2018-09-02
WebEngage,Technology,Marketing Cloud for consumer businesses,Mumbai,Social Capital,Private Equity,20770463.751474757,2018-09-02
Lendingkart,Finance,Online Lending Platform,Bengaluru,Fullerton Financial Holdings Pte Ltd & Others,Private Equity,87000000.0,2018-12-02
Wydr,Consumer Internet,B2B Marketplace,Gurugram,"Bessemer Venture Partners, Stellaris Venture Partners, Axis Capital, Singapore, Jungle Venture Partners",Private Equity,20770463.751474757,2018-12-02
Cashify,E-commerce,Online Selling,Gurugram,Trifecta Capital,Debt Funding,935089.0,2018-12-02
HolaChef,Food and Beverages,Online Food Delivery,Mumbai,Ashok Kumar Gajera,Seed / Angel Funding,311200.0,2018-02-13
Awaaz De,Technology,Mobile Solutions for Social Impact,Ahmedabad,Tribe Impact Capital LLP,Seed / Angel Funding,20770463.751474757,2018-02-13
IMAX Program,EdTech,Individualised Progressive Learning Program,Bengaluru,"Michael & Susan Dell Foundation, LGT Impact Ventures",Private Equity,13500000.0,2018-02-13
Littlemore,EdTech,Online Education Platform,Chennai,Kalpavriksh,Private Equity,3000000.0,2018-02-14
Toppr,EdTech,Online Education Platform,Mumbai,Axis Capital Partners,Private Equity,100000.0,2018-02-14
Shirsa Labs,EdTech,Integrated Kids Engagement Company,Mumbai,"Dewang Neralla, Mahesh Kothurkar, Atul Agarwal",Private Equity,500000.0,2018-02-14
MoneyOnMobile,Technology,mobile payment platform,Mumbai,S7 Group,Private Equity,5000000.0,2018-02-14
PetSutra,Consumer Internet,Online Pet Care Products,Gurugram,Michael Patrick Hickey,Seed / Angel Funding,148434.0,2018-02-15
Infibeam,E-commerce,Online Retailing,Ahmedabad,Network 18,Private Equity,6230000.0,2018-02-15
Happay,Finance,Expense Management,Bengaluru,Sequoia and Jerry Yang,Seed / Angel Funding,250000.0,2018-02-16
Fincash,Finance,Fin-Tech,Mumbai,"Mohammed Khan, Sameer Narayan & Others",Seed / Angel Funding,150000.0,2018-02-16
AyeFinance,Finance,Online Lending,Gurugram,"Hinduja Leyland Finance, IntelleGrow",Private Equity,3800000.0,2018-02-19
Agricxlab,Agriculture,Agri-tech,Mumbai,Ankur Capital,Seed / Angel Funding,500000.0,2018-02-20
Udaan,E-commerce,B2B Marketplace,Bengaluru,Lightspeed & Yuri Milner,Private Equity,50000000.0,2018-02-21
Capillary,Information Technology,SaaS,Bengaluru,"Wargburg Pincus, Sequoia",Private Equity,20000000.0,2018-02-21
The Healthy Billions,Healthcare,Analytics,Gurugram,"Blume Ventures, HealthQuad and Fireside Ventures",Private Equity,2100000.0,2018-02-21
HighRadius,Technology,Cloud-based Software,Hyderabad,"PNC, Citi Ventures",Private Equity,20770463.751474757,2018-02-21
Avishkaar Box,EdTech,Education,Delhi,Auxano Deals,Private Equity,772500.0,2018-02-26
Planys Technologies,Technology,Robotic InspectionStartup,Chennai,"Kris Gopalakrishnan, Pratithi Investment Trust, MEMG Family Office, S Gopal",Private Equity,1040000.0,2018-02-26
Lollypop,Technology,Digital Design,Bengaluru,Dr Devi Shetty,Seed / Angel Funding,20770463.751474757,2018-02-27
Trilyo,Technology,AI platform for hospitality industry,Mumbai,"Startup Buddy, Amit Manocha and others",Seed / Angel Funding,250000.0,2018-02-27
Gaana,Technology,Online Music Streaming,Gurugram,"Tencent Holdings Ltd, Times Internet",Private Equity,115000000.0,2018-02-28
Credy,Information Technology,SaaS,Bengaluru,"Y Combinator, Khosla Ventures, Vy Capital and others",Seed / Angel Funding,1400000.0,2018-02-28
Predible Health,Healthcare,Cancer radiology,Bengaluru,Unitus Seed Fund,Seed / Angel Funding,20770463.751474757,2018-02-28
CleverTap,Technology,Mobile App Analytics,Mumbai,"Recruit Holdings, Sequoia Capital India, Accel Partners",Seed / Angel Funding,26000000.0,2018-02-01
EarlySalary,Finance,Online Lending,Pune,Eight Roads Ventures India,Private,15700000.0,2018-04-01
Wotu,E-commerce,Food and Beverages,Bengaluru,"Claris Capital, Mumbai Angels Network",Seed / Angel Funding,20770463.751474757,2018-05-01
Daaki,E-commerce,Sports Nutrition Supplement etailer,Bengaluru,Rohan Agila,Seed / Angel Funding,20770463.751474757,2018-08-01
Lendingkart,Finance,Online Lending,Ahmedabad,Nederlandse Financierings-Maatschappij voor Ontwikkelingslanden N.V.,Debt Funding,4700000.0,2018-09-01
Kinsane Entertainment,Entertainment,Digital Entertainment for Children,Mumbai,Unknown,Seed / Angel Funding,2500000.0,2018-09-01
Tapzo,Technology,Personal Assistant,Bengaluru,RuNet & Other,Private Equity,1930000.0,2018-10-01
Appario Retail,E-commerce,Retail,Delhi,Amazon-Patni JV,Private Equity,18840000.0,2018-10-01
Samunnati,Finance,Agricultural Loan,Chennai,"responsAbility, Elevar Equity and Accel Partners",Private Equity,23500000.0,2018-10-01
Sahajanand Medical Technologies,Technology,Medical Devices,Surat,Morgan Stanley Private Equity Asia,Private Equity,36230000.0,2018-10-01
Kuants,Technology,Algorithmic Trading,Gurugram,"Pankaj Chopra, Ankush Gupta",Seed / Angel Funding,80000.0,2018-12-01
Razorpay,Technology,Payment Gateway,Bengaluru,"Tiger Global, Y Combinator",Private Equity,20000000.0,2018-12-01
Streak,Technology,Algorithmic Trading,Bengaluru,"Indian fintech fund, Rainmatter",Seed / Angel Funding,354600.0,2018-01-15
Pi Ventures,Finance,Venture Capital,Bengaluru,"Sunil Kant Munjal, Hero Electronix's corporate financing arm, Electronic Development Fund",Private Equity,25000000.0,2018-01-15
Newgen Software,Technology,IT,Delhi,"Goldman Sachs, hedge fund & Others",Private Equity,20000000.0,2018-01-15
Rubix,Technology,Education,Pune,Polaris Fund,Private Equity,1000000.0,2018-01-17
ShareChat,Technology,Social,Bengaluru,"Xiaomi Singapore, Shunwei Capital",Private Equity,18200000.0,2018-01-18
Paperflite,Technology,IT,Chennai,The Chennai Angels,Seed / Angel Funding,400000.0,2018-01-22
HungerBox,Consumer Internet,Food and Beverages,Bengaluru,Lionrock Capital,Private Equity,2500000.0,2018-01-22
Skillate,Technology,Artificial Intellegence,Bengaluru,"Incubate Fund India, Anuj Agrawal",Private Equity,20770463.751474757,2018-01-22
OptaCredit,Finance,Alternative Lending,Chennai,DMI Finance,Private Equity,4000000.0,2018-01-22
AEON Learning,Technology,Education,Bengaluru,Dr. Ranjan Pai,Private Equity,3200000.0,2018-01-22
Milkbasket,E-commerce,Online Grocery,Gurugram,Unilever Ventures,Private Equity,3000000.0,2018-01-23
NeoGrowth Credit,Finance,Digital Lending,Mumbai,"LeapFrog Investments, Aspada Investment, Quona Capital",Private Equity,47000000.0,2018-01-24
Rao IIT Academy,Education,Coaching Services,Mumbai,Avendus Finance,Structured Debt,8600000.0,2018-01-24
Aye Finance,Finance,Online Lending,Gurugram,IFMR Capital,Term Loan,6240000.0,2018-01-24
Glassic,E-commerce,Eyewear,Bengaluru,"Chennai Angels, Lead Angels, LetsVenture",Seed / Angel Funding,20770463.751474757,2018-01-25
GreyAtom,Technology,Education,Mumbai,Pravega Ventures,Private Equity,1000000.0,2018-01-25
Axio,Healthcare,Hemostatic Dressing Solutions,Bengaluru,RNT Capital,Private Equity,7400000.0,2018-01-26
eKincare,Healthcare,Technology,Hyderabad,"Ventureast, Endiya Partners, Eight Roads Ventures, Touchstone Equities, BVR Mohan Reddy",Private Equity,1500000.0,2018-01-29
The Wedding Brigade,Consumer internet,Online Services,Mumbai,Blume Ventures,Private Equity,1000000.0,2018-01-29
PeeSafe,Healthcare,Hygiene,Gurugram,"Shivani Singh, Rahul Maroli, Mitesh Shah, Venture Catalysts, Alfa Capital, Green Shots Capital, Real Time Ventures.",Private Equity,1000000.0,2018-01-30
BrowserStack,Technology,Browser Testing,Mumbai,Accel Partners,Private Equity,50000000.0,2018-01-30
Scapic,Technology,Virtual Reality,Bengaluru,"Axilor Ventures, Newfort Capital",Seed / Angel Funding,500000.0,2018-01-30
MoneyOnMobile,Technology,Mobile Payment Platform,Mumbai,Undisclosed Investors,Private Equity,7600000.0,2018-01-30
CureFit,Healthcare,Fitness,Bengaluru,"HDFC Bank, Axis Bank",Debt Funding,10000000.0,2018-01-30
iNurture,Technology,Education Solutions,Bengaluru,Ventureast,Private Equity,4400000.0,2018-01-31
Strata Enviro,Technology,IoT based air pollution controller,Mumbai,Scale Minds,Private Equity,20770463.751474757,2017-01-12
Dunzo,Technology,Daily Task Management Mobile App,Bengaluru,Google,Private Equity,12300000.0,2017-05-12
Tata Housing,Real Estate,Residential Project,Mumbai,Hines,Private Equity,23000000.0,2017-05-12
HandyTrain,Technology,Mobile Learning Management Platform,Goa,NB Ventures,Private Equity,1000000.0,2017-05-12
Mobycy,Technology,Bicycle sharing Platform,Gurugram,Undisclosed Investors,Seed / Angel Funding,500000.0,2017-05-12
Greenlight Planet,Technology,Off-grid solar products platform,Mumbai,"Apis Partner, Eight Roads Ventures, Bamboo Capital Partners",Private Equity,60000000.0,2017-06-12
Fintobox,Technology,Child Learning & Development Platform,Chennai,Lightbox,Private Equity,7000000.0,2017-06-12
mSwipe,Technology,Mobile point of sale services provider,Mumbai,Eduardo Saverin,Private Equity,10000000.0,2017-07-12
The Label Life,E-commerce,Home Decor and Online Fashion Portal,Mumbai,Kalpvriksh,Private Equity,3100000.0,2017-07-12
Cygnus Hospitals,Healthcare,Super speciality Hospitals,Gurugram,Somerset Indus Capital Ventures,Seed / Angel Funding,750000.0,2017-07-12
eShakti,E-commerce,"""Women 's Fashion Clothing Online Platform""",Chennai,IDG Ventures,Debt Funding,2300000.0,2017-07-12
Inshorts,Technology,Mobile News Curation App,Noida,Tiger Global,Private Equity,5000000.0,2017-08-12
Vahdam Tea,E-commerce,Online Platform Selling Indian Tea Globally,Delhi,"Singapore Angel Network, Mumbai Angel",Private Equity,1500000.0,2017-11-12
Logic Roots,Technology,Educational Platform to Learn Mathematics,Mumbai,Village Capital,Seed / Angel Funding,50000.0,2017-11-12
Project Mudra,Technology,Assisting Visually Impaired to learn through Braille,Bengaluru,Village Capital,Seed / Angel Funding,50000.0,2017-11-12
Furlenco,Technology,Furniture Rental Platform,Bengaluru,Aamir Khan,Debt Funding,1200000.0,2017-11-12
I Can Stay,Technology,Hotel Aggregator Platform,Delhi,HT Media,Private Equity,1800000.0,2017-12-12
Fracktal Works,Technology,Platform based on 3D printing and Digital Manufacturing,Bengaluru,Hyderabad Angels,Seed / Angel Funding,3000000.0,2017-12-12
Simility,Technology,Adaptive Fraud Intelligence Platform,Hyderabad,Accel Partners,Private Equity,17500000.0,2017-12-12
Shopholix,E-commerce,Fashion and Lifestyle Coupon Platform,Gurugram,Munesh Khanna,Seed / Angel Funding,233000.0,2017-12-12
MindTickle,Technology,Gamification Platform to train Sales People,Pune,Canaan Partners,Private Equity,27000000.0,2017-12-13
Nazara Technologies,Technology,Mobile Games Development Firm,Mumbai,Rakesh Jhunjhunwala,Private Equity,27000000.0,2017-12-13
DocsApp,Technology,Mobile Application for Doctor Consultation,Bengaluru,Bessemer Venture Partners,Private Equity,7200000.0,2017-12-13
Capita World,Technology,Artificial Intelligence Platform to Raise Funds,Mumbai,"Mohan Tanksale, Kiran Shetty, Darshak Shah, Mandar Mhatre",Private Equity,20770463.751474757,2017-12-13
TeaBox,E-commerce,Fresh Indian Tea Selling Platform across 112 countries,Bengaluru,RB Investments,Private Equity,7000000.0,2017-12-14
Transversal Technologies,Technology,Hyperlocal Video Information Sharing Platform,Bengaluru,Matrix Partners,Private Equity,6000000.0,2017-12-14
Curofy,Technology,Mobile App for Network of Doctors,Gurugram,RoundGlass Partners LLC,Seed / Angel Funding,250000.0,2017-12-14
HomeLane,E-commerce,Online Furniture Marketplace,Bengaluru,"Accel Partners, Sequoia Capital, RB Investments",Private Equity,10000000.0,2017-12-14
WeDoSky,Technology,Provides Business Insights using Drone Imaginary,Delhi,Mumbai Angels Network,Private Equity,20770463.751474757,2017-12-14
Purplle,E-commerce,Beauty Products Online Marketplace,Mumbai,"Mountain Pain Capital, Suncoast Investments",Seed / Angel Funding,537000.0,2017-12-15
Cash Suvidha,E-commerce,Online Micro-Lending Platform,Delhi,Unknown,Debt Funding,2700000.0,2017-12-15
Sky Met Weather,Technology,Weather Forecast Platform,Noida,InsuResillience Investment Fund,Private Equity,20770463.751474757,2017-12-18
Springboard,Technology,Online Courses and Mentoring from Experts,Bengaluru,"Costanoa, Learn Capital, Jyoti Bansal",Private Equity,9500000.0,2017-12-19
Peel Works,Technology,SaaS based Big Data Analytics Platform,Mumbai,Unilever Ventures,Private Equity,20770463.751474757,2017-12-19
9Stacks,Technology,Online Poker Platform,Delhi,"Swati Gupta, Purnima Khandelwal, Maheshwar Peri, Sanjay Singh",Private Equity,1500000.0,2017-12-19
Your Quote,Technology,Vernacular and Video Content Platform,Bengaluru,"Axilor Ventures, E-City VEntures Atul Goel",Private Equity,1000000.0,2017-12-20
Spandana Sphoorty,Finance,Micro finance institution providing small ticket unsecured loans to women,Hyderabad,"Kedaraa Capital, Ontario Teachers",Private Equity,19500000.0,2017-12-20
Indus OS,Technology,Regional Operating System for Smartphones,Mumbai,Omidyar Network,Private Equity,4000000.0,2017-12-21
EasyEcom,E-commerce,Ecommerce enabler platform,Bengaluru,"Ambarish Gupta, Aneesh Reddy, Bold Ventures, Vona Investments",Seed / Angel Funding,150000.0,2017-12-21
Igp,E-commerce,Online Gifting Platform,Noida,Venture Catalysts,Private Equity,20770463.751474757,2017-12-21
Specsmakers,E-commerce,Online Spects Platform for Men and Women,Chennai,Eight Roads Ventures India,Private Equity,10000000.0,2017-12-26
Garage On Road,E-commerce,Online vehicle service booking platform,Noida,Gaurav Gupta,Private Equity,20770463.751474757,2017-12-27
Foyr,Technology,Realty Tech Startup solving real life Interior Designing problems,Hyderabad,Jones Lang LaSalle,Private Equity,3800000.0,2017-12-27
Prest Loans,Finance,Business & SME Loans provider,Delhi,"Manish Poddar, Arun Garg, Parmeshwar Sharma",Seed Funding,570000.0,2017-02-11
AadharAPI,Technology,Aadhaar-based API provider,Pune,CIO Angel Network,Seed Funding,20770463.751474757,2017-02-11
FreshBoxx,E-commerce,Online Grocery Store,Bengaluru,Jayant Humbarwadi,Seed Funding,20770463.751474757,2017-02-11
Vagupu,Technology,Online Tutorial Marketplace,Bengaluru,Undisclosed Investors,Seed Funding,1000000.0,2017-03-11
HalaPlay,Consumer Internet,Online Fantasy Games,Mumbai,"Kae Capital Management, Nazara Technologies",Seed Funding,20770463.751474757,2017-03-11
Kalpnik Technologies,Technology,VR based Spiritual platform,Bengaluru,Venture Catalysts,Seed Funding,500000.0,2017-03-11
Hevo Data,Technology,Real time data analytics & reporting,Bengaluru,IDG Ventures India,Private Equity,1000000.0,2017-04-11
Smart Karma,Technology,Financial Technology Research Platform,Bengaluru,IDG Ventures India,Private Equity,20770463.751474757,2017-06-11
Leverage Edu,E-commerce,Online platform for Higher Education Services,Delhi,"Alok Mittal, Deepak Jain, Ritesh Malik, Jim Schimdktke",Seed Funding,20770463.751474757,2017-06-11
Crayon Data,Technology,Customer Engagement Platform,Delhi,Infosys co-founder Kris Gopalakrishnan,Seed Funding,20770463.751474757,2017-07-11
DocTalk,Technology,Doctor Patient Communication platform,Mumbai,"Matrix Partners India, Khosla Ventures",Private Equity,5000000.0,2017-07-11
CoveIoT,Technology,Wearable tech and Internet of Things platform,Bengaluru,"Titan Co Ltd, Tata Group's watch and jewellery retailing firm",Private Equity,5000000.0,2017-07-11
TalentEdge,Technology,Distance Education Learning Platform,Bengaluru,Lumis Partners,Private Equity,7600000.0,2017-08-11
Fisdom,Finance,Mutual Fund Investment App,Bengaluru,Quona Capital Management,Private Equity,3000000.0,2017-08-11
FarmLink,E-commerce,Online platform for Agricultural products,Mumbai,"Pioneering Ventures, Syngenta AG",Private Equity,3000000.0,2017-08-11
OpenApp,Technology,IoT based Tech Startup,Bengaluru,"Axilor Ventures, Kumar Vembu",Private Equity,3600000.0,2017-08-11
NoPaperForms,Technology,Enrolment Management Platform,Delhi,Info Edge,Seed Funding,872000.0,2017-09-11
Tilite Technologies,Technology,Saas based Corporate Travel Management Solution,Bengaluru,Matrix Partners,Seed Funding,20770463.751474757,2017-09-11
Mobiliz AR,Technology,Augmented Reality based Tech platform,Bengaluru,"IDG Ventures, IDFC-Parampara Fund",Private Equity,20770463.751474757,2017-09-11
Qubole,Technology,Big Data based analytics platform,Bengaluru,"Singtel, Innov8, Harmony Partners",Private Equity,25000000.0,2017-10-11
Happily Unmarried,E-commerce,Online Gifting platform,Delhi,Wipro Consumer Care,Private Equity,20770463.751474757,2017-10-11
Universal Sportsbiz,E-commerce,Celebrity fashion accessories and merchandise,Mumbai,Accel Partners,PrivateEquity,15000000.0,2017-11-13
Hungry Foal,E-commerce,Healthy & Nutrition based snacks online platform,Gurugram,GAIL India Ltd,Seed Funding,20770463.751474757,2017-11-14
Active AI,Technology,AI based FinTech platform,Bengaluru,Vertex Ventures,Private Equity,8250000.0,2017-11-14
Sumeru,Technology,Banking Software License Platform,Bengaluru,Undisclosed Investors,Seed Funding,900000.0,2017-11-15
ElderAid Wellness,Healthcare,Social Healthcare Enterprise,Bengaluru,Rugmini Menon,Angel Funding,20770463.751474757,2017-11-15
Omnia Information,Technology,WiFi Analytics Platform,Delhi,Omidyar Network,Private Equity,3000000.0,2017-11-15
Josh Talks,Inspiration,Storytelling platform,Gurugram,"Girish Mathrubootham, Apurva Chamaria, Rohit Chanana",Private Equity,20770463.751474757,2017-11-15
Reniso,Technology,End-to-End property management for landlords living away,Delhi,"Nishit Sharma, Alok Srivastava",Seed Funding,20770463.751474757,2017-11-15
Kanhaiya,Inspiration,Storytelling platform,Hyderabad,Undisclosed Investors,Seed / Angel Funding,200000.0,2017-11-17
Perspectico,Technology,Placement preparation and career growth training platform,Delhi,"SSCBS Innovation, Incubation Foundation (SIIF)",Seed / Angel Funding,20770463.751474757,2017-11-17
ONN Bikes,Technology,Self riding bike rental program,Mumbai,Z Nation Lab,Seed / Angel Funding,692000.0,2017-11-20
Rapido,Technology,Bike and Taxi pooling online platform,Hyderabad,"Skycatcher Fund, Aravind Sanka",Seed / Angel Funding,329230.0,2017-11-21
Heckyl,Technology,Big Data Analytics Platform,Mumbai,"Notion Capital, IDG Ventures",Private Equity,2700000.0,2017-11-21
Nuvepro,Technology,Managed Cloud Environment Solutions,Mumbai,1Crowd,Seed / Angel Funding,400000.0,2017-11-21
RedBook,Technology,AI based pharmacy drugs insights platform,Mumbai,"Vida Ventures, Dr. Aniruddha Malpani",Seed / Angel Funding,250000.0,2017-11-21
Portea,Healthcare,Healthcare facilities at doorstep,Bengaluru,"Sabre Partners, MEMG CDC",Private Equity,26000000.0,2017-11-21
Credit Mate,Technology,Vehicle loan approval platform,Mumbai,Paytm,Private Equity,20770463.751474757,2017-11-21
Epiq Capital,Finance,Tech based investor firm,Mumbai,Global Institutional Investors,Private Equity,200000000.0,2017-11-21
MiStay,Technology,Online Hotel Reservation Platform,Bengaluru,Axilor Ventures,Seed / Angel Funding,20770463.751474757,2017-11-22
WittyFeed,Storytelling,Viral Content and storytelling platform,Indore,Sandeep Aggarwal,Seed / Angel Funding,20770463.751474757,2017-11-23
IDG Ventures,Finance,Venture Capitalist,Bengaluru,Uniliver Ventures,Private Equity,10000000.0,2017-11-24
TempGo,Technology,IoT and SaaS based transportation platform,Goa,Javelin StartupO Victory Fund,Seed / Angel Funding,250000.0,2017-11-24
Edelweiss,Finance,Diversified Financial,Mumbai,Undisclosed Investors,Private Equity,270000000.0,2017-11-27
Era,Technology,Identity management platform,Mumbai,Amit Patni,Seed / Angel Funding,39000.0,2017-11-27
Smaaash,Technology,Virtual Reality based gaming platform,Mumbai,Sixth Sense Ventures,Private Equity,3800000.0,2017-11-27
Chumbak,Lifestyle,Designer-led consumer products,Bengaluru,Gaja Capital,Private Equity,13000000.0,2017-11-28
Fr8,Technology,Online Truck aggregator platform,Chennai,IFMR Capital,Debt Funding,1500000.0,2017-11-28
MobieFit,Healthcare,Health and fitness based mobile App,Goa,"NB Ventures, MediAssist",Seed / Angel Funding,1350000.0,2017-11-28
Stanza Living,Technology,Student accommodation platform,Delhi,"Matrix PArtners, Accel",Private Equity,2000000.0,2017-11-28
ChqBook,Consumer Internet,Home Loans Aggregation platform,Gurugram,"Startup Buddy, Apurva Chamaria, Sachin Arora, Bharat Gupta, Amit Manocha",Seed Funding,20770463.751474757,2017-03-10
HomeCapital,Consumer Internet,Home Loan Down payment assistance program,Mumbai,Venture Catalysts,Seed Funding,20770463.751474757,2017-03-10
Ola,Consumer Internet,App based cab hailing services,Bengaluru,"Tencent, Softbank Group",Private Equity,110000000.0,2017-03-10
Elanic,Consumer Internet,P2P platform for Fashion sales,Bengaluru,Digital Garage,Seed Funding,20770463.751474757,2017-04-10
CollPoll,Consumer Internet,Education collaboration platform,Bengaluru,Sprout Angels,Seed Funding,306000.0,2017-04-10
PhonePe,Consumer Internet,Digital Wallet,Bengaluru,Flipkart,Private Equity,38700000.0,2017-04-10
Little Black Book,Consumer Internet,Local Recommendations and Discoveries Platform,Delhi,"Blume Ventures, IDG Ventures & Indian Angel Network",Private Equity,1000000.0,2017-05-10
Oorjan,Technology,rooftop solar platform,Mumbai,Globevestor,Seed Funding,450000.0,2017-05-10
Zefo,E-commerce,Ecommerce Portal for Used Goods,Bengaluru,"Sequoia India, Helion Venture Partners, Beenext",Private Equity,9200000.0,2017-05-10
Yaantra,E-commerce,Mobile repair and Refurbishment platform,Delhi,Carpediem Capital,Private Equity,3100000.0,2017-06-10
Farm Taaza,Technology,Fresh Produce SCM company,Bengaluru,"Epsilon Venture Partners, Tara India Fund IV and others",Private Equity,8000000.0,2017-06-10
Drivezy,Consumer Internet,Self Drive car and bike rental platform,Bengaluru,"Das Capital, Axan Partners, Das Capital and IT Farm",Private Equity,10000000.0,2017-06-10
Slice Pay,Consumer Internet,Student Micro-financing platform,Bengaluru,"Das Capital, Simile Ventures",Private Equity,2000000.0,2017-06-10
Agrowave,Technology,Agriculture Supply Chain management solutions,Gurugram,Daffodil Software,Seed Funding,20770463.751474757,2017-09-10
MyGubbi,E-commerce,Home Interior Designing Seller,Bengaluru,"Firoze Irani, Vipul Parekh, Ananda Kallugadde, Rajesh K Murthy",Private Equity,2700000.0,2017-09-10
IBSFintech,Technology,Treasury Risk Management Solution,Bengaluru,Shailesh Haribhakti,Seed Funding,20770463.751474757,2017-09-10
Letsservice,Consumer Internet,Auto Service Logistics & SAAS platform,Bengaluru,Aequs Group,Private Equity,20770463.751474757,2017-09-10
OneStepUp,Technology,Education Technology platform,Delhi,Orient BlackSwan,Seed Funding,336000.0,2017-09-10
ThirdWatch,Technology,AI-powered anti-fraud solutions,Gurugram,"Rahul Agarwalla, Keshav Sanghi, Batlivala & Karani Securities",Seed Funding,20770463.751474757,2017-09-10
Parallel Dots,Technology,AI-powered deep learning solutions,Gurugram,Multipoint Capital,Private Equity,1400000.0,2017-10-10
Easy Diner,Consumer Internet,online restaurant reservation platform,Gurugram,Saama Capital and DSG Consumer Partners,Private Equity,4500000.0,2017-10-10
Meesho,E-commerce,Online Reseller Network,Bengaluru,"SAIF Partners, YCombinator, Venture Highway",Private Equity,3100000.0,2017-11-10
StanPlus,Logistics,Medical Transportation Services,Hyderabad,KStart Capital,Private Equity,1100000.0,2017-11-10
Uclid,Technology,"Education Network for Institutions, teachers & Students",Hyderabad,Undisclosed Investors,Seed Funding,235000.0,2017-12-10
PolicyBazaar,Consumer Internet,Online insurance policy aggregator,Gurugram,"Wellington Management, DG Ventures India, True North",Private Equity,77000000.0,2017-10-13
Gapoon,Consumer Internet,home maintenance services platform,Bengaluru,"Vida Ventures, Snehal Mantri, Anshu Bahadur",Seed Funding,250000.0,2017-10-13
Chaayos,E-commerce,Online Chai ordering platform,Gurugram,Tiger Global Management,Private Equity,2000000.0,2017-10-13
KrazyBee,Consumer Internet,Micro-lending platform,Bengaluru,"Xiaomi Technologies, Shunwei Capital",Private Equity,8000000.0,2017-10-16
RenewBuy,Consumer Internet,Online Insurance Aggregator,Delhi,Amicus Capital,Private Equity,9200000.0,2017-10-16
Fingerlix,Consumer Internet,Food Ordering Portal,Bengaluru,"Accel Partners, Zephyr Peacock",Private Equity,7000000.0,2017-10-17
Bank Bazaar,Consumer Internet,Online Financial Marketplace,Chennai,Experian,Private Equity,7000000.0,2017-10-18
Hasura,Technology,App building platform,Chennai,"Nexus, GREE Ventures",Private Equity,20770463.751474757,2017-10-18
BlackBuck,Logistics,B2B Logistics provider,Bengaluru,Innoven Capital,Private Equity,7700000.0,2017-10-18
LenDenClub,Consumer Internet,Online peer-to-peer lending platform,Mumbai,Undisclosed Investors,Seed Funding,500000.0,2017-10-18
Toppr,Consumer Internet,Mobile based learning app,Mumbai,"SAIF Partners, Helion Ventures, FIL Capital Management",Private Equity,7000000.0,2017-10-23
RAW Pressery,Food & Beverage,Cold pressed Juice maker,Mumbai,"DSG Consumer Partners, Sequoia Capital, Saama Capital",Private Equity,6000000.0,2017-10-23
Cashe,Consumer Internet,app-only lending platform,Mumbai,IFMR Capital,Debt Funding,3100000.0,2017-10-23
Park Easy,Consumer Internet,Machine learning based parking discovery,Kolkata,Rockstart Accelerator,Seed Funding,118000.0,2017-10-23
TagBox,Technology,Cold Chain monitoring solution,Bengaluru,"Indian Angel network, IAN Fund",Seed Funding,20770463.751474757,2017-10-24
Fyre,Food & Beverage,Herbal energy shot maker,Mumbai,Venture Catalysts,Seed Funding,500000.0,2017-10-24
ZipLoan,Consumer Internet,SME lending platform,Delhi,"Matrix Partners India, WaterBridge Ventures, Whiteboard Capital, Sarbvir Singh",Private Equity,3000000.0,2017-10-24
Skillenza,Consumer Internet,Online Learning Platform,Bengaluru,"Blume Ventures, Indian Angel Network",Seed Funding,722000.0,2017-10-24
Chevon,Food & Beverage,Frozen Meat provider,Mumbai,Greenfield Advisory,Private Equity,20770463.751474757,2017-10-24
PropStory,Consumer Internet,Real Estate content portal,Gurugram,"Abhishek Bhatewara, Vivek Shah, Haitong Securities, Suraj Saharan, Paras Arora",Seed Funding,20770463.751474757,2017-10-25
SpotDraft,Consumer Internet,Contract Automation,Gurugram,"Hunch Ventures, Spiral Ventures, 500 Startups, Singapore Angel Network, Citrus Payments",Seed Funding,550000.0,2017-10-25
Big Basket,E-commerce,Online Grocery portal,Bengaluru,Helion Ventures Partners,Private Equity,5000000.0,2017-10-26
OfBusiness,Technology,B2B Finance & Fulfilment Network,Gurugram,Kotak Mahindra Bank,Debt Funding,3800000.0,2017-10-27
Olly Credit,Technology,Credit + payment mobile app,Delhi,"Incubate Fund, Sandesh Kirkire, Anand Kumar, Yogesh Chaudhary",Seed Funding,20770463.751474757,2017-10-27
CashFree,Technology,Payments Platform for Marketplaces and Fintechs,Delhi,Y Combinator,Seed Funding,120000.0,2017-10-28
Ola,Consumer Internet,App based cab hailing services,Bengaluru,ANI Technologies Pvt. Ltd,Private Equity,7700000.0,2017-10-28
GoldFarm,Food & Beverage,Agriculture Technology,Coimbatore,Mahindra & Mahindra and Infuse Ventures,Private Equity,2000000.0,2017-10-30
NetMeds,E-commerce,Online Pharmacy,Chennai,TannCam Investment & Sistema Asia Fund,Private Equity,14000000.0,2017-10-31
Mse,Finance,Equity Stock Exchange,Mumbai,"IL&FS, Trust Capital, Rosy Blue Securities, Radhakrishan Damani and Rakesh Jhunjhunwala",Private Equity,32000000.0,2017-10-31
Aahaa Stores,E-commerce,Online B2B store for office supplies,Chennai,YourNest Angel Fund,Private Equity,1000000.0,2017-01-09
MFine,Consumer Internet,Online Doctor Discovery platform,Bengaluru,"Stellaris Venture Partners, Mayur Abhaya, Rohit MA",Private Equity,1500000.0,2017-01-09
Canvera,Consumer Internet,Online Photography platform,Mumbai,InfoEdge,Private Equity,1300000.0,2017-01-09
PrimaryIO,Technology,Application Performance Acceleration,Pune,"Accel Partners, Exfinity Ventures, Partech Ventures",Private Equity,5600000.0,2017-04-09
Shubh Loans,Consumer Internet,online lending platform,Bengaluru,"SRI Capital, BeeNext, Pravega Ventures",Private Equity,1500000.0,2017-05-09
Nest Education,Technology,EduTech Platform,Gurugram,"Michael and Susan Dell Foundation, Anand Mahindra",Seed Funding,600000.0,2017-05-09
Lendingkart,Consumer Internet,Online Lending Platform,Ahmedabad,"Bertelsmann India, Mayfield Capital, Saama Capital, Darrin Capital",Private Equity,10750000.0,2017-06-09
GoFro,Consumer Internet,Online travel booking platform,Delhi,"HIS Co. Ltd, MakeMyTrip",Private Equity,10000000.0,2017-06-09
OncoStem,Healthcare,Medical Diagnostic Solutions,Bengaluru,"Sequoia Capital India, Artiman Ventures",Private Equity,6000000.0,2017-06-09
Power2SME,E-commerce,Buying Club for Small Businesses,Gurugram,"International Finance Corporation (IFC), Inventus Capital Partners, Accel Partners, Kalaari Capital, and Nandan Nilekani",Private Equity,26000000.0,2017-06-09
Credit Vidya,Consumer Internet,Online Credit scoring platform,Mumbai,Matrix Partners,Private Equity,5000000.0,2017-07-09
TailsLife,Consumer Internet,Pet care portal & mobile app,Bengaluru,V Balakrishnan.,Private Equity,20770463.751474757,2017-07-09
OYO Rooms,Consumer Internet,Branded budget hotels marketplace,Gurugram,"SoftBank Group, Sequoia Capital India, Lightspeed Venture Partners, Greenoaks Capital, Hero Enterprise",Private Equity,250000000.0,2017-07-09
Early Salary,Consumer Internet,Online Unsecured Lending platform,Pune,IFMR Capital,Debt Funding,780000.0,2017-07-09
Mamaearth,E-commerce,online babycare products marketplace,Gurugram,Fireside Ventures,Seed Funding,4000000.0,2017-07-09
Seniority,E-commerce,Ecommerce portal for senior citizens,Pune,RPG Enterprises,Private Equity,1000000.0,2017-07-09
AYE Finance,Consumer Internet,Micro Lending Platform,Delhi,Triodos Investment Management,Debt Funding,6900000.0,2017-08-09
Farmizen,Technology,Agre-Tech Mobile app,Bengaluru,"Venture Highway, Alok Mittal, Mohit Agarwal, Anuj Gupta",Seed Funding,20770463.751474757,2017-08-09
Ecom Express,Logistics,Logistics Solutions provider,Delhi,Warburg Pincus,Private Equity,30000000.0,2017-11-09
Call Health,Consumer Internet,Healthcare Services Aggregator,Hyderabad,"Sachin Tendulkar, P.V SIndhu, Pullela Gopichand",Private Equity,6200000.0,2017-11-09
Sattviko,E-commerce,Health Food etailer,Delhi,"Raman Roy, Arvind Uppal, Sonu Bhasin, G Ravishankar",Seed Funding,320000.0,2017-12-09
3HCare,Consumer Internet,Healthcare services portal,Delhi,Undisclosed Investors,Seed Funding,100000.0,2017-12-09
Tonbo Imaging,Technology,Imaging Technology for Armed Forces,Bengaluru,"WRV Capital, Qualcomm Ventures, Edelweiss Private Equity, Artiman Ventures",Private Equity,17000000.0,2017-12-09
Get My Parking,Consumer Internet,Smart Parking Enabler,Delhi,"IAN Fund, Beenext, Indian Angel Network",Private Equity,3000000.0,2017-12-09
WittyFeed,Technology,Content marketing platform,Indore,"Anand Chandrasekaran, Apurva Chamaria, Ritesh Malik, Ashish Toshniwal, Ajeet Khurana",Seed Funding,20770463.751474757,2017-09-13
Glowroad,Consumer Internet,women focussed customer-to-customer reseller network,Bengaluru,Accel Partners,Private Equity,2000000.0,2017-09-13
OYO Rooms,Consumer Internet,udget hotel marketplace,Gurugram,China Lodging Group,Private Equity,10000000.0,2017-09-13
Unacademy,Consumer Internet,Online learning platform,Mumbai,"Sequoia Capital India, SAIF Partners, Nexus Venture Partners and Blume Ventures",Private Equity,11500000.0,2017-09-13
Heterogenous,Technology,Telecom & IoT platform,Chennai,"Chennai Angels, Keiretsu Forum & Others",Seed Funding,780000.0,2017-09-13
Gurukul,Consumer Internet,co-working space provider,Delhi,"Rohit Nanda, Rajit Nanda, Smarak Bhuyan, Sashwat Brahma",Seed Funding,20770463.751474757,2017-09-14
Smaaash,Technology,Virtual Reality gaming and entertainment platform,Mumbai,ECL Finance,Private Equity,44000000.0,2017-09-14
WheelStreet,Consumer Portal,Bike Rental Platform,Bengaluru,Y Combinator,Seed Funding,120000.0,2017-09-14
Xprep,Consumer Internet,Online Tutoring Platform,Delhi,"Rising Stars, Manish Amin, Pallav Pandey, Chavi Jafa",Private Equity,20770463.751474757,2017-09-14
The Moms Co,E-commerce,Pregnancy & Baby Care product etailer,Gurugram,"DSG Consumer Partners, Saama Capital",Private Equity,1000000.0,2017-09-18
Noticeboard,Technology,"mobile-first communication platform for on-field staff,",Bengaluru,"Shamik Sharma, Aprameya Radhakrishna",Seed Funding,1200000.0,2017-09-19
High Radius,Technology,Integrated receivables software solutions,Hyderabad,Susquehanna Growth Equity LLC,Private Equity,50000000.0,2017-09-19
HWell24 Plus,Healthcare,Technology-Empowered Healthcare Solutions,Mumbai,Undisclosed Investors,Seed Funding,20770463.751474757,2017-09-20
SaveBC,Finance,financial services firm,Gaya,Incofin Investment Management.,Private Equity,6000000.0,2017-09-21
Gaming Monk,Consumer Internet,E-sports platform,Delhi,AdvantEdge,Private Equity,20770463.751474757,2017-09-21
91SpringBoard,Consumer Internet,Co-working spaces,Delhi,"Sandway Investment Ltd, Pearl Brook Holdings, Silo Holdings and Al Nour",Private Equity,20770463.751474757,2017-09-21
Homergize,E-commerce,Home Furnishing & Building material marketplace,Bengaluru,LG Chandrasekhar,Private Equity,1000000.0,2017-09-21
Yatra,E-commerce,Online Travel Agency,Gurugram,InnoVen Capital India,Debt Funding,15400000.0,2017-09-22
Ace Turtle,Technology,Omni-channel web commerce solutions provider,Bengaluru,InnoVen Capital,Private Equity,5000000.0,2017-09-22
Vogo,Consumer Internet,Scooter Rental Platform,Bengaluru,AV Thomas Group,Seed Funding,20770463.751474757,2017-09-25
Synup,Technology,SME Marketing Management Solution,Bengaluru,"Vertex Ventures, Prime Venture Partners.",Private Equity,6000000.0,2017-09-25
TinMen,Consumer Internet,Food Delivery platform,Hyderabad,Zomato Media Pvt. Ltd,Private Equity,20770463.751474757,2017-09-25
Cropin,Technology,Crop Technology Solutions,Bengaluru,Beenext,Private Equity,20770463.751474757,2017-09-25
Rapido,Consumer Internet,Bike Aggregator Mobile App,Bengaluru,Battery Road Digital Holdings LLC,Seed Funding,422000.0,2017-09-25
Sportobuddy,Consumer Internet,Sports & Sport related equipment portal,Mumbai,Mehul Shah,Seed Funding,150000.0,2017-09-25
Credifiable,Consumer Internet,Online consumer lending platform,Bengaluru,Kae Capital,Private Equity,20770463.751474757,2017-09-26
Inclov,Consumer Internet,Matchmaking app for the differently abled,Gurugram,"Rajan Anandan, Jamil Khatri, Ravi Iyer, Raghav Bahl",Seed Funding,20770463.751474757,2017-09-26
Multibhashi,Consumer Internet,Language learning Mobile App,Bengaluru,"Aniruddha Malpani, Startup Oasis",Seed Funding,20770463.751474757,2017-09-26
Transerve,Technology,Geospatial Technology-based SaaS solutions,Mumbai,"IL&FS Investment Managers, Omidyar Network.",Private Equity,1600000.0,2017-09-27
Fashalot,Consumer Internet,O2O fashion discovery platform,Gurugram,"Capillary Technologies, Whiteboard Capital, YourNest Angel Fund, Rajul Garg",Private Equity,20770463.751474757,2017-09-27
PitStop,Consumer Internet,Car repair and Servicing Platform,Bengaluru,"Blume Ventures, Goldbell Group, Anurag Srivastava, Shailesh Rao, Amiya Pathak, Rajesh Yohanan and Rahul Garg",Private Equity,1000000.0,2017-09-27
GoChoppers,Consumer Internet,Luxury Helicopter Tourism Services portal,Gurugram,Rivergate Capital,Seed Funding,20770463.751474757,2017-09-27
MyUpchar,Consumer Internet,Local Language Health Information portal,Delhi,LetsVenture,Seed Funding,300000.0,2017-09-27
Aadyah,Technology,Defense Tech & Aerospace startup,Bengaluru,Keiretsu Forum,Private Equity,1000000.0,2017-09-28
TouchKin,Technology,Predictive Care Platform,Bengaluru,Kae Capital,Private Equity,1300000.0,2017-01-08
Ethinos,Technology,Digital Marketing Agency,Mumbai,Triton Investment Advisors,Private Equity,20770463.751474757,2017-02-08
Leverage Edu,Consumer Internet,Online platform for Higher Education Services,Delhi,"Kashyap Deorah, Anand Sankeshwar, Deepak Jain, Sadashiva NT, Arjun Mehta, Satish Kaul, Anindya Ghose",Seed Funding,20770463.751474757,2017-02-08
Zepo,Consumer Internet,DIY Ecommerce platform,Mumbai,"Kunal Shah, LetsVenture, Anupam Mittal, Hetal Sonpal",Seed Funding,500000.0,2017-02-08
Click2Clinic,Consumer Internet,healthcare service aggregator,Hyderabad,"Narottam Thudi, Shireesh Palle",Seed Funding,850000.0,2017-02-08
SpeedBox,Logistics,On-Demand Logistics Service provider,Mumbai,Cismat Cargo Services Pvt. Ltd.,Seed Funding,300000.0,2017-03-08
Skill Connect,Consumer Internet,Recruitment Portal,Jaipur,Rajasthan Angel Investor Network,Seed Funding,20770463.751474757,2017-03-08
Chai Point,Consumer Internet,Tea Delivery Portal & offline stores,Bengaluru,"DSG Consumer Partners, Eight Roads Ventures India",Private Equity,20770463.751474757,2017-03-08
Zoctr,Consumer Internet,Health Products & Services Aggregator,Mumbai,SIDBI,Private Equity,1000000.0,2017-03-08
Lime Tray,Technology,Restaurant Management Solutions,Delhi,JSW Ventures,Private Equity,20770463.751474757,2017-04-08
CoutLoot,E-commerce,Fashion Resale Marketplace,Mumbai,"Anuj Puri, Redcliffe Capital, Artha India Ventures, Siddharth Kothari, Apoorv Ranjan Sharma",Seed Funding,20770463.751474757,2017-04-08
Box My Space,Logistics,Warehouse Aggregator,Mumbai,"R. Jayakumar, Vaibhav Vohra, Aditya Vazirani, Rhea Vazirani, AVN Business Solutions, Dreamweaver Investments",Seed Funding,20770463.751474757,2017-04-08
Curatio,Healthcare,Skincare Speciality services,Chennai,Anicut Capital,Private Equity,20770463.751474757,2017-05-08
New Castle Technologies,Technology,Hospital Management Software,Chennai,Undisclosed Investors,Seed Funding,243000.0,2017-08-08
My Forex Eye,Consumer Internet,foreign exchange services,Delhi,"Rahul Dev Kumar, Rajesh Mahajan, Ankit Sharma and others",Seed Funding,220000.0,2017-08-08
TruxApp,Logistics,Mobile based Logistics Service,Delhi,"Venugopal Dhoot, Ajay Bhatia, Tarun Khandelwal, Ganpat Singhvi, Mandhian family & Others",Seed Funding,3100000.0,2017-09-08
CroFarm,Technology,Agriculture Supply Chain solutions,Gurugram,Factor[e] Ventures,Seed Funding,783000.0,2017-09-08
DoodhWala,Consumer Internet,Online milk delivery,Bengaluru,Tom Varkey,Seed Funding,20770463.751474757,2017-09-08
Stayabode,Consumer Internet,Co-Living space aggregator,Bengaluru,"Incubate Fund, Sanjay Shenoy, Mridul Upreti",Private Equity,20770463.751474757,2017-10-08
Flipkart,E-commerce,Online Marketplace,Bengaluru,Softbank,Private Equity,2500000000.0,2017-11-08
Moong Labs,Technology,Mobile games developer,Delhi,Nazara Games,Private Equity,20770463.751474757,2017-11-08
Ola,Consumer Internet,App based cab aggregation Service,Gurugram,Tekne Capital Management,Private Equity,36000000.0,2017-11-08
Sports Flashes,Consumer Internet,Sports Content Mobile App,Delhi,"Bennett, Coleman and Company Ltd (BCCL)",Private Equity,20770463.751474757,2017-08-14
Digilend,Technology,Personal Loans & EMI solutions platform,Mumbai,"InCred Finance, Fullerton India Credit Company Ltd",Seed Funding,312000.0,2017-08-14
KNAB Finance,Consumer Internet,Unsecured Small Business Loans,Bengaluru,"InCred, Krishnakumar Natarajan, Ravi Bhardwaj",Seed Funding,385000.0,2017-08-15
Get Simpl,Consumer Internet,Payment Solution Mobile app,Mumbai,"Green Visor Capital LP II, IA Venture Strategies Fund II LP, Boillot Family Trust, Russell M Byrne, The Oliver R. Grace, Jr. Millennium Trust, SF Capital Investments LP",Seed Funding,20770463.751474757,2017-08-17
Rootefy,E-commerce,Building material online store,Delhi,Abhinav Gupta,Seed Funding,187000.0,2017-08-20
Uniphore,Technology,speech recognition startup,Chennai,IDG Ventures,Private Equity,6800000.0,2017-08-21
Cerebroz,Consumer Internet,E-Tech platform,Vadodara,Undisclosed Investors,Seed Funding,734000.0,2017-08-21
Flochat,Consumer Internet,instant messaging platform,Mumbai,iSquare Global,Seed Funding,20770463.751474757,2017-08-22
EasyGov,Consumer Internet,Govt service application portal,Noida,"Social Alpha, Rajan Anandan, Rajeev Ahuja, Kshitij Arora",Seed Funding,20770463.751474757,2017-08-22
Milkbasket,Consumer Internet,Online Grocery platform,Gurugram,Blume Ventures. Lenovo Capital and Incubator Group (LCIG),Seed Funding,20770463.751474757,2017-08-23
Dhruva,Technology,Cloud data protection and management solutions,Pune,"Riverwood Capital, Sequoia Capital India, Nexus Venture Partners, Tenaya Capital",Private Equity,80000000.0,2017-08-23
Bombay Shaving Company,E-commerce,Men Grooming product etailer,Delhi,Fireside Ventures,Private Equity,2300000.0,2017-08-23
Awign,Technology,Operations and manpower outsourcing,Bengaluru,"IIT Ropar, Imanpreet Singh Arora, Sidharth Rozario, Saurabh Abichandani, Shikhar Gupta",Seed Funding,20770463.751474757,2017-08-23
Indiez,Technology,Software & Mobile app development platform,Bengaluru,Haresh Chawla,Seed Funding,500000.0,2017-08-23
Ezetap,Technology,mPOS solutions provider,Bengaluru,"JS Capital Management, Social Capital, Horizons Ventures",Private Equity,16000000.0,2017-08-24
Ink Monk,Consumer Internet,Online printing marketplace,Chennai,"VAMM Ventures, Raksul, Dena",Seed Funding,750000.0,2017-08-25
Medinfi,Consumer Internet,Online Doctor Discovery Platform,Bengaluru,"PBS Srinivas, Vinod Martin",Seed Funding,125000.0,2017-08-25
Mobikon,Technology,Restaurant & Hotel CRM platform,Pune,"Sistema Asia Fund, C31 Ventures, Qualgro.",Private Equity,7000000.0,2017-08-28
CureFit,Consumer Internet,End to End health and wellness platform.,Bengaluru,"Accel Partners, IDG Ventures, Kalaari Capital, UC-RNT fund",Private Equity,25000000.0,2017-08-29
Doxper,Technology,Healthtech IoT platform,Mumbai,"idal Health, growx ventures, Capier Investments, Globevestor & others",Seed Funding,750000.0,2017-08-29
Fieldassist,Technology,SAAS based sales force automation services,Gurugram,Small Industries Development Bank of India (SIDBI),Debt Funding,20770463.751474757,2017-08-29
Treebo,Consumer Internet,Budget Hotel Aggregator platform,Bengaluru,Ward Ferry Management and Karst Peak Capital,Private Equity,34000000.0,2017-08-30
MedGenome,Technology,Genomics Research and Diagnostics Solutions,Bengaluru,"Sequoia India, Sofina s.a., Zodius Capital, Kris Gopalakrishnan, Lakshmi Narayanan",Private Equity,30000000.0,2017-08-30
Billion Loans,Consumer Internet,Peer to Peer Lending platform,Bengaluru,Reliance Corporate Advisory Services Ltd,Seed Funding,1000000.0,2017-01-07
Ecolibriumenergy,Technology,Energy management solutions provider,Ahmedabad,"Infuse Ventures, JLL",Private Equity,2600000.0,2017-03-07
Droom,E-commerce,Online marketplace for automobiles,Gurugram,"Asset Management (Asia) Ltd, Digital Garage Inc",Private Equity,20000000.0,2017-04-07
Jumbotail,E-commerce,online marketplace for food and grocery,Bengaluru,"Kalaari Capital, Nexus India Capital Advisors",Private Equity,8500000.0,2017-05-07
Moglix,E-commerce,B2B marketplace for Industrial products,Noida,"International Finance Corporation, Rocketship, Accel Partners, Jungle Ventures, Shailesh Rao, Venture Highway",Private Equity,12000000.0,2017-05-07
TimeSaverz,Consumer Internet,Hyperlocal home services provider,Mumbai,BCCL,Private Equity,1000000.0,2017-05-07
Minjar,Technology,Cloud Solutions provider,Bengaluru,"Blume Ventures, Contrarian Capital India Partners, Emergent Ventures India, Pallav Nadhani, Ashish Gupta, Sharad Sharma, Sirion Labs",Seed Funding,20770463.751474757,2017-06-07
MyCity4Kids,Consumer Internet,parenting blog and kids xe2 x80 x99 events discovery platform,Gurugram,Unknown,Seed Funding,20770463.751474757,2017-06-07
Clip App,Consumer Internet,Digital Media Video platform,Bengaluru,"India Quotient, Shunwei Capital",Seed Funding,1000000.0,2017-07-07
Upwardly,Consumer Internet,MF investment platform,Bengaluru,"Sreeram Iyer, Suvo Sarkar, Anita Gupta, Likemind Ventures",Seed Funding,20770463.751474757,2017-07-07
Autorox,Technology,Workshop Management Software Platform,Hyderabad,Mitsui & Co.,Private Equity,3000000.0,2017-10-07
Fabogo,Consumer Internet,Salon & Spa Aggregation & Discovery platform,Pune,Dunamis Ventures Pte Ltd,Private Equity,2250000.0,2017-11-07
Flickstree,Consumer Internet,Video Content Discovery Platform,Mumbai,"Venture Catalysts, Sourav Ganguly, Ankit Aditya, Moksh Sports Ventures",Seed Funding,464000.0,2017-11-07
Design Cafe,Consumer Internet,Online Interior Design platform,Bengaluru,"Fireside Ventures, Apurva Salarpuria, Sidharth Pansari, Sprout Capital",Seed Funding,20770463.751474757,2017-11-07
Innoviti,Technology,Digital payments solutions,Bengaluru,"SBI-FMO Fund, Bessemer Venture Partners, Catamaran Ventures",Private Equity,18500000.0,2017-12-07
VDeliver,Logistics,Door Step Delivery platform,Hyderabad,"Corvus Ventures, MAPE Advisory Group",Private Equity,20770463.751474757,2017-12-07
Bottr.me,Technology,Chatbot creation tool,Bengaluru,"500 Startups, Purvi Capital, Rajan Anandan, Abhishek Gupta",Seed Funding,20770463.751474757,2017-12-07
Arcatron,Technology,Next Gen Mobility device manufacturer,Pune,Indian Angel Network,Seed Funding,20770463.751474757,2017-12-07
QwikSpec,Technology,Construction site operations and analytics platform,Bengaluru,"Brigade Innovations LLP, TV Mohandas Pai, Suhail Rahman, Bobby Reddy, M George Oommen",Seed Funding,540000.0,2017-07-14
Chumbak,E-commerce,Designer consumer products Marketplace,Bengaluru,Blacksoil Capital Pvt. Ltd,Private Equity,1700000.0,2017-07-14
Increff,Technology,Sales Solutions for Fashion Brands,Bengaluru,"Sequoia Capital, Grey Orange, Rajesh Ramaiah, Anshuman Das, Rishi Das",Seed Funding,2000000.0,2017-07-17
Vayana,Technology,Enterprise Banking Solutions,Pune,"IDG Ventures India Advisors, Jungle Ventures",Private Equity,4000000.0,2017-07-17
MObiquest,Technology,Mobile Services & Solutions,Noida,One97 Communication Ltd,Private Equity,20770463.751474757,2017-07-18
Ambee,Consumer Internet,Ambulance Aggregation Services,Hyderabad,"Uber Technologies Inc, Amaya Capital LLP",Seed Funding,20770463.751474757,2017-07-18
Ideal Insurance,Consumer Internet,Online Insurance platform,Kolkata,Xelpmoc,Seed Funding,20770463.751474757,2017-07-18
Hypernova Interactive,Technology,Mobile games creator,Bengaluru,Kae Capital,Seed Funding,20770463.751474757,2017-07-18
RentoMojo,Consumer Internet,Consumer Leasing Platform,Bengaluru,"ain Capital Ventures, Renaud Laplanche",Private Equity,10000000.0,2017-07-19
AirCTO,Consumer Internet,AI powered recruitment platform,Bengaluru,Francesco Cara,Seed Funding,20770463.751474757,2017-07-19
Playablo,Technology,Gamified Learning App,Bengaluru,ABI-Showatech (India) Ltd,Seed Funding,600000.0,2017-07-19
Trupay,Technology,Online payments platform,Gurugram,"Kae Capital, M&S Partners",Seed Funding,700000.0,2017-07-20
Brick2Wall,E-commerce,Online Marketplace for Construction Material,Gurugram,"Subramani Somasundaram, Sundeep Sahni, Mayank Mittal & Others",Seed Funding,200000.0,2017-07-21
FableStreet,E-commerce,Women Work wear etailer,Delhi,"Harmeet Bajaj, Pameela P, Fusiontech Ventures & Others",Seed Funding,20770463.751474757,2017-07-21
Monsoon Fintech,Technology,Machine Learning Access platform,Delhi,"Sunil Kalra, Aditya Singh, Rishi Srivastava, Rajan Anandan",Seed Funding,20770463.751474757,2017-07-21
MonkeyBox,Consumer Internet,Healthy Food Delivery Platform,Bengaluru,"Blume Ventures, NB Ventures, Nspira",Seed Funding,20770463.751474757,2017-07-21
Noticeboard,Consumer Internet,Mobile-first Enterprise communication platform,Bengaluru,Stellaris Venture Partners,Private Equity,1200000.0,2017-07-25
Byju's,Consumer Internet,Mobile Learning App,Bengaluru,Tencent Holdings,Private Equity,35000000.0,2017-07-25
Creators Gurukul,Others,Co-Working Space Provider,Delhi,Yuvraj Singh,Seed Funding,20770463.751474757,2017-07-26
Fab Hotels,Consumer Internet,Budget hotels brand & Aggregator Platform,Delhi,Goldman Sachs,Private Equity,25000000.0,2017-07-26
ThinkerBell,Consumer Internet,Assisted Learning Startup,Bengaluru,"Indian Angel Network, Anand Mahindra",Seed Funding,200000.0,2017-07-26
1mg,E-commerce,Online Pharmacy,Gurugram,"HBM Healthcare Investments, Maverick Capital Ventures, Sequoia India, Omidyar Network and Kae Capital",Private Equity,15000000.0,2017-07-27
Jhakaas,Consumer Internet,App-based Aggregator of Offline Businesses,Mumbai,Amen Dhyllon,Seed Funding,155000.0,2017-07-28
BigStylist,Consumer Internet,Beauty Services Marketplace,Mumbai,Info Edge (India) Ltd,Private Equity,1250000.0,2017-07-28
Gympik,Consumer Internet,online marketplace for discovering fitness centres,Bengaluru,RoundGlass Partners,Seed Funding,20770463.751474757,2017-07-28
Tripeur,Technology,Mobile based travel ERP platform,Bengaluru,"Grace Grace Techno Ventures LLP, Undisclosed Investors",Seed Funding,20770463.751474757,2017-01-06
RentOnGo,E-commerce,"Online Marketplace for Renting Bikes, Electronics & Appliances",Bengaluru,TVS Motor Company,Seed Funding,234000.0,2017-02-06
Goomo,Consumer Internet,Online Travel & Holiday Booking platform,Mumbai,Emerging India,Private Equity,50000000.0,2017-05-06
MaxMyWealth,Consumer Internet,Online Wealth Management & Savings platform,Mumbai,"lockchain ecosystem Global Advisors, Horseferry",Private Equity,20770463.751474757,2017-05-06
Spinny,E-commerce,Online Used Car marketplace,Gurugram,"Blume Ventures, Indian Angel Network, Kunal Shah, Sandeep Tandon",Private Equity,1000000.0,2017-06-06
Healthbuds,Consumer Internet,Healthcare Discovery & booking platform,Kolkata,"Arun Patodia, Bharat Kedia",Seed Funding,20770463.751474757,2017-06-06
Ftcash,Consumer Internet,Mobile Payments platform,Mumbai,"500 Startups, IvyCap Ventures",Private Equity,20770463.751474757,2017-06-06
BHIVE Workspace,Consumer Internet,co-working spaces,Bengaluru,Blume Ventures,Private Equity,1200000.0,2017-06-06
wayForward,Consumer Internet,Mobile app for Mental Health,Delhi,"Harsh Mahajan, Farhan Naqvi, Sreepathy Viswanathan",Seed Funding,1000000.0,2017-06-06
GyanDhan,Consumer Internet,Education Marketplace,Delhi,Sundaram Finance Holdings,Private Equity,20770463.751474757,2017-06-06
Hungry Foal,Consumer Internet,For profit Social Venture,Gurugram,SBI (Stand Up India Scheme),Private Equity,20770463.751474757,2017-06-06
ZipLoan,Consumer Internet,Online lending platform,Delhi,WaterBridge Ventures,Seed Funding,650000.0,2017-07-06
GrowFitter,Consumer Internet,health and fitness discovery platform,Mumbai,SQue Capital,Seed Funding,600000.0,2017-07-06
Stratfit,Consumer Internet,Health coaching programs,Hyderabad,Bodhtree Consulting Limited,Seed Funding,232000.0,2017-08-06
Multiplier Solutions,Technology,CRM Software for Healthcare space,Hyderabad,Norwest Venture Partners,Private Equity,1500000.0,2017-08-06
ABI Health,Technology,Unified Digital Health Platform,Bengaluru,Norwest Venture Partners,Private Equity,1500000.0,2017-08-06
Stockal,Consumer Internet,App-based Investment advisory Services,Bengaluru,"Mohan Alexander, R. Natarajan, Vikrant Varshney, Amit Sinha",Seed Funding,350000.0,2017-08-06
Guidoo,Consumer Internet,Travel & adventure planning platform,Mumbai,"Pawan Borle, Nirmal Singh, Manish Prasad, Vineet Varma, Nick Haulkoury, Abhai S. Rao",Seed Funding,300000.0,2017-09-06
eSahai,Consumer Internet,ambulance aggregator and medical taxi provider,Hyderabad,"Dr Ramesh Ayyala, Satya Muthyala",Seed Funding,250000.0,2017-09-06
Loanmeet,Consumer Internet,Online peer-to-peer lending platform,Bengaluru,"Cao Yibin, Huang Wei, Madhusudan E",Seed Funding,20770463.751474757,2017-12-06
Lendingkart,Consumer Internet,Online Lending platform,Ahmedabad,Yes Bank,Debt Funding,7800000.0,2017-12-06
Boxx.ai,Technology,Artificial Intelligence,Bengaluru,"Unicorn India Ventures, Venky Krishnakumar, Suresh Shankar, Vivek Bhargava",Private Equity,500000.0,2017-12-06
PeeSafe,Healthcare,Hygiene care product manufacturer,Delhi,"Venture Catalysts, Alfa Capital, Green Shots Capital, Real Time Ventures",Private Equity,1000000.0,2017-12-06
Vista Rooms,Consumer Internet,Online rooms aggregation platform,Mumbai,"Artha India Ventures, Singularity Holdings, Rajan Anandan, Girish Mathrubootham",Seed Funding,776000.0,2017-12-06
CoverFox,Consumer Internet,Online insurance brokerage platform,Mumbai,Transamerica,Private Equity,15000000.0,2017-12-06
HyperTrack,Technology,Location tracking solutions,Delhi,"Nexus Venture Partners, Founders Fund",Private Equity,20770463.751474757,2017-06-13
Goodera,Technology,CSR and sustainability management platform,Bengaluru,"Nexus Venture Partners, Omidyar Network",Private Equity,5500000.0,2017-06-13
Digit,Technology,Tech driven Insurance platform,Bengaluru,Fairfax Holdings,Private Equity,45000000.0,2017-06-13
Ola,Consumer Internet,Cab Aggregation App,Bengaluru,Tekne Capital Management LLC,Private Equity,50000000.0,2017-06-14
Vanitycask,Consumer Internet,Beauty products discovery platform,Mumbai,RB Investments,Seed Funding,20770463.751474757,2017-06-14
MrNeeds,Consumer Internet,Micro Food Delivery platform,Noida,Undisclosed Investors,Seed Funding,500000.0,2017-06-14
MoneyTap,Consumer Internet,Money Lending platform,Bengaluru,"Sequoia India, NEA, Prime Venture Partners",Private Equity,12300000.0,2017-06-15
Goodbox,E-commerce,Mobile SAAS xc2 xa0 ECommerce platform for SMEs,Bengaluru,"Nexus Venture Partners, Mekin Maheshwari",Private Equity,1000000.0,2017-06-16
Fincash,Consumer Internet,Personal Finance platform,Mumbai,"Mohammed Khan, Sameer Narayan & Others",Seed Funding,100000.0,2017-06-16
PortDesk,Technology,Maritime Solutions,Noida,Alphard Maritime Group,Seed Funding,2000000.0,2017-06-16
EdgeFx,E-commerce,DIY project Kits seller,Hyderabad,"Cross Border Angels & Experts, Rajasthan Angel Innovators Network, The Chennai Angels",Seed Funding,20770463.751474757,2017-06-16
EazyDiner,Consumer Internet,Online Restaurant Reservation Platform,Gurugram,YouWeCan Ventures,Seed Funding,4425000.0,2017-06-16
HealthIntel,Healthcare,Online Pharmacy,Delhi,BLIP Initiatives,Seed Funding,20770463.751474757,2017-06-16
Unbxd,Technology,Cloud-based product discovery platform,Bengaluru,Eight Roads Ventures,Private Equity,12500000.0,2017-06-19
DarwinBox,Technology,Enterprise human resources management platform,Hyderabad,"Lightspeed India Partners, Endiya Partners, 3one4 Capital Advisors LLP, Startupxseed Ventures LLP",Private Equity,4000000.0,2017-06-19
ForeverShop,Consumer Internet,Mobile based ecommerce platform,Bengaluru,91maker.com,Seed Funding,300000.0,2017-06-20
Insider,Consumer Internet,Events Ticketing platform,Mumbai,Paytm,Private Equity,5200000.0,2017-06-20
Fynd,E-commerce,Fashion etailer,Mumbai,"IIFL Seed Ventures, Kae Capital, FJ Labs, Singularity Ventures, GrowX, Tracxn Labs, Axis Capital",Private Equity,2400000.0,2017-06-21
Grow Fit,Consumer Internet,Health-Tech platform,Bengaluru,"Manipal Education and Medical Group (MEMG), SAR Group, The Grover Trust",Private Equity,4500000.0,2017-06-21
Fabulyst,Technology,Artificial Intelligence based platform,Hyderabad,iBhubs,Seed Funding,215000.0,2017-06-21
mSwipe,Technology,Point-of-Sale services,Mumbai,"UC-RNT Fund, Matrix Partners, alcon Edge Capital, DSG Consumer Partners",Private Equity,31000000.0,2017-06-21
OneAssist,Consumer Internet,Credit card fraud protection,Mumbai,Sequoia Capital,Private Equity,7500000.0,2017-06-21
Julia Computing,Technology,Open Source Language for Data Science and Machine Learning,Bengaluru,"General Catalyst, Founder Collective",Private Equity,4600000.0,2017-06-22
Kissht,Consumer Internet,Consumer Lending platform,Mumbai,"Endiya Partners, Ventureast",Private Equity,2000000.0,2017-06-22
Explore Life traveling,Consumer Internet,Local homes booking platform,Bengaluru,"Mekin Maheshwari, Bharat Vijay, Krish Seshadri, Amar Arsikere",Seed Funding,500000.0,2017-06-22
LoanTap,Consumer Internet,Lending platform for salaried professionals,Mumbai,"Kae Capital, India Quotient, IFMR, and MAS Financial Services Ltd",Private Equity,4000000.0,2017-06-23
VoxWeb,Consumer Internet,Mobile based social networking platform,Mumbai,Undisclosed Investors,Seed Funding,1000000.0,2017-06-23
HUG Innovations,Technology,Gesture based xc2 xa0 Smartwatch manufacturer,Hyderabad,"Mohit Srivastav, Kishore Ganji, Venkat Vallabhaneni, Rajeev Menon",Private Equity,5000000.0,2017-06-26
Flipkart,E-commerce,Online marketplace,Bengaluru,Naspers,Private Equity,71000000.0,2017-06-26
V Resorts,Consumer Internet,Holiday & Vacation resort aggregator,Noida,"Seedfund, RB International",Private Equity,4000000.0,2017-06-26
Stashfin,Consumer Internet,Personal Finance App,Delhi,"Snow Leopard Ventures, Alto Partners",Private Equity,5000000.0,2017-06-27
Formcept,Consumer Internet,Unified Data Analysis platform,Bengaluru,Gujarat Venture Finance Ltd,Private Equity,20770463.751474757,2017-06-27
Spares Hub,E-commerce,Automobile parts marketplace,Pune,"The Chennai Angels, Anthill Scale Ventures, Esvee Technologies Inc, Inc95 Consulting",Seed Funding,311000.0,2017-06-27
FiTraQ,Consumer Internet,Fitness Centre Discovery Platform,Delhi,"Aparup Sengupta, Devendra Reddy",Seed Funding,20770463.751474757,2017-06-28
Rubique,Consumer Internet,Online Marketplace for financial products,Mumbai,"Kalaari Capital, Udayan Goyal",Private Equity,3000000.0,2017-06-28
Niki.ai,Consumer Internet,AI Based Personal Assistant,Bengaluru,"SAP.iO, Unilazer Ventures",Private Equity,2000000.0,2017-06-28
Fitpass,Consumer Internet,Online Fitness Marketplace,Delhi,"Abhinav Bindra, Gaurav Marya",Private Equity,1000000.0,2017-06-29
ZingHR,Technology,"digital employee solutions,",Mumbai,Zeta,Private Equity,20770463.751474757,2017-06-29
Tagos Design,Technology,in-video discovery platform,Bengaluru,Undisclosed Investors,Private Equity,5000000.0,2017-06-30
UrbanClap,Consumer Internet,Mobile Services Marketplace,Gurugram,"Vy Capital, SAIF Partners, Accel Partner, Bessemer Venture Partners",Private Equity,21000000.0,2017-06-30
Ace2three,Consumer Internet,Online Rummy playing Website,Hyderabad,Clairvest Group,Private Equity,73700000.0,2017-01-05
Power2SME,E-commerce,Buying portal for SMEs,Gurugram,International Finance Corporation,Private Equity,10000000.0,2017-01-05
Innovapptive,Technology,Enterprise Mobility Solutions,Hyderabad,Hyderabad Angels,Seed Funding,1500000.0,2017-02-05
4tigo,Logistics,Truck Network company,Bengaluru,"Accel Partners, Nandan Nilekani",Private Equity,10000000.0,2017-02-05
SMECorner,Consumer Internet,Online Platform for small business loans,Mumbai,Dutch government fund,Private Equity,20770463.751474757,2017-02-05
ZippServe,Consumer Internet,Real estate risk assessment platform,Bengaluru,Undisclosed Investors,Seed Funding,390000.0,2017-02-05
Ola,Consumer Internet,Cab Aggregation App,Bengaluru,"Falcon Edge Capital, Capital Advisers",Private Equity,104500000.0,2017-03-05
Sumeru,Technology,Software & Mobile development services,Bengaluru,Undisclosed Investors,Seed Funding,1000000.0,2017-03-05
Healthians,Consumer Internet,Online Diagnostics and wellness platform,Delhi,"Asuka Holdings, YouWeCan Ventures, Beenext, Beenos, M&S Partners",Private Equity,9000000.0,2017-04-05
HealthMir,Consumer Internet,AI-based health content platform,Delhi,Nimit Panigrahi,Seed Funding,20770463.751474757,2017-05-05
Uactive,Consumer Internet,Health-based social networking & discovery App,Mumbai,Hinduja family,Seed Funding,20770463.751474757,2017-05-05
I-Lend,Consumer Internet,Peer-to-peer lending platform,Hyderabad,50K Ventures,Seed Funding,20770463.751474757,2017-05-05
Good Methods Global,Technology,Cloud Based Practice Management Software,Trivandrum,Accel Partners,Private Equity,20770463.751474757,2017-05-05
Balance App,Consumer Internet,Money Savings & Management App,Bengaluru,Rainmatter,Seed Funding,233000.0,2017-05-05
YepMe,E-commerce,Private Label Fashion etailer,Gurugram,"Rainbow Digital Services Pvt. Ltd, ILearnFinance Academy Pvt. Ltd.",Private Equity,700000.0,2017-08-05
NightStay,Consumer Internet,Last minute hotel booking mobile app,Delhi,"Indian Angels Network, LetsVenture",Seed Funding,20770463.751474757,2017-08-05
Devourin,Technology,Restaurant Automation Solution,Pune,Deepak Nathani,Seed Funding,20770463.751474757,2017-08-05
MyGreens,Food & Beverage,Cold-press Juices manufacturer,Delhi,"Ajay Relan, LetsVenture",Seed Funding,1000000.0,2017-08-05
Ace Turtle,Technology,Omni-Channel Platform,Bengaluru,"Vertex Ventures, C31 Ventures",Private Equity,5000000.0,2017-08-05
CureFit,Technology,Health-Tech Platform,Bengaluru,"Trifecta Capital Advisors LLP, Prathithi Investment Trust, RNT Capital, Gokul Rajaram, Aditya Agarwal, Ruchi Sanghvi & others",Private Equity,3200000.0,2017-08-05
Curie Labs,Technology,Energy Analytics startup,Delhi,Satoshi Studios,Seed Funding,50000.0,2017-09-05
Uncanny Vision,Technology,Computer Vision on Embedded Systems,Bengaluru,Anand Chandrasekaran,Seed Funding,20770463.751474757,2017-09-05
Anchanto,Technology,Ecommerce Fulfilment and Technology Platform,Pune,Luxasia Group,Private Equity,4000000.0,2017-09-05
Sequretek,Technology,IT Security & Data Management Services,Mumbai,"GVFL, Unicorn India Ventures",Private Equity,20770463.751474757,2017-09-05
Lucideus,Technology,Cyber Security Startup,Delhi,"Vellayan Subbiah, Jonathan Boutelle, Rajan Anandan, Rahul Chawla, Salil Donde, Amit Ranjan, Govind Rajan & Others",Seed Funding,20770463.751474757,2017-10-05
Vidooly,Consumer Internet,Video Intelligence platform,Noida,"Times Internet, GVFL",Private Equity,1400000.0,2017-10-05
ShopClues,E-commerce,Online marketplace,Gurugram,InnoVen Capital,Private Equity,7700000.0,2017-10-05
Fourth Ambit,Consumer Internet,Community Building platform,Bengaluru,1Crowd,Seed Funding,600000.0,2017-10-05
Chymera VR,Technology,Advertising Platform for Virtual Reality,Bengaluru,"Varsha Rao, Surojit Chatterjee, Nirav Choksi & Others",Seed Funding,20770463.751474757,2017-10-05
Early Salary,Consumer Internet,Online lending platform,Pune,"DG Ventures India, Dewan Housing Finance Corp",Private Equity,4000000.0,2017-11-05
Book My Diamond,E-commerce,Diamond B2B eTailer,Mumbai,Chirag Nikunj Sheth & Others,Seed Funding,20770463.751474757,2017-11-05
ION Energy,Technology,Clean Tech Startup,Mumbai,"Aakrit Vaish, Swapan Rajdev, Sushill Jiwarajka",Seed Funding,20770463.751474757,2017-11-05
Legal Raasta,Consumer Internet,Legal Services to SMEs & Individuals,Delhi,Impanix Capital,Private Equity,5000000.0,2017-12-05
Log9 Materials,Technology,NanoTech product developer,Bengaluru,GEMs,Seed Funding,20770463.751474757,2017-12-05
Remit Guru,Consumer Internet,Digital money transfer platform,Mumbai,"Infibeam, CCavenue",Private Equity,466000.0,2017-12-05
Aequm,E-commerce,Cloud ECommerce platform,Bengaluru,Undisclosed Investors,Seed Funding,1000000.0,2017-12-05
Zapty,Technology,Project Management tool,Bengaluru,IdeaSpring Capital,Seed Funding,500000.0,2017-05-15
Vernacular.ai,Technology,Multi-lingual AI Platform for Businesses,Bengaluru,Kstart Capital,Seed Funding,20770463.751474757,2017-05-15
Niki.ai,Technology,AI-based chatbot,Bengaluru,SAP,Private Equity,2000000.0,2017-05-16
Telr,Technology,Online Payment Gateway,Mumbai,Innovations East,Private Equity,3000000.0,2017-05-16
Fynd,E-commerce,Fashion ECommerce Portal,Mumbai,Rocketship,Private Equity,500000.0,2017-05-16
Genie,Consumer Internet,hyperlocal delivery and logistics mobile app,Chennai,Undisclosed Investors,Seed Funding,250000.0,2017-05-17
PaySense,Consumer Internet,Online Lending platform,Mumbai,Jungle Ventures,Private Equity,5300000.0,2017-05-17
The Good Life,E-commerce,Online Luxury Tea etailer,Mumbai,"Ayesha Takia Azmi, Abu Farhan Azmi",Seed Funding,1000000.0,2017-05-18
PumpKart,E-commerce,Online Water Pumps etailer,Chandigarh,Dr. Ritesh Malik,Seed Funding,20770463.751474757,2017-05-18
Paytm,E-commerce,Mobile Wallet & ECommerce platform,Bengaluru,SoftBank Group,Private Equity,1400000000.0,2017-05-18
EzCred,Consumer Internet,Consumer Lending Platform,Bengaluru,"Dheeraj Pandey, Rajesh Yohannan, Akash Garg",Seed Funding,1000000.0,2017-05-19
HealthSutra,Food & Beverage,Health Food Maker,Hyderabad,"Ankur Capital, Hyderabad Angels",Seed Funding,20770463.751474757,2017-05-19
YepMe,E-commerce,Private Fashion Brand etailer,Delhi,Gokaldas Exports Ltd,Private Equity,29566666.666666668,2017-05-20
Delhivery,Logistics,ECommerce Logistics provider,Delhi,Fosun International,Private Equity,30000000.0,2017-05-22
ZipGrid,Consumer Internet,"Cashless, paperless solutions for Housing societies",Mumbai,"JLL, 1Crowd",Seed Funding,500000.0,2017-05-22
TravelSpice,E-commerce,Travel ECommerce portal,Hyderabad,Eagle10 Ventures,Seed Funding,20770463.751474757,2017-05-23
Magicpin,Consumer Internet,Hyperlocal discovery platform,Gurugram,"Lightspeed Venture Partners, Vy Capital",Private Equity,6600000.0,2017-05-23
The Print,Consumer Internet,News Portal,Delhi,"Ratan Tata, Nandan Nilekani, Uday Kotak, Vijay Shekhar Sharma, Kiran Mazumdar-Shaw, Rajiv C Mody",Seed Funding,535000.0,2017-05-23
Box8,Consumer Internet,Food Delivery Platform,Mumbai,Trifecta Capital,Private Equity,1000000.0,2017-05-23
GenNext Students,Consumer Internet,Online Tutoring Services,Mumbai,Undisclosed Investors,Seed Funding,580000.0,2017-05-24
Aye Finance,Finance,Non-Banking Financial Company,Gurugram,Blue Orchard,Private Equity,8000000.0,2017-05-25
WhatsLoan,Consumer Internet,Online Lending mobile app,Bengaluru,Lahiri Music's family office,Seed Funding,20770463.751474757,2017-05-26
Cube Consumer Services,Consumer Internet,Finance management Mobile app,Mumbai,Unknown,Seed Funding,20770463.751474757,2017-05-29
Nivesh,Consumer Internet,Online MF investment platform,Noida,"PV Sahad, Sandeep Shroff, Rahul Gupta",Seed Funding,450000.0,2017-05-29
Wowflux,Technology,image Processing solution,Delhi,Undisclosed Investors,Seed Funding,20770463.751474757,2017-05-29
Collateral Medical,E-commerce,Online Medical equipment supplier,Mumbai,Carpediem Capital,Private Equity,3500000.0,2017-05-29
Loadshare,Logistics,Express Logistics Network,Bengaluru,Matrix Partners,Seed Funding,20770463.751474757,2017-05-30
SimpliLend,Consumer Internet,Online lending platform,Delhi,Undisclosed Investors,Seed Funding,20770463.751474757,2017-05-30
Supr Daily,Consumer Internet,Subscription based delivery platform,Mumbai,"Soma Capital, Great Oaks Ventures, 122 West Ventures",Private Equity,1500000.0,2017-05-30
Swiggy,Consumer Internet,Online food delivery platform,Bengaluru,"Nasper, Accel India, SAIF Partners, Bessemer Venture Partners, Harmony Partners, Norwest Venture Partners",Private Equity,80000000.0,2017-05-30
SastaSundar,E-commerce,Online Pharmacy,Kolkata,Rohto Pharmaceutical,Private Equity,5000000.0,2017-05-31
Magicpin,Consumer Internet,Hyperlocal Discovery xc2 xa0 & Rewards platform,Gurugram,"Lightspeed India Partners, Waterbridge Ventures",Private Equity,7000000.0,2017-05-31
Cashe,Consumer Internet,Online & Mobile based Lending platform,Mumbai,"Mathew Cyriac, Florintree Advisors",Private Equity,3800000.0,2017-01-04
Eruditus,Education,Executive Education Provider,Mumbai,Bertelsmann India,Private Equity,8200000.0,2017-03-04
TestBook,Consumer Internet,Online Test Preparation Platform,Mumbai,Matrix Partners India,Private Equity,20770463.751474757,2017-03-04
Healthcare at Home,Healthcare,Home Healthcare Provider,Noida,Quadria Capital Advisors,Private Equity,40000000.0,2017-03-04
Tyre Express,Technology,Enterprise IoT solutions For Tyre Performance,Mumbai,Rohitash Gupta,Seed Funding,20770463.751474757,2017-03-04
SmartCoin,Consumer Internet,Micro Lending platform,Bengaluru,Unicorn India Ventures & Others,Private Equity,20770463.751474757,2017-03-04
WayCool,Food & Beverage,Fresh-Produce Distribution Platform,Chennai,Aspada Investments,Private Equity,2700000.0,2017-04-04
Perfios,Technology,Fin-Tech Solutions,Bengaluru,Bessemer Venture Partners,Private Equity,6100000.0,2017-04-04
Whatfix,Technology,Interactive Tech-Support Guides,Bengaluru,"Stellaris Venture Partners, Helion Venture Partners, Powerhouse Ventures, Gokul Rajaram, Girish Mathrubootham, Aneesh Reddy, Vispi Daver",Private Equity,3690000.0,2017-04-04
ElastiRun,Technology,App based Logistics & Distribution platform,Pune,"Kalaari Capital, Norwest Venture Partners",Private Equity,7000000.0,2017-04-04
Trukky,Consumer Internet,Online Truck Aggregator & Booking platform,Ahmedabad,"Keyur Joshi, Pavan Bakeri",Seed Funding,500000.0,2017-04-04
Konsult App,Consumer Internet,App based Doctor Consulting platform,Delhi,"Koen Bouwers, Lomesh Agarwal, Jeroen Mensen, Pablo van den Bosch & Others",Seed Funding,500000.0,2017-04-04
Credit Sudhaar,Consumer Internet,Credit Score Improvement platform,Mumbai,"Deepak Kulkarni, Sandeep Pangal",Seed Funding,20770463.751474757,2017-05-04
Fingerlix,Consumer Internet,Food Delivery Platform,Mumbai,Zephyr Peacock India,Private Equity,3000000.0,2017-05-04
DataWeave,Technology,Business Intelligence Solutions,Bengaluru,"FreakOut Group, Blume Ventures, Herb Madan, WaterBridge Ventures",Private Equity,20770463.751474757,2017-05-04
Medwell Ventures,Healthcare,Home-Based Healthcare provider,Bengaluru,"Mahindra Partners, Eight Roads Ventures, F-Prime Capital Partners",Private Equity,21000000.0,2017-06-04
Mech Mocha,Consumer Internet,Mobile gaming startup,Bengaluru,"Accel Partners, Shunwei Capital",Private Equity,5000000.0,2017-06-04
Startup Buddy,Consumer Internet,Startup Support Platform,Gurugram,YouWeCan Ventures,Seed Funding,20770463.751474757,2017-07-04
QorQI,Healthcare,Online Healthcare provider,Noida,Paytm,Seed Funding,20770463.751474757,2017-07-04
Twenty Two Motors,Technology,Smart Scooter manufacturer,Gurugram,"Ishwar Singh, Farhaan Shabbir",Seed Funding,20770463.751474757,2017-07-04
PharmEasy,E-commerce,Online Pharmacy,Mumbai,"Bessemer Venture Partners, Orios Venture Partners, Trifecta Capital",Private Equity,18000000.0,2017-07-04
WonderChef,E-commerce,Online marketplace for kitchen products,Mumbai,Labruyere Eberl,Private Equity,20770463.751474757,2017-08-04
FastFox,Consumer Internet,Online rental discovery platform,Gurugram,"Lightspeed India Partners, Blume Ventures, CyberAgent Ventures, GrowX Ventures, IMJ Investment Partners",Private Equity,4600000.0,2017-08-04
Omnify,Technology,SaaS platform for SMEs,Bengaluru,"Rajan Anandan, L.D Sharma, Saurabh Arora",Seed Funding,150000.0,2017-10-04
Capital Float,Consumer Internet,Online Lending Platform for SME,Bengaluru,Mahindra and Mahindra Financial Services,Private Equity,2300000.0,2017-10-04
Ninjacart,E-commerce,B2B agri-marketing platform,Bengaluru,"Accel Partners, Nandan Nilekani's NRJN Trust, Mistletoe, Qualcomm Ventures, M&S Partners",Private Equity,5500000.0,2017-11-04
MergerWare,Technology,Software solutions for M&As,Bengaluru,Philippe Bouchet,Seed Funding,100000.0,2017-11-04
Sports Flashes,Consumer Internet,Online Sports portal & Mobile app,Delhi,"Sushil Kumar, Sandeep Singh",Seed Funding,20770463.751474757,2017-11-04
Clovia,E-commerce,Online lingerie & Sleepwear etailer,Delhi,"Ivycap Ventures Advisors, Singularity Ventures and Ravi Dhariwal",Private Equity,4000000.0,2017-12-04
Emiza,Logistics,Third Party Logistics provider,Mumbai,"Mayfield, Nishant Rao, Dileep Nath",Private Equity,4500000.0,2017-12-04
HackerEarth,Consumer Internet,Online Skill Assessment Platform,Bengaluru,"DHI Group Inc, Prime Venture Partners, Beenext, Beenos, Digital Garage, BizReach",Private Equity,4500000.0,2017-12-04
SquadRun,Technology,Software-As-a-Service Platform,Noida,"Blume Ventures, Contrarian Capital, 91springboard, Emergent Ventures, Abstract Ventures, Anthill Ventures, Axilor Ventures",Private Equity,2100000.0,2017-12-04
TinMen,Consumer Internet,Food Delivery Platform,Hyderabad,"MAPE Advisory Group, R Ramaraj, Corvus Ventures",Seed Funding,20770463.751474757,2017-12-04
ScoutMyTrip,Consumer Internet,Online Travel planner,Mumbai,Z Nation Lab,Seed Funding,20770463.751474757,2017-12-04
SafetyKart,E-commerce,Safety & Hygiene Products etailer,Gurugram,Redcliffe Capital,Private Equity,20770463.751474757,2017-04-13
WeAreHolidays,Consumer Internet,Travel Packages & Planner marketplace,Gurugram,Urrshila Kerkar,Private Equity,7700000.0,2017-04-13
Ola,Consumer Internet,Cab Aggregator App,Bengaluru,SIMI Pacific Pte,Private Equity,260000000.0,2017-04-14
Myly,Consumer Internet,Mobile App for Schools,Jaipur,mall Industries Development Bank of India (SIDBI),Seed Funding,310000.0,2017-04-15
CrediHealth,Consumer Internet,Online Medical Assistance platform,Gurugram,"Tolaram Inc, Mountain Pine Capital",Private Equity,1500000.0,2017-04-17
Navia Life Care,Technology,Health Technology platform,Delhi,Benori Ventures LLP,Seed Funding,20770463.751474757,2017-04-17
RAW Pressery,Food & Beverages,Raw Pressed Juices manufacturer,Mumbai,Jacqueline Fernandez,Seed Funding,20770463.751474757,2017-04-17
Snackible,Food & Beverages,Healthy Snacks manufacturer,Mumbai,"Nibhrant Shah, Anandbir Singh, Anirudh Sheth, Pratik Singhi, Vikram Mehta, Murali Nair",Seed Funding,175000.0,2017-04-17
Be U Salons,Consumer Internet,Online Salon discovery & Booking Services,Delhi,"Gaurav Kachru, Sundeep Singh Sahni, Jatin Aneja, Arun Malhotra",Seed Funding,620000.0,2017-04-17
Simulanis,Consumer Internet,eLearning & Skills Development plat,Delhi,Village Capital,Seed Funding,20770463.751474757,2017-04-17
Lendingkart,Consumer Internet,Lending platform for small businesses,Ahmedabad,Anicut Capital,Private Equity,4650000.0,2017-04-17
Innefu Security Consulting,Technology,Cyber Security solutions using AI,Delhi,IndiaNivesh Venture Capital Fund,Private Equity,2000000.0,2017-04-18
Whodat,Technology,Markerless AR platform,Bengaluru,Ideaspring Capital,Private Equity,600000.0,2017-04-18
Absentia VR,Technology,Virtual Reality Startup,Bengaluru,Exfinity Venture Partners,Private Equity,1250000.0,2017-04-18
IOTrek,Technology,IoT Platform for Bus,Delhi,Undisclosed Investors,Seed Funding,155000.0,2017-04-19
HolaChef,Consumer Internet,Online Food Delivery,Mumbai,"SIDBI Venture Capital Ltd, Kalaari Capital",Private Equity,3000000.0,2017-04-20
Wooplr,E-commerce,Social Commerce xc2 xa0 Fashion platform,Bengaluru,Ankit Nagori,Private Equity,8000000.0,2017-04-20
Video Ken,Consumer Internet,Video Based Collaborative Learning,Bengaluru,"Ravi Garikipati, Surot Chatterjee, Ashish Agrawal, LG Chandrasekhar, Sashi Reddi",Seed Funding,1000000.0,2017-04-21
Faasos,Food & Beverage,QSR chain and online food delivery,Pune,"Ligthbox Ventures II, Lightbox Expansion Fund, Sequoia Capital India, RuNet South Asia, RB Investments",Private Equity,6300000.0,2017-04-24
OYO Rooms,Consumer Internet,Branded Budget Hotels Aggregator,Gurugram,"SoftBank Vision Fund, Lightspeed Venture Partners, Sequoia Capital India Advisors, Greenoaks Capital Partners",Private Equity,250000000.0,2017-04-24
Toppr,Consumer Internet,Learning mobile app for students,Mumbai,WGG International,Private Equity,3200000.0,2017-04-24
Niramai,Healthcare,Breast Cancer Screening Solutions,Bengaluru,"pi Ventures, Axilor Ventures, 500 Startups, Binny Bansal",Seed Funding,20770463.751474757,2017-04-24
The Office Pass,Consumer Internet,CoWorking Spaces booking platform,Gurugram,"Arun Tadanki, Aditya Verma",Seed Funding,245000.0,2017-04-25
UrbanClap,Consumer Internet,Mobile Services Marketplace,Gurugram,Trifecta Capital,Private Equity,3100000.0,2017-04-25
Awfis,Consumer Internet,Collaborative co-Working Spaces,Mumbai,Sequoia India,Private Equity,20000000.0,2017-04-26
Myra,Consumer Internet,Online Pharmacy,Bengaluru,"Times Internet, Matrix Partners",Private Equity,20770463.751474757,2017-04-26
Flytxt,Technology,Customer data analytics software,Mumbai,DAH Beteiligungs GmbH,Private Equity,11000000.0,2017-04-26
Howdy Ventures,Consumer Internet,Public and Private Events creation app,Chennai,S. Xavier Britto,Seed Funding,1500000.0,2017-04-26
StalkBuyLove,E-commerce,Online fashion marketplace,Delhi,Trifecta Capital,Private Equity,1000000.0,2017-04-26
ZipGo,Consumer Internet,Bus Pooling services platform,Bengaluru,"Orios Ventures Partners, Team Builder Ventures, Omidyar Networks",Private Equity,20770463.751474757,2017-04-26
Scootsy,Consumer Internet,On-Demand Food Delivery,Mumbai,"Agnus Capital, Khattar Holdings",Private Equity,3600000.0,2017-04-27
Autobix,Technology,Software Solutions for Auto Dealership,Pune,GardX International,Seed Funding,20770463.751474757,2017-04-27
eShiksha,Technology,Education Institution Management Solutions,Jaipur,Cross Border Angels & Experts,Seed Funding,20770463.751474757,2017-04-27
iNurture,Consumer Internet,Online Educational courses,Bengaluru,BlackSoil Capital Pvt. Ltd,Private Equity,1500000.0,2017-04-27
Sepalika,Consumer Internet,Healthcare related content platform,Delhi,Accel Partners,Seed Funding,750000.0,2017-04-28
Mintwalk,Consumer Internet,Financial advisory mobile app,Mumbai,Poshika Financial Ecosystem,Seed Funding,20770463.751474757,2017-04-28
Qriyo,Consumer Internet,Tutor Discovery & Booking platform,Jaipur,NB Ventures,Private Equity,160000.0,2017-04-29
Ola,Consumer Internet,App based cab aggregator,Bengaluru,SoftBank Group Corp,Private Equity,330000000.0,2017-01-03
Belong,Consumer Internet,Online Jon Portal,Bengaluru,Sequoia Capital India,Private Equity,10000000.0,2017-01-03
Seenit,Consumer Internet,AI based Fashion Search Portal,Kolkata,"Calcutta Angels Network (CAN), Augment Ventures",Seed Funding,20770463.751474757,2017-01-03
Paalak,E-commerce,Fresh Produce Selling portal,Delhi,"Vishwadeep Bajaj, Harsh Kundra, Nandkumar Rane, LN Buddharaju, Anupam Tyagi",Seed Funding,20770463.751474757,2017-01-03
Celes Care,Consumer Internet,Women Healthcare & Information portal,Hyderabad,"Ventureast, Endiya Partners, Eight Roads Ventures, F-Prime Capital Partners",Private Equity,1500000.0,2017-02-03
Karomi,Technology,Packaging Artwork Management software,Chennai,Ideaspring Capital,Seed Funding,500000.0,2017-02-03
Red Carpet,Consumer Internet,Micro Lending platform,Gurugram,Lightspeed Venture Partners,Private Equity,2500000.0,2017-02-03
Kreate Konnect,Technology,End-to-End Seller e-commerce solutions Provider,Vadodara,Langoor,Seed Funding,20770463.751474757,2017-02-03
CreditMantri,Consumer Internet,Online Credit score & lending platform,Chennai,Quona Capital,Private Equity,7600000.0,2017-02-03
Lets Endorse,Consumer Internet,Online Ecosystem of social innovators,Bengaluru,"Chandigarh Angels Network, Social Alpha and other unnamed angel investors",Seed Funding,20770463.751474757,2017-03-03
Tydy,Technology,Employee Onboarding and Engagement platform,Bengaluru,"Bhupen Shah, Jayesh Parekh, Sanjay Sathe",Seed Funding,275000.0,2017-03-03
Nactus,Consumer Internet,Professional Tutors discovery & booking mobile app,Jaipur,"Sandeep Aggarwal, Gautam Chhaochharia, R Balachandar",Seed Funding,20770463.751474757,2017-03-03
Oho Shop,Technology,eCommerce Mobile App Builder,Ahmedabad,"Bennett, Coleman and Company Ltd",Private Equity,6700000.0,2017-03-03
Emojifi,Consumer Internet,Mobile App for live emoji,Hyderabad,Undisclosed Investors,Seed Funding,20770463.751474757,2017-03-03
Paytm,E-commerce,ECommerce Marketplace,Bengaluru,Alibaba,Private Equity,200000000.0,2017-03-03
iGenetics,Healthcare,Health Diagnostic Solutions,Mumbai,CDC Group Plc,Private Equity,19500000.0,2017-04-03
Juno Clinic,Consumer Internet,Online Counseling Platform,Mumbai,Atul Nishar,Seed Funding,1200000.0,2017-06-03
Summerlabel,Consumer Internet,Fashion and Lifestyle discovery platform,Gurugram,"Aneesh Seth, Tushar Mittal",Seed Funding,150000.0,2017-06-03
PickMe,Consumer Internet,Gadget Insurance & Repair Services platform,Mumbai,SIDBI Venture Capital Fund,Private Equity,1790000.0,2017-06-03
Agrostar,Technology,Direct-to-Farmer Mobile-Based Retail platform,Pune,Accel Partners,Private Equity,10000000.0,2017-07-03
Zapr,Technology,"DSP, TV Analytics & Cross-Platform advertising",Bengaluru,Star India Pvt Ltd,Private Equity,10000000.0,2017-07-03
Data Resolve,Technology,Cyber Security Solutions,Noida,IDFC Parampara Early Stage Opportunities Fund,Private Equity,1000000.0,2017-07-03
Book Servicing,Consumer Internet,Online Vehicle Services Booking platform,Delhi,National Science and Technology Entrepreneurship Development Board,Seed Funding,30000.0,2017-07-03
Blowhorn,Consumer Internet,Intra-City Logistics provider,Bengaluru,"IDG Ventures India, Michael & Susan Dell Foundation, Draper Associates, Unitus Seed Fund",Private Equity,3650000.0,2017-07-03
Rivigo,Logistics,Technology Enabled Logistics Company,Gurugram,Private Sector Banks (Debt Funding),Private Equity,15000000.0,2017-08-03
PipeCandy,Technology,Intelligent Sales Prospecting Platform,Chennai,"IDG ventures, Axilor Ventures, Emergent Ventures, Indian Angel Network",Seed Funding,1100000.0,2017-08-03
Supr Daily,Consumer Internet,Subscription based Home Delivery Platform,Mumbai,Y Combinator,Seed Funding,120000.0,2017-08-03
Parentune,Consumer Internet,Online Community for Parents,Gurugram,"Kae Capital, SEGNEL Ventures",Private Equity,20770463.751474757,2017-08-03
AppBrowzer,Consumer Internet,Instant Mobile Apps Store,Bengaluru,Deepak Gurnani,Seed Funding,500000.0,2017-09-03
MagicBricks,Consumer Internet,Online Real Estate Portal,Mumbai,Times Internet Ltd,Private Equity,4500000.0,2017-09-03
PeeBuddy,Healthcare,Female Hygiene product manufacturer,Delhi,Indian Angel Network,Seed Funding,443000.0,2017-10-03
iOrderFresh,E-commerce,Online fresh fruits and grocery store,Delhi,Singapore Angel Network,Seed Funding,20770463.751474757,2017-10-03
Lavelle Networks,Technology,SDN Solutions,Bengaluru,Ideaspring Capital,Seed Funding,600000.0,2017-10-03
PropertyShare,Consumer Internet,Fractional Proerty Ownership & Rental platform,Bengaluru,"Asuka, Pravega Ventures, BEENEXT",Seed Funding,20770463.751474757,2017-10-03
MyDermacy,Consumer Internet,Online Dermatology consultation platform,Delhi,Cyber Carrier,Private Equity,20770463.751474757,2017-03-14
LatestOne,E-commerce,Tech Accessories e-tailer,Hyderabad,"Florintree, Mathew Cyriac, Chidambaram Palaniappan, Bharat Sheth",Private Equity,3350000.0,2017-03-15
Frapperz,Consumer Internet,On-demand home services provider,Kolkata,Undisclosed Investors,Seed Funding,100000.0,2017-03-15
mPaani,Consumer Internet,Loyalty rewards app,Mumbai,"IDG Ventures, Blume Ventures, Saha Fund",Private Equity,1350000.0,2017-03-16
ShilpMIS,Technology,Virtual Reality platform,Surat,"Puneet Gupta, Nimitt Desai & Others",Seed Funding,20770463.751474757,2017-03-16
POPxo,Consumer Internet,Digital Media publication for women,Delhi,"GREE Ventures, Kalaari Capital and IDG Ventures India, Summit Media, Atul Goel, and Gurpreet Singh",Private Equity,3100000.0,2017-03-16
Fitso,Consumer Internet,Fitness Mobile App,Gurugram,"Sujeet Kumar, Bhupender Singh, Yashish Dhaiya",Seed Funding,200000.0,2017-03-16
FarMart,Technology,Farming rental equipment provider,Gurugram,Indian Angel Network,Seed Funding,20770463.751474757,2017-03-17
Flipkart,E-commerce,ECommerce Marketplace,Bengaluru,"Microsoft, eBay, Tencent Holdings",Private Equity,1400000000.0,2017-03-21
Airpay,Technology,Online payment Gateway,Mumbai,"Kalaari Capital, Rakesh and Rajesh Jhunjhunwala",Private Equity,3670000.0,2017-03-21
MyGlamm,Consumer Internet,On-Demand Beauty Services,Mumbai,L'Occitane,Private Equity,5300000.0,2017-03-21
The Mons Co.,E-commerce,Pregnancy & Baby Care etailer,Delhi,"Shripad Nadkarni, Nandu Nandkishore",Seed Funding,20770463.751474757,2017-03-22
Haqdarshak,Consumer Internet,Tech-Enabled Social Enterprise,Bengaluru,"Ravi Saxena, Sandeep Raju",Seed Funding,191000.0,2017-03-22
Ixigo,Consumer Internet,Online Travel Search Engine,Gurugram,"Sequoia Capital, Kinzon Capital",Private Equity,15000000.0,2017-03-23
Markets and Markets,Technology,Marketing Research Company,Pune,"FTV Capital, Zodius Capital",Private Equity,56000000.0,2017-03-23
Bizom,Technology,supply chain automation platform,Bengaluru,Ojas Ventures,Seed Funding,382000.0,2017-03-24
BabyonBoard,Consumer Internet,Parenting Mobile App,Bengaluru,"Mahavir Sharma, Vishal Jain, Rohit Sethi, Gaurav Luniya",Seed Funding,20770463.751474757,2017-03-24
Delhivery,Technology,Tech enabled Fulfilment & Logistics Solutions,Delhi,"Carlyle Group, Tiger Global",Private Equity,100000000.0,2017-03-24
Sport Flashes,Consumer Internet,Sports Based Online Media portal,Delhi,"Vikas Bajaj, Amit Kharbanda",Seed Funding,20770463.751474757,2017-03-27
Fynd,E-commerce,Online fashion marketplace,Mumbai,Venture Catalysts,Private Equity,500000.0,2017-03-28
Wigzo,Technology,Enterprise Automation suite,Delhi,3one4 capital,Private Equity,500000.0,2017-03-28
DoneThing,Consumer Internet,On-demand Personal Assistant service,Gurugram,Brand Capital,Private Equity,300000.0,2017-03-28
Zapyle,E-commerce,Luxury Fashion Marketplace,Bengaluru,Undisclosed Investors,Seed Funding,1000000.0,2017-03-29
Ithaka,Consumer Internet,Vacation Trip Planning platform,Mumbai,"Ankit Gupta, Puneet Motihar",Seed Funding,325000.0,2017-03-29
Perpule,E-commerce,Self-Checkout ECommerce App,Bengaluru,KStart Capital,Seed Funding,650000.0,2017-03-29
Byju's,Consumer Internet,Online Education Platform,Bengaluru,Verlinvest,Private Equity,53333333.333333336,2017-03-29
Licious,E-commerce,Online Meat Ordering platform,Bengaluru,"Mayfield India, 3one4 Capital, Sistema Asia Fund, Neoplux Technology Fund",Private Equity,10000000.0,2017-03-29
Medinfi,Consumer Internet,Doctor & Hospital search Platform,Bengaluru,"Vinod Martin, Hemant Kaul, Prof. Ram Kumar Kakani & Others",Seed Funding,50000.0,2017-03-29
Indus OS,Technology,Mobile OS creator,Mumbai,"JSW Ventures, VenturEast",Private Equity,4916666.666666667,2017-03-30
Emflux Motors,Technology,Electric Motorcycle manufacturer,Bengaluru,"Meher Roy, Nikhil Arora, Meet Kanodia, Krit Sankalp, Nitish Singh, Risabh Gupta",Seed Funding,20770463.751474757,2017-03-30
Klinic App,Consumer Internet,Pathology & Diagnostic Tests Portal,Gurugram,Om Chaudhry,Seed Funding,20770463.751474757,2017-03-30
Jhakaas,Consumer Internet,Offline Business Aggregator App,Mumbai,"Malini Patel, Stelcore Management Services, Anjani Prasad",Seed Funding,155000.0,2017-03-31
Oriano Solar,Technology,Turnkey Solar Solutions,Mumbai,Samridhi Fund,Private Equity,3000000.0,2017-03-31
BigBasket,E-commerce,Online Grocer,Bengaluru,Trifecta Capital,Private Equity,7000000.0,2017-03-31
Rooter,Consumer Internet,Sports engagement platform,Delhi,Intex Technologies,Private Equity,20770463.751474757,2017-03-31
FalconBrick,Technology,Real-Estate Workflow mobile app,Bengaluru,"Satveer Thakral, LetsVenture, Mumbai Angels",Seed Funding,20770463.751474757,2017-03-31
Icertis,Technology,ERP solutions provider,Pune,"B Capital Group, Ignition Partners, Greycroft, e.ventures, Eight Roads Ventures",Private Equity,25000000.0,2017-03-31
Clodura,Technology,Intelligent Sales Assistant,Pune,Undisclosed Investors,Seed Funding,20770463.751474757,2017-02-02
Stockroom.io,Consumer Internet,Curated Platform for Developers,Hyderabad,"Satya D Sinha, Gyanendra Singh",Seed Funding,70000.0,2017-03-02
Capital Float,Consumer Internet,Online lending platform,Bengaluru,IFMR Capital Finance,Private Equity,2500000.0,2017-06-02
iManageMyHotel,Technology,Hotel Management Solution,Kolkata,Jaarvis Accelerator,Seed Funding,20770463.751474757,2017-06-02
Inner Hour,Consumer Internet,Online Counselling Platform,Mumbai,"Batlivala & Karani Securities, Venture Works",Seed Funding,450000.0,2017-07-02
TravelTriangle,Consumer Internet,Online travel agent marketplace,Noida,"RB Investments, SAIF Partners, Bessemer Venture Partners",Private Equity,10000000.0,2017-07-02
Wandertrails,Consumer Internet,"Online Travel, Adventure & Activities Portal",Bengaluru,Earlsfield Capital,Seed Funding,1000000.0,2017-08-02
Zenatix,Technology,IoT Based Energy Monitoring & Control,Gurugram,"pi Ventures, Blume Ventures",Private Equity,1200000.0,2017-08-02
Cartrade,Consumer Internet,Automobile Classifieds Portal,Mumbai,Temasek Holdings,Private Equity,55000000.0,2017-08-02
MindYourFleet,Technology,Car Rental Software Solutions,Noida,"Japan Vyas, Tarun Adlakha",Seed Funding,20770463.751474757,2017-08-02
Edurev,Consumer Internet,Online Education Portal,Gurugram,Facebook FB Start programme,Seed Funding,40000.0,2017-08-02
Voonik,E-commerce,Women Apparel & Lifestyle etailer,Bengaluru,"RB Investments, Sequoia Capital",Private Equity,6000000.0,2017-09-02
1Crowd,Finance,Startup Crowd-funding platform,Mumbai,Ganesh Natarajan,Seed Funding,20770463.751474757,2017-09-02
Wooplr,E-commerce,Women Fashion Portal,Bengaluru,"Sistema Asia Fund, Amereus Group, Helion Ventures",Private Equity,8000000.0,2017-09-02
48East,E-commerce,Online Food Delivery Platform,Bengaluru,Al Dhaheri family,Private Equity,500000.0,2017-10-02
Redesyn,Consumer Internet,Tech Enabler for Artists,Mumbai,ThinQbate,Seed Funding,20770463.751474757,2017-10-02
SigTuple,Technology,Medical Automation platform,Bengaluru,"Accel Partners, IDG Ventures, Endiya Partners, pi Ventures, VH Capital, Axilor Partners",Private Equity,5800000.0,2017-02-13
Flutura,Technology,Decision Sciences Analytics Solutions,Bengaluru,"Vertex Ventures, Lumis Partners",Private Equity,7500000.0,2017-02-13
Wassup,Consumer Internet,On Demand Laundry & Dry Cleaning Services,Chennai,Anil Jain & other HNIs,Private Equity,3200000.0,2017-02-13
Better Mortgage,Consumer Internet,Mortgage Offering Platform,Gurugram,"Kleiner Perkins, Goldman Sachs, Pine Brook",Private Equity,15000000.0,2017-02-13
Nurturey,Consumer Internet,Parenting Mobile App,Delhi,Mohit Joshi & Others,Seed Funding,330000.0,2017-02-13
Fyle,Technology,Expense Management Solution,Bengaluru,Pravega Ventures,Seed Funding,400000.0,2017-02-13
GoBumpr,Consumer Internet,Online Bike & Car Services provider,Chennai,"Mahalingam K, Girish Mathrubootham",Seed Funding,300000.0,2017-02-14
CCAvenue,Consumer Internet,Online Payment Gateway,Mumbai,Infibeam,Private Equity,22400000.0,2017-02-14
Connaizen,Technology,Data Analytics platform,Delhi,Vikram Sud,Seed Funding,20770463.751474757,2017-02-14
Innov8,Consumer Internet,Co-Working Space Platform,Delhi,"Vijay Shekhar Sharma, Rajan Anandan, Kunal Shah, Girish Mathrubootham, Punit Soni, Anand Chandrasekaran, Sunil Kalra, Utsav Somani, Vishal Gondal, Vikram Limaye",Seed Funding,4000000.0,2017-02-15
ZestMoney,Consumer Internet,Online Consumer Lending platform,Bengaluru,"PayU, Ribbit Capital, Omidyar Network",Private Equity,6500000.0,2017-02-15
AirZaar,Technology,Drone operations management platform,Missourie,Quake Capital,Seed Funding,350000.0,2017-02-15
Truebil,Consumer Internet,Online Marketplace for Used Cars,Mumbai,Shunwei Capital,Private Equity,3000000.0,2017-02-16
YourStory,Consumer Internet,Online Media,Bengaluru,"Kalaari Capital Partners, Qualcomm, 3ONE4 Capital Advisors, UC-RNT",Private Equity,3000000.0,2017-02-16
Imaginate,Technology,AR & VR platform,Hyderabad,SRI Capital,Seed Funding,500000.0,2017-02-17
The Ken,Consumer Internet,Online Media Platform,Bengaluru,"Aprameya Radhakrishna, Deepak Natraj, Girish Mathrubootham, Mahesh Murthy, Pallav Nadhani, Pavan Ongole, Sandeep Mathur, Vijay Shekhar Sharma & Others",Seed Funding,400000.0,2017-02-17
Urban Ladder,E-commerce,Online Furniture Store,Bengaluru,"Kalaari Capital, SAIF Partners, Steadview Capital, Sequoia Capital",Private Equity,15200000.0,2017-02-17
Aisle,Consumer Internet,Online match-making app,Bengaluru,"Konglo Ventures, White Unicorn Ventures, LetsVenture",Seed Funding,185000.0,2017-02-17
TownScript,Consumer Internet,DIY event registration and ticketing portal,Pune,BookMyShow,Private Equity,20770463.751474757,2017-02-17
Leopetra,E-commerce,Solution provider for pet needs,Mumbai,Facebook FBStart,Seed Funding,40000.0,2017-02-17
Blood n Care,Consumer Internet,First Aid care app,Gurugram,Facebook FBStart,Seed Funding,40000.0,2017-02-18
Flipkart,E-commerce,Online Marketplace,Bengaluru,"Bennett, Coleman and Co. Ltd (BCCL)",Private Equity,38700000.0,2017-02-20
True Balance,Consumer Internet,Mobile balance Checking App,Gurugram,"Softbank Ventures Korea, IMM Investment",Private Equity,15000000.0,2017-02-21
Vebbler,Consumer Internet,Photo Sharing for Groups,Bengaluru,Facebook FBStart,Seed Funding,40000.0,2017-02-22
Get My Parking,Consumer Internet,Smart Parking Platform,Delhi,"Indian Angel Network (IAN), BEENEXT, The Chennai Angels, Sunil Munjal",Private Equity,1100000.0,2017-02-23
Lets Reap,Consumer Internet,B2B Mobile App for Pharmacies,Mumbai,"Kunal Shah, Sandeep Tandon, Nitin Saluja, Gagan Goyal",Seed Funding,20770463.751474757,2017-02-23
Oglas,Consumer Internet,Mobile Advertising App,Noida,"Pankaj Rungta, Yogesh Agarwal",Seed Funding,20770463.751474757,2017-02-24
Staydobe,Consumer Internet,Co-Living Spaces Aggregator,Bengaluru,Ishan Manaktala,Seed Funding,20770463.751474757,2017-02-27
Biryani By Kilo,Consumer Internet,Online Food Ordering & Delivery Portal,Gurugram,"Chandigarh Angels, Ashish Gupta, Rohit, Ashish Chand, Sunil Singh & Others",Seed Funding,375000.0,2017-02-27
Johari Shop,E-commerce,Online Jewellery etailer,Bengaluru,Undisclosed Investors,Seed Funding,94000.0,2017-02-27
NeoStencil,Consumer Internet,Live Online Coaching Classes,Delhi,"Brand Capital, Paragon Trust",Private Equity,1000000.0,2017-02-28
Blackbuck,Logistics,Online freight aggregator,Bengaluru,"Sands Capital, IFC, Accel Partners, Flipkart, Sanjiv Rangrass",Private Equity,70000000.0,2017-02-28
TaxSutra,Consumer Internet,Online Tax Filing platform,Pune,"TV Mohandas Pai, V Balakrishnan, PV Srinivasan",Seed Funding,366000.0,2017-02-01
TempoGo,Technology,IoT & SAAS Solutions for Transportation Industry,Goa,K2 Capital,Seed Funding,825000.0,2017-03-01
GoFynd,E-commerce,Fashion ecommerce portal,Mumbai,"Anand Chandrasekaran, Rajiv Mehta, Ramakant Sharma",Seed Funding,20770463.751474757,2017-03-01
Vow Car Clinic,Consumer Internet,Online/App Based Car cleaning service provider,Gurugram,Vishal Malik,Seed Funding,20770463.751474757,2017-03-01
LearnTron,Technology,Blended Learning Delivery App for Schools & Corporates,Chennai,Kae Capital,Seed Funding,20770463.751474757,2017-04-01
MobiDent,Consumer Internet,Dentist Appointments booking platform,Bengaluru,DanGold Investment Corp,Private Equity,20770463.751474757,2017-05-01
Yostra,Technology,Healthcare Technology Solutions,Bengaluru,"Marico Innovation Foundation (MIF), Villgro",Private Equity,20770463.751474757,2017-05-01
Leap India,Logistics,Supply Chain Solutions Provider,Mumbai,"India Nivesh Growth Fund, Sixth Sense, TCI Ventures",Private Equity,13000000.0,2017-06-01
FreeCharge,Consumer Internet,Mobile Wallet,Mumbai,Jasper Infotech Pvt Ltd,Private Equity,57000000.0,2017-07-01
TicketNew,Consumer Internet,Movie Ticket Booking platform,Chennai,Alibaba Pictures,Private Equity,35000000.0,2017-09-01
Intelligence Node,Technology,SAAS Based Retail Analytics Solutions,Mumbai,BlackSoil Capital Pvt Ltd,Private Equity,800000.0,2017-10-01
Securens,Technology,e-surveillance services provider,Mumbai,"Mayfield India, Trifecta Capital",Private Equity,5000000.0,2017-10-01
Loan Frame,Consumer Internet,Small Business Loans Marketplace platform,Gurugram,"Vedanta Capital, William Campbell, Toos N Daruvala",Private Equity,2250000.0,2017-10-01
DriveSkool,Consumer Internet,online marketplace for driving schools,Bengaluru,Aavya Ventures,Seed Funding,20770463.751474757,2017-10-01
Medinfi,Consumer Internet,Doctor & Clinic Discovery portal,Bengaluru,"Vinod Martin, Evan Lim, Kanchan Ghoshal, Ram Kumar Kakani",Seed Funding,100000.0,2017-10-01
LensKart,E-commerce,Online eyewear retailer,Bengaluru,Ronnie Screwvala,Private Equity,3500000.0,2017-10-01
InstaOffice,Consumer Internet,CoWorking Spaces booking platform,Gurugram,"Zishaan Hayath, Karan Chellani, Mohit Satyan",Seed Funding,20770463.751474757,2017-11-01
Hansel.io,Consumer Internet,Real-time Mobile App Management Platform,Bengaluru,"IDG Ventures, Endiya Partners",Private Equity,1350000.0,2017-12-01
Square Yards,Consumer Internet,Property Search Aggregator platform,Gurugram,"Lohia Group, Andre Hoffman",Private Equity,10000000.0,2017-12-01
Roambee,Technology,IoT smart Logistics and Asset Management Company,Mumbai,Deutsche Telekom Strategic Investments & Others,Private Equity,4100000.0,2017-01-13
PaisaWapas,Consumer Internet,Cashback & Coupons platform,Bengaluru,Vividhity Ventures,Seed Funding,20770463.751474757,2017-01-13
iService,Consumer Internet,Gadgets Repair & Service Booking platform,Bengaluru,"Blume Ventures, Girish Mathrubootham, Aprameya Radhakrishna",Seed Funding,440000.0,2017-01-13
Unacademy,Consumer Internet,Online learning platform,Bengaluru,"Nexus Venture Partners, Blume Ventures",Private Equity,4500000.0,2017-01-14
SecururAX,Technology,Cloud-based solutions provider,Bengaluru,"Axilor Ventures, Parampara Early Stage Opportunities Fund & Others",Private Equity,20770463.751474757,2017-01-14
Leadburg,Consumer Internet,Personality Development Mobile App,Bengaluru,"Harsh V. Pant, Ratheesh Raveendran",Seed Funding,20770463.751474757,2017-01-16
ZoloStays,Consumer Internet,Branded PG Accomodation booking platform,Bengaluru,"Nexus Venture Partners, Innoven Capital",Private Equity,5000000.0,2017-01-16
Oi Media,Technology,SAAS Based Media Marketing platform,Delhi,Quarizon,Seed Funding,20770463.751474757,2017-01-16
HipCouch,Consumer Internet,Custom & Modular Furniture platform,Mumbai,Undisclosed Investors,Seed Funding,700000.0,2017-01-16
Curiositi,Consumer Internet,Online Learning Platform,Bengaluru,"Menterra Social Impact Fund, Unitus Seed Fund",Private Equity,800000.0,2017-01-17
TinyStep,Consumer Internet,Parenting Info & Social Network,Bengaluru,Flipkart,Private Equity,2000000.0,2017-01-17
Practo,Consumer Internet,Online Healthcare platform,Bengaluru,"Tencent, ru-Net, RSI Fund, Thrive Capital",Private Equity,55000000.0,2017-01-17
Ketchupp,Consumer Internet,Food Discovery Platform,Delhi,India Quotient and others,Seed Funding,441000.0,2017-01-17
Hoopy,Consumer Internet,Online Car Service Platform,Gwalior,Undisclosed Investors,Seed Funding,500000.0,2017-01-17
Ezytruk,Consumer Internet,Logistics and truck aggregator platform,Bengaluru,"Ajith Nair, Anish K",Seed Funding,147000.0,2017-01-17
Kratikal,Technology,Cyber Security Solution provider,Delhi,"Amajit Gupta, Praveen Dubey, J.P. Bhatt",Seed Funding,20770463.751474757,2017-01-18
Direct Create,E-commerce,B2B Marketplace for Handicrafts,Gurugram,Rajasthan Venture Capital Fund,Seed Funding,20770463.751474757,2017-01-18
Vahdam Teas,E-commerce,Online Tea etailer,Delhi,"Mumbai Angels Network, Fireside Ventures, Singapore Angel Network",Seed Funding,650000.0,2017-01-18
QwikSpec,Technology,Cloud-based construction,Bengaluru,Undisclosed Investors,Seed Funding,300000.0,2017-01-18
PParke,Consumer Internet,Parking Solutions mobile app,Bengaluru,SB Ventures,Seed Funding,20770463.751474757,2017-01-19
Weddingz,Consumer Internet,Online Marketplace for Wedding Venues and vendors,Mumbai,Singularity Ventures,Private Equity,1000000.0,2017-01-19
Native Special,E-commerce,Indian Sweets & Snacks etailer,Karur,"Indian Angel Network, Native Angels Network",Seed Funding,20770463.751474757,2017-01-19
Fitnapp,Consumer Internet,Fitness Mobile App,Noida,SD Group,Private Equity,20770463.751474757,2017-01-19
Ethosh,Technology,Visual and Interactive communications Solutions,Pune,Deepak Nathani,Seed Funding,20770463.751474757,2017-01-20
Wydr,E-commerce,B2B Wholesale Marketplace in India,Gurugram,"Bessemer Venture Partners, Stellaris Venture Partners, Jungle Venture Partners, Axis Capital",Private Equity,20770463.751474757,2017-01-20
Tyre Express,Technology,IoT platform for Tyre Performance management & tracking,Mumbai,IvyCamp Ventures,Seed Funding,20770463.751474757,2017-01-20
Connaizen,Technology,Data Analytics platform,Delhi,Umang Moondra,Seed Funding,20770463.751474757,2017-01-20
MessaGif,Consumer Internet,social messaging platform,Delhi,Undisclosed Investors,Seed Funding,50000.0,2017-01-22
SmartHi,Technology,Audit automation Solutions,Pune,Singapore based investor,Seed Funding,20770463.751474757,2017-01-23
CRON Systems,Technology,Border Intrusion Alert Solutions,Delhi,YourNest Fund II,Seed Funding,20770463.751474757,2017-01-23
CueMath,Technology,Maths Learning program,Delhi,"CapitalG, Sequoia India",Private Equity,15000000.0,2017-01-23
ChipperSage,Technology,Online learning platform,Bengaluru,India Educational Investment Fund,Seed Funding,20770463.751474757,2017-01-23
SelectJobs,Consumer Internet,Online Job portal,Mumbai,India Educational Investment Fund,Seed Funding,20770463.751474757,2017-01-24
Khel Now,Consumer Internet,Mobile-based Social Platform for Sports,Bengaluru,Indochine International,Private Equity,500000.0,2017-01-24
NowFloats,Consumer Internet,Platform to take businesses online,Hyderabad,"Iron Pillar and IIFL, Blume Ventures, Omidyar Network",Private Equity,10000000.0,2017-01-24
LetsTransport,Consumer Internet,Online transport vehicle booking platform,Bengaluru,"GMO Japan, Neelesh Bhatnagar",Private Equity,4000000.0,2017-01-24
BetaOut,Technology,ECommerce Marketing Software,Noida,East Ventures & Others,Private Equity,20770463.751474757,2017-01-24
Wishberry,Consumer Internet,Crowdfunding Platform,Mumbai,"Sharad Sharma, Rajan Anandan, Amit Ranjan, Alok Mittal & others",Seed Funding,650000.0,2017-01-25
RML Agtech,Technology,Agri Decision Support Solution for farmers,Pune,IvyCap Ventures,Private Equity,4000000.0,2017-01-25
LoyaltyPrime,Technology,Loyalty program management solutions,Delhi,"Senovo, Unternehmertum Venture Capital, Alexander Bruehl",Private Equity,20770463.751474757,2017-01-25
InstaSafe,Technology,Security-as-a-Service solution provider,Bengaluru,ABM Knowledgeware,Private Equity,2200000.0,2017-01-25
Infibeam,E-commerce,eCommerce Marketplace,Ahmedabad,"Bennett, Coleman and Company Ltd",Private Equity,8800000.0,2017-01-25
99Games,Technology,Mobile Game Developer Studio,Udupi,Dream Incubator,Seed Funding,20770463.751474757,2017-02-01
AirMed Labs,Consumer Internet,Health Tests Booking platform & ePharmacy,Ahmedabad,Brand Capital,Private Equity,1400000.0,2017-01-26
99PerHour,Consumer Internet,Hyper-local Handyman Service provider,Chennai,V Aanand R,Seed Funding,300000.0,2017-01-26
Kochi Post,Consumer Internet,English Online News portal,Kochi,"Rajesh Yohannan, Puthen & Cole",Seed Funding,20770463.751474757,2017-01-26
Intuit Things,Technology,IoT solutions for home automation applications,Mumbai,Sanjay Mehta & Others ( The Ten Minute Million),Seed Funding,106000.0,2017-01-30
Cloudrino,Technology,Cloud based Virtual Servers,Delhi,The Ten Minute Million,Seed Funding,22500.0,2017-01-30
FabX,E-commerce,Used Furniture Marketplace,Mumbai,The Ten Minute Million,Seed Funding,68000.0,2017-01-30
Maptags,Consumer Internet,Smart Online address tags,Bengaluru,The Ten Minute Million,Seed Funding,18000.0,2017-01-30
YOLO Health,Consumer Internet,Online Healthcare platform,Mumbai,Chandigarh Angels Network (CAN),Seed Funding,20770463.751474757,2017-01-30
Heads Up For Tails,E-commerce,Online Pet Products Store,Delhi,Undisclosed Investors,Private Equity,2000000.0,2017-01-31
Register My Marriage,Consumer Internet,Online Marriage Registration services,Delhi,Mumbai Angels,Seed Funding,20770463.751474757,2017-01-31
SidQam,Technology,Healthcare Software System,Noida,"SQue Capital, Grace Capital Ventures, Soham Vencaps",Private Equity,1200000.0,2016-01-12
IndiaLends,Consumer Internet,Online Instant personal Loan provider,Delhi,"DSG Consumer Partners, American Express Ventures, Cyber Carrier VC, AdvantEdge Partners",Private Equity,4000000.0,2016-01-12
Slide App,Consumer Internet,Lock screen Rewards mobile app,Delhi,Songhyun Investment,Private Equity,3600000.0,2016-01-12
Badiyajobs,Consumer Internet,Entry-Level job Seekers platform,Delhi,Undisclosed Investors,Seed Funding,100000.0,2016-02-12
Streo,Consumer Internet,Live Music Streaming App,Bengaluru,"GEMs Advisory, Quarizon",Seed Funding,20770463.751474757,2016-02-12
Tygr,Technology,Transport and logistics mobile App,Mumbai,Franchise India,Private Equity,3000000.0,2016-02-12
Mr Hot Foods,Consumer Internet,Online Food Ordering & Delivery Portal,Indore,IvyCamp Ventures,Seed Funding,20770463.751474757,2016-05-12
UrDoorStep,E-commerce,Online Grocery Store,Bengaluru,Undisclosed Investors,Private Equity,1400000.0,2016-05-12
ONN Bikes,E-commerce,"On-demand, self-drive bike rental platform",Mumbai,Grace Capital Ventures,Seed Funding,692000.0,2016-05-12
Diro Labs,Consumer Internet,Mobile Contacts Management app,Delhi,Info Edge (India),Seed Funding,147000.0,2016-06-12
Thb,Technology,Clinical research and data analytics,Gurugram,"Ajith Sukumaran, Currae Healthtech Fund",Seed Funding,20770463.751474757,2016-06-12
LookAtMe,Consumer Internet,Mobile App based Fashion Network,Singapore,Eros Labs,Seed Funding,20770463.751474757,2016-07-12
Netree,E-commerce,Mobile-only Retailers Engagement Solution,Delhi,"The Chennai Angels, LetsVenture",Seed Funding,20770463.751474757,2016-07-12
BookEventz,Consumer Internet,"Venue, Events Booking platform",Mumbai,Investors from Mumbai Angels & LetsVenture,Seed Funding,20770463.751474757,2016-07-12
TailsLife,Consumer Internet,Pet Parenting mobile app,Bengaluru,"Mohan Kumar, V. Balakrishnan",Seed Funding,20770463.751474757,2016-07-12
Revv,Consumer Internet,Self-Driven Car Services booking portal,Delhi,Edelweiss Private Equity,Private Equity,9000000.0,2016-07-12
WealthApp,Consumer Internet,Online Investment Advisory platform,Bengaluru,"Venk Krishnan, MJ Aravind, Vikram Kotak, Jayant Davar, Ramkumar Nishtal, Arjun Sharmaa",Seed Funding,440000.0,2016-07-12
Vehico,Technology,Connected Transportation solutions,Bengaluru,"Calcutta Angel Network, Appliyifi",Seed Funding,20770463.751474757,2016-07-12
ZestMoney,Consumer Internet,Online Consumer Lending platform,Mumbai,PayU,Private Equity,6500000.0,2016-08-12
GoMechanic,Consumer Internet,Online Car servicing Booking platform,Gurugram,Venture Catalysts,Seed Funding,250000.0,2016-08-12
StalkBuyLove,E-commerce,Fashion Apparel eTailer,Delhi,Kalaari Capital,Private Equity,6000000.0,2016-09-12
Nykaa,E-commerce,Beauty Products etailer,Mumbai,Max Ventures and Industries,Private Equity,28407750.0,2016-09-12
Wittyparot,Technology,Content Management & Productivity platform,Bengaluru,Mumbai Angels,Seed Funding,450000.0,2016-09-12
NeuroEquilibrium,Technology,Health-Tech platform,Jaipur,Unicorn India Ventures,Seed Funding,250000.0,2016-09-12
Xseed Education,Technology,Education & learning Tech platform,Bengaluru,Verlinvest SA,Private Equity,10000000.0,2016-12-12
Rupaiya Exchange,Consumer Internet,P2P Lending platform,Delhi,Undisclosed Investors,Seed Funding,200000.0,2016-12-12
Doctor Insta,Consumer Internet,Online Doctor Consulting platform,Gurugram,RoundGlass Partners,Private Equity,2000000.0,2016-12-12
UrbanPiper,Consumer Internet,Self-Branded Websites & Apps for Ecommerce,Bengaluru,"Axilor, Undisclosed Investors",Seed Funding,20770463.751474757,2016-12-12
Fresh Food Concepts,Food & Beverage,Cold Press Juice manufacturer & seller,Delhi,"Siddhartha Gupta, Ashvin Chadha",Seed Funding,2000000.0,2016-12-12
Indifi,Consumer Internet,Online lending platform,Gurugram,Omidyar Network,Private Equity,10000000.0,2016-12-13
GoComet,Logistics,Marketplace for International Freight,Mumbai,"India Quotient, Rajul Garg, Rajesh Yabaji, Chanakya Hridaya, Ramasubramaniam B, Vishwanathan, Nobel House, Sunstone Capital",Seed Funding,20770463.751474757,2016-12-13
OfBusiness,E-commerce,Online business-to-business (B2B) marketplace,Gurugram,"Zodius Technology Opportunities Fund, Matrix Partners",Private Equity,11100000.0,2016-12-13
Fitmein,Consumer Internet,Fitness Discovery & Booking platform,Delhi,"FiNC, GHV",Seed Funding,20770463.751474757,2016-12-14
Qacco,Consumer Internet,Hotel Booking platform,Gurugram,"Lead Angels Network, Anbu Pandian, Prabhakar MR & Others",Seed Funding,150000.0,2016-12-14
Fitpass,Consumer Internet,Fitness center aggregator & Booking mobile app,Delhi,Mumbai Angels,Seed Funding,1000000.0,2016-12-14
MoEngage,Technology,User analytics and engagement platform,Bengaluru,Anand Chandrasekaran,Seed Funding,4250000.0,2016-12-14
Ten3t Health,Technology,medical grade wearable patch maker,Bengaluru,"V. Krishna Prasad, Bhupen Shah & Others",Seed Funding,20770463.751474757,2016-12-14
Trading Bells,Consumer Internet,Online Share & Commodity Broking platform,Indore,Swastika Investmart Ltd,Seed Funding,297000.0,2016-12-14
Servd,Consumer Internet,Financial Services For Unorganized Workforce,Pune,Digital Financial Service Lab,Seed Funding,100000.0,2016-12-15
IdeaForge,Technology,Drone Manufacturing,Mumbai,"WRV Capital and IndusAge Partners, Infosys Innovation Fund",Private Equity,10000000.0,2016-12-15
Amagi Media Labs,Technology,Media Technology Solutions,Mumbai,"Emerald Media, Premji Invest",Private Equity,35000000.0,2016-12-15
Pocket Aces,Technology,Digital Entertainment Company,Mumbai,"Sequoia Capital India, North Base Media, Aarin Capital, 3one4 Capital, Axilor Ventures, Kunal Shah, Sandeep Tandon",Private Equity,3000000.0,2016-12-15
Pi Data Centers,Technology,Cloud Data Center Solutions provider,Hyderabad,Epsilon Venture Partners,Private Equity,23000000.0,2016-12-16
TripShelf,Consumer Internet,Holiday Packages provider,Delhi,"GEMS Advisory, Quarizon",Seed Funding,123000.0,2016-12-16
Events High,Consumer Internet,Events & Activities Marketplace,Bengaluru,Axilor Ventures,Private Equity,20770463.751474757,2016-12-19
NoBroker,Consumer Internet,Rental property search portal,Bengaluru,"KTB Network, SAIF Partners, BEENEXT, Digital Garage",Private Equity,7400000.0,2016-12-19
VivoCarat,E-commerce,Online jewellery marketplace,Mumbai,Undisclosed Investors,Seed Funding,50000.0,2016-12-20
Tiyo,Consumer Internet,Doctor Search Mobile App,Kolkata,Ajith Nair,Seed Funding,20770463.751474757,2016-12-20
ZoomCar,Consumer Internet,Self-Driven Cab booking platform,Bengaluru,Cyber Carrier CL,Private Equity,8000000.0,2016-12-20
Byju's,Consumer Internet,Online Learning platform,Bengaluru,International Financial Corporation,Private Equity,15000000.0,2016-12-20
Supr Daily,Consumer Internet,Daily Subscription based Delivery service,Mumbai,"Dr. Apoorv Ranjan Sharma, Anil Jain, Anuj Golecha, Krishna Jhunjhunwala, Anirudh Damani",Seed Funding,810000.0,2016-12-21
The BlueBook,Consumer Internet,online to offline marketing platform,Bengaluru,"Indian Angel Network, Let's Venture",Seed Funding,500000.0,2016-12-21
Mamaearth,E-commerce,Babycare Products seller,Delhi,Fireside Ventures & Others,Seed Funding,4000000.0,2016-12-21
Vegetall,E-commerce,Online Vegetable eTailer,Chennai,The Chennai Angels,Seed Funding,162000.0,2016-12-21
Innoplexus,Technology,Data as a Service Provider,Pune,HCS Venture capital fund,Private Equity,20770463.751474757,2016-12-22
Mindler,Consumer Internet,Career Planning & Assessment platform,Delhi,Taxmann,Seed Funding,324000.0,2016-12-22
MCaffeine,E-commerce,Personal care product etailer,Bengaluru,"Kaushal Agarwal, Harminder Sahani, KK Mehra, Pranay Jivrajka, Navjot Saini",Seed Funding,300000.0,2016-12-22
enKast,Technology,Cloud based CRM for Agencies,Bengaluru,Ivy League Alumni Angel Network,Private Equity,2000000.0,2016-12-23
ShopKirana,E-commerce,B2B platform for Merchants & Retailers,Indore,"Incubate Fund, Lead Angels Group & Others",Private Equity,2000000.0,2016-12-23
MyAdvo,Consumer Internet,Legal Advice Platform,Delhi,"Pradyumna Dalmia, S. Somasegar & Others",Seed Funding,20770463.751474757,2016-12-23
Asocon,Technology,Process management startup,Noida,Quarizon,Seed Funding,20770463.751474757,2016-12-23
LexComply,Consumer Internet,Compliance Management Software,Delhi,Ajay Relan,Seed Funding,20770463.751474757,2016-12-23
The Postbox,E-commerce,Art & Lifestyle ECommerce Store,Chennai,"The Chennai Angels, Ritesh Mehta, Aruna Ganesh Ram",Seed Funding,20770463.751474757,2016-12-26
Pandorum Technologies,Technology,3D printed experimental Human Liver tissue creator,Bengaluru,"Sachin Bansal, Binny Bansal",Seed Funding,20770463.751474757,2016-12-26
Dekkho,Consumer Internet,Video Streaming platform,Mumbai,Undisclosed Investors,Seed Funding,1200000.0,2016-12-26
Shadowfox,Logistics,On-Demand Delivery Service,Gurugram,Eight Roads Ventures,Private Equity,10000000.0,2016-12-26
ShopX,E-commerce,SAAS ECommerce Retail app,Bengaluru,Nandan Nilekani,Private Equity,5000000.0,2016-12-27
BookEventz,Consumer Internet,Online event-booking platform,Mumbai,"Lead Angels, Mumbai Angels, LetsVenture, Girish Mathrubootham, Anbu Pandian",Seed Funding,20770463.751474757,2016-12-28
Healthifyme,Consumer Internet,Fitness Mobile App,Bengaluru,NB Ventures,Private Equity,1000000.0,2016-12-29
LetsMD,Consumer Internet,Healthcare plan comparison platform,Delhi,WaterBridge Ventures,Seed Funding,20770463.751474757,2016-12-29
Justbooks,Consumer Internet,Library Chain Aggregator,Bengaluru,CoCreate Ventures,Seed Funding,20770463.751474757,2016-12-29
InstantPay,Consumer Internet,Digital payments & recharge platform,Delhi,"RB Investments, Kaleden Holdings",Private Equity,20770463.751474757,2016-12-30
PickMyLaundry,Consumer Internet,On-Demand Washing & Dry Cleaning Services,Delhi,"Kedar Lele, GHV Accelerator",Seed Funding,200000.0,2016-01-11
FreshDesk,Consumer Internet,SAAS Based HelpDesk Services,Chennai,"Sequoia Capital India, Accel Partners",Private Equity,55000000.0,2016-02-11
LaundryAnna,Consumer Internet,On-Demand Washing & Dry Cleaning Services,Bengaluru,Undisclosed Investors,Seed Funding,150000.0,2016-02-11
LetsMD,Consumer Internet,Healthcare Services Comparison Platform,Delhi,"Calcutta Angels Network, LetsVenture, Anupam Mittal, Currae Healthtech Fund",Seed Funding,20770463.751474757,2016-02-11
Sattviko,Food & Beverage,Health Food Restaurant Chain,Delhi,"Raman Roy, Ashish Gupta, Yogesh Andlay, Vaibhav Jain",Seed Funding,320000.0,2016-02-11
Zarget,Technology,SaaS-based web optimisation and marketing platform,Chennai,Sequoia India,Private Equity,6000000.0,2016-03-11
DoSelect,Consumer Internet,Skill Showcasing platform,Bengaluru,"3one4 Capital, Mumbai Angels, Aarin Capital",Seed Funding,20770463.751474757,2016-03-11
EasyPolicy,Consumer Internet,Online insurance Portal,Noida,Unilazer Ventures,Private Equity,10000000.0,2016-03-11
Browntape,Technology,cloud-based software solutions company,Goa,Gati Ltd,Private Equity,20770463.751474757,2016-04-11
Connect India,Logistics,Last mile Delivery Network,Bengaluru,Aavishkaar Venture Management,Private Equity,1000000.0,2016-04-11
Corseco,Technology,AI-based Software as a Service Solution provider,Delhi,"Ameera Shah, Vivek Bhargava",Seed Funding,150000.0,2016-04-11
vImmune,Consumer Internet,Immunisation Management Platform,Bengaluru,Undisclosed Investors,Seed Funding,20770463.751474757,2016-04-11
The Gourmet Jar,E-commerce,Gourmet Food etailer,Noida,Chandigarh Angels Network,Seed Funding,20770463.751474757,2016-04-11
Medzin,E-commerce,Online ordering & Delivery of medicines,Delhi,A M Sikander,Seed Funding,45000.0,2016-05-11
Bizongo,E-commerce,Packaging Material Marketplace,Mumbai,"IDG Ventures, Accel Partners",Private Equity,3000000.0,2016-05-11
Rivigo,Technology,Technology based Logistics platform,Gurugram,Warburg Pincus,Private Equity,75000000.0,2016-07-11
JustRide,Consumer Internet,Online Car Sharing platform,Mumbai,"Justin Kan, Qasar Younis, Paul Bucche, Susa Ventures, Kima Ventures, Axan Venture, SCM Holdings",Private Equity,3000000.0,2016-07-11
IIM Jobs,Consumer Internet,Online Job Portal,Delhi,India Quotient,Private Equity,2000000.0,2016-09-11
Square Yards,Consumer Internet,Online Property Search Portal,Gurugram,ADAG Reliance Private Equity,Private Equity,12000000.0,2016-09-11
GolfLAN,Consumer Internet,Golf Session Online Bookings platform,Delhi,"YourNest Angel Fund, iSON",Private Equity,1000000.0,2016-10-11
Yottaasys,Technology,Data Sciences platform,Bengaluru,Gleevoaz Ventures,Private Equity,20770463.751474757,2016-10-11
ToneTag,Technology,Contactless Payment Solution,Bengaluru,"Arun Seth, T.V. Mohandas Pai, Anand Chandrasekaran, Deepak Ghaisas",Private Equity,20770463.751474757,2016-10-11
Life in Control,Consumer Internet,Online Diabetes Management platform,Gurugram,RoundGlass Partners,Private Equity,20770463.751474757,2016-11-11
Active.ai,Technology,Banking & Fintech Platform,Singapore,"Kalaari Capital, IDG Ventures India",Private Equity,3000000.0,2016-11-14
ElasticRun,Technology,Tech driven Logistic & distribution platform,Pune,"Kalaari Capital, Norwest Venture Partners",Private Equity,2000000.0,2016-11-14
NoBroker,Consumer Internet,Online Rental discovery,Bengaluru,Vijay Shekhar Sharma,Seed Funding,10365642.857142856,2016-11-15
Zefo,E-commerce,Used Furniture & Appliances Marketplace,Bengaluru,"Sequoia India, BEENEXT, Helion Ventures",Private Equity,6000000.0,2016-11-15
PlaySimple,Technology,Mobile Gaming portal,Bengaluru,"SAIF Partners, IDG Ventures India",Private Equity,4000000.0,2016-11-15
Stasis Labs,Technology,Cloud based xc2 xa0 health monitoring platform,Bengaluru,"RTP-HC, Wonder Ventures, Techstars Ventures & Others",Private Equity,5000000.0,2016-11-16
Scienaptic,Technology,Data Analytics platform,Bengaluru,Pramod Bhasin,Seed Funding,20770463.751474757,2016-11-17
Koovs,E-commerce,Fashion eTailer,Delhi,Times of India Group & Existing investors,Private Equity,13500000.0,2016-11-17
Lawrato,Consumer Internet,Free Legal Advice,Delhi,Indian Angel Network,Seed Funding,20770463.751474757,2016-11-17
Trip Tap Toe,Consumer Internet,Online Travel Portal,Gurugram,R.S Sharma,Seed Funding,20770463.751474757,2016-11-17
Pictor Imaging,Consumer Internet,Product Photography Mobile App,Mumbai,Quarizon,Seed Funding,147000.0,2016-11-17
GramCover,Finance,Insurance Marketplace for the Rural Sector,Delhi,Omnivore Capital,Seed Funding,1000000.0,2016-11-18
AerMed,E-commerce,Online Pharmacy,Mumbai,Hitesh Windlass,Seed Funding,20770463.751474757,2016-11-18
WorkIndia,Consumer Internet,Job Board for Clue Collar Jobs,Mumbai,Asuka Holdings,Seed Funding,500000.0,2016-11-18
Bats on delivery,Consumer Internet,"Online food, Grocery ordering & Delivery",Gurugram,Devdeep Singh,Seed Funding,90000.0,2016-11-21
Numberz,Technology,Cash Flow Management Solution for Businesses,Gurugram,"Kae Capital, Khosla Impact",Seed Funding,650000.0,2016-11-21
Housing,Consumer Internet,Real Estate Portal,Mumbai,Softbank Group,Private Equity,5000000.0,2016-11-22
Awesummly,Consumer Internet,Short News Mobile App,Bengaluru,"Vivek Bhargava, Ameera Shah",Seed Funding,147000.0,2016-11-22
VoLT,Consumer Internet,Ed-Tech Platform,Mumbai,YMS Mobitech,Seed Funding,20770463.751474757,2016-11-22
Vymo,Technology,SaaS-based predictive analytics platform,Bengaluru,Sequoia India,Private Equity,5000000.0,2016-11-22
ShubhLoans,Technology,Consumer Finance & Credit Score platform,Bengaluru,"Sanjai Vohra, V. Bunty Bohra",Seed Funding,20770463.751474757,2016-11-22
Noddapp,Consumer Internet,App based networking platform,Mumbai,Undisclosed Investors,Seed Funding,147000.0,2016-11-22
Knowlarity,Consumer Internet,Cloud Telephony Platform,Bengaluru,"Delta Partners, Sequoia India, Mayfield, Blacksoil, Trifecta Capital",Private Equity,20000000.0,2016-11-23
Infisecure,Technology,Bot Protection Solutions,Mumbai,"IDG Ventures, Axilor Ventures",Seed Funding,600000.0,2016-11-23
Udaan,E-commerce,B2B Marketplace,Bengaluru,"Lightspeed Venture Partners India, Lightspeed US",Private Equity,10000000.0,2016-11-23
FroyoFit,Consumer Internet,Fitness Discovery Platform,Indore,Dr. Pooja Gandhi,Seed Funding,20770463.751474757,2016-11-24
Betterplace,Consumer Internet,Background Verification Services,Bengaluru,Venture Highway,Seed Funding,20770463.751474757,2016-11-24
ShareChat,Consumer Internet,Local Language Social Networking Platform,Mumbai,"Lightspeed India Partners, SAIF Partners, India Quotient, Venture Highway",Private Equity,4000000.0,2016-11-24
UClean,Consumer Internet,Tech Enabled Laundry Service Provider,Gurugram,Franchise India,Private Equity,20770463.751474757,2016-11-24
Servify,Consumer Internet,Personal Device Assistant App,Mumbai,"Blume Ventures, BEENEXT, Barkawi Holdings GmbH, TM Service Technology Holdings Gmbh, Sreevathsa Prabhakar",Private Equity,20770463.751474757,2016-11-24
Hubilo,Consumer Internet,End-to-end Event Organizers Solutions,Ahmedabad,"Girish Mathrubootham, VC Karthic, Miten Mehta, Umasankar Nistala, Rakesh Patel, Akash Bhavsar, Jeevanandhan Rajagopal, Vikas Chadha & Others",Seed Funding,20770463.751474757,2016-11-25
FunOnGo,Consumer Internet,Digital Media Content and Distribution platform,Mumbai,Reliance Entertainment,Private Equity,20770463.751474757,2016-11-25
121Policy,Consumer Internet,Online Insurance Platform,Kolkata,Xelpmoc,Seed Funding,20770463.751474757,2016-11-25
TapChief,Consumer Internet,Professional Expert Advice Platform,Bengaluru,"Paytm, Aprameya Radhakrishna, Subramanya Venkat, Venk Krishnan",Seed Funding,20770463.751474757,2016-11-26
Kloseby,Consumer Internet,proximity based xc2 xa0 Rewards platform,Bengaluru,Undisclosed Investors,Seed Funding,100000.0,2016-11-28
WholeSaleBox,E-commerce,B2B Wholesale Apparel Marketplace,Jaipur,"Manish Maheshwari, Contrarian Vriddhi Fund",Private Equity,2000000.0,2016-11-28
Crossahead,Consumer Internet,Creative Artists Discovery & Booking platform,Noida,Mohit Sharma,Seed Funding,20770463.751474757,2016-11-29
Affordplan,Consumer Internet,Savings platform for Medical Expenses,Delhi,"Prime Venture Partners, Kalaari Capital",Private Equity,3000000.0,2016-11-29
HandyTrain,Consumer Internet,Mobile App for SAAS based Training,Goa,"Silver Range Investments, Lumina Datamatics, Shun Yoshida & Others",Private Equity,1000000.0,2016-11-30
ShopsUp,E-commerce,Hyperlocal Shopping App,Bengaluru,"Anand Sankeshwar, Yang Shu",Seed Funding,963000.0,2016-11-30
Indofash,E-commerce,Ethnic Indian Fashion Marketplace,Bengaluru,"Shekhar Sahu, Nitesh Pant",Seed Funding,150000.0,2016-11-30
Entropika,Technology,"AI, Machine learning Solutions",Bengaluru,"Dileep Bhatt, Milind Chaudhary",Seed Funding,200000.0,2016-11-30
MarianaIQ,Technology,AI-driven B2B marketing platform,Bengaluru,Exfinity Venture Partners,Private Equity,2000000.0,2016-11-30
Chai Thela,Food & Beverage,Quick Service Restaurants,Noida,Quarizon,Seed Funding,218000.0,2016-11-30
Interviewpad,Technology,Engineering Interview facilitation platform,Pune,Krishna Rokhale,Seed Funding,100000.0,2016-11-30
Math Buddy,Consumer Internet,Online Math Learn,Vadodara,Menterra Social Impact Fund,Seed Funding,440000.0,2016-11-30
Pulse,Consumer Internet,Campus Social Networking App,Bengaluru,SAIF Partners,Private Equity,500000.0,2016-11-30
MonkeyBox,Consumer Internet,Healthy Food Delivery platform,Bengaluru,Blume Ventures & Others,Seed Funding,20770463.751474757,2016-11-30
Carcrew,Consumer Internet,Online Car repair Marketplace,Mumbai,TVS Group,Seed Funding,500000.0,2016-11-30
MeraKisan,E-commerce,Fruit & vegetable eTailer,Bengaluru,Mahindra Univeg,Seed Funding,20770463.751474757,2016-03-10
Mystifly,Consumer Internet,Airline Ticket Aggregator,Bengaluru,Recruit Holdings,Private Equity,5000000.0,2016-03-10
HelpChat,Consumer Internet,AI Powered Content & Commerce platform,Bengaluru,"American Express Ventures, Sequoia Capital",Private Equity,20770463.751474757,2016-03-10
Uniphore,Technology,Speech Recognition Solutions,Chennai,"IDG Ventures, Indian Angel Network (IAN), YourNest Angel Fund",Private Equity,2000000.0,2016-03-10
World Art Community,E-commerce,Art & Craft Marketplace,Gurugram,Viraj Tyagi & Others,Seed Funding,200000.0,2016-03-10
Giftxoxo,E-commerce,Online Gifting platform,Bengaluru,Mahindra Holidays & Resorts India Ltd,Private Equity,450000.0,2016-04-10
Bharat Bazaar,E-commerce,Online B2B Marketplace,Mumbai,"BeeNext, TV Mohandas Pai, Kunal Shah, Sandeep Tandon",Seed Funding,20770463.751474757,2016-04-10
GOQii,Consumer Internet,Health & Fitness Wearable Device,Mumbai,Ratan Tata,Private Equity,450000000.0,2016-04-10
India Gifts Portal,E-commerce,Online Gifting platform,Noida,"Naveen Arya, Tarun Joshi",Private Equity,2000000.0,2016-04-10
Moglix,E-commerce,Industrial & Home products marketplace,Noida,"Accel Partners, Jungle Ventures, SeedPlus",Private Equity,4200000.0,2016-04-10
NetLinx,Consumer Internet,Internet Service Provider,Hyderabad,"Xchange Investors NV, TransGlobal FZC",Private Equity,3000000.0,2016-04-10
Scandid,Consumer Internet,Product Shopping Comparison App,Pune,3One4 Capital,Private Equity,20770463.751474757,2016-04-10
Remitr,Consumer Internet,Foreign Currency Payments Platform,Mumbai,"Vijay Shekhar Sharma, Pravin Gandhi, Smart Start Fund; Kunal Shah, Sandeep Tandon, Vishal Gondal, & Others",Seed Funding,1000000.0,2016-04-10
InnerChef,Consumer Internet,Online food ordering platform,Gurugram,"Mistletoe, M&S Partners",Private Equity,2500000.0,2016-04-10
AppsDaily,Consumer Internet,"Mobile Phone Theft, Damage Protection platform",Mumbai,"Zodius Capital, Kalaari Capital, Qualcomm Ventures, Russian venture capital fund Ru-Net, Mumbai Angels",Private Equity,3750000.0,2016-04-10
MuhurtMaza,Consumer Internet,Online Puja Booking Service,Pune,Undisclosed Investors,Seed Funding,20770463.751474757,2016-05-10
Azuro,Consumer Internet,Rental Property Finder platform,Mumbai,"White Unicorn Ventures, Kae Capital, Mumbai Angels",Private Equity,20770463.751474757,2016-05-10
NeuroSynaptic,Technology,Remote Healthcare Delivery Solutions,Bengaluru,"Indian Angel Network, Healthsquad, Axilor Ventures",Private Equity,20770463.751474757,2016-05-10
UE LifeSciences,Technology,Mobile Health Technology Solutions,Mumbai,"Kiran Mazumdar-Shaw, Unitus Seed Fund",Private Equity,1200000.0,2016-05-10
FindmeaShoe,Consumer Internet,Footwear Recommendation App,Bengaluru,Ventureast Fund Advisors,Seed Funding,20770463.751474757,2016-06-10
RealBox,Technology,Data Sciences Platform,Noida,Hyderabad Angels,Seed Funding,300000.0,2016-06-10
Sportido,Consumer Internet,Sports Discovery platform,Noida,Sumpoorna Group,Seed Funding,20770463.751474757,2016-06-10
GoZefo,E-commerce,Used Furniture & Appliances Marketplace,Bengaluru,"Helion Venture Partners, BeeNext",Private Equity,1050000.0,2016-06-10
RayIOT,Technology,Baby Monitoring Devices manufacturer,Bengaluru,HAX Accelerator,Seed Funding,100000.0,2016-07-10
KOOH Sports,Technology,Sports Training & Technology,Mumbai,"HDFC, Faering Capital, Elevate Sports",Private Equity,2200000.0,2016-07-10
Flexiloans,Consumer Internet,Online Funds Raising Platform,Mumbai,"Sanjay Nayar, Vikram Sud, Anil Jaggia, Narayan Seshadri",Private Equity,15000000.0,2016-07-10
Sibia Analytics,Technology,Marketing & Customer Analytics Solutions,Kolkata,Radhakrishnan Natarajan & Others,Seed Funding,20770463.751474757,2016-07-10
Vithi,E-commerce,Online Hair Extension etailer,Delhi,Undisclosed Investors,Seed Funding,375000.0,2016-10-10
Yupp TV,Consumer Internet,Internet-based TV streaming service provider,Bengaluru,Emerald Media,Private Equity,50000000.0,2016-11-10
Deyor Camps,Consumer Internet,Branded Camping location Aggregator,Gurugram,"Nitin Passi, Manickam Mahalingam, Udaan Angels, Rajesh Arora, Arkas Industries",Seed Funding,500000.0,2016-11-10
ZipLoan,Consumer Internet,online lending platform,Delhi,"GrowX Ventures, Sunil Kalra, Arun Venkatachalam, Badal Malick",Seed Funding,1825000.0,2016-12-10
FabAlley,E-commerce,online fashion brand store,Noida,"India Quotient, FAO Ventures, Indian Angel Network, Tushar Singh, Ranjan Sharma",Private Equity,2000000.0,2016-10-13
ShoeKonnect,E-commerce,B2B Marketplace for Shoes,Agra,Indian Angel Network,Seed Funding,20770463.751474757,2016-10-13
Maya,Consumer Internet,Womens Health Tracker App,Bengaluru,Rajan Anandan,Seed Funding,20770463.751474757,2016-10-13
RoboVac,Technology,waterless car washing solution,Ahmedabad,Virendra Patel,Seed Funding,450000.0,2016-10-13
Newspatrolling,Consumer Internet,Online News portal,Delhi,Undisclosed Investors,Seed Funding,25000.0,2016-10-14
Postman,Consumer Internet,API Platform,Bengaluru,Nexus Venture Partners,Private Equity,7000000.0,2016-10-14
Isfc,Finance,Education Sector Lending,Hyderabad,Gray Matters Capital,Private Equity,6000000.0,2016-10-14
BeatRoute,Technology,SAAS based mobile application platform,Gurugram,Quarizon Consultancy Services LLP,Seed Funding,20770463.751474757,2016-10-14
Kidsstoppress,Consumer Internet,Parenting and Baby care Platform,Mumbai,Karan Bhagat,Seed Funding,20770463.751474757,2016-10-14
Innov8,Consumer Internet,Co-Working Spaces aggregator,Bengaluru,Punit Soni,Seed Funding,4000000.0,2016-10-14
DailyHunt,Consumer Internet,Vernacular content mobile app,Bengaluru,"ByteDance, Arun Sarin, Matrix Partners, Sequoia Capital India, Omidyar Network, Falcon Edge",Private Equity,25000000.0,2016-10-15
Tazzo Bikes,Consumer Internet,Motorbike rental platform,Hyderabad,DSG Consumer Partners,Seed Funding,227000.0,2016-10-15
MyKindofJob,Consumer Internet,Internet & Fresher Job platform,Mumbai,"Mayank Shah, Shreyans Shah",Seed Funding,1000000.0,2016-10-15
Trilyo,Technology,B2B SAAS based product,Bengaluru,"Vishnu Bhat, Rajiv Lunkad, Naresh Ravindranath",Seed Funding,250000.0,2016-10-17
Rooter,Consumer Internet,Sports Social Network mobile app,Delhi,"Boman Irani, Dhruv Chitgopekar, Prantik Dasgupta",Seed Funding,20770463.751474757,2016-10-17
Yumigo,Consumer Internet,App based Travel Discovery and Transactions platform,Gurugram,Hemant Sahni,Seed Funding,300000.0,2016-10-17
Rentalpha,Others,equipment rental and leasing company,Mumbai,Bravia Capital,Private Equity,16000000.0,2016-10-17
3Dexter,Technology,3D Printing Solutions for Edu space,Delhi,Newbie Promoters,Seed Funding,150000.0,2016-10-18
BabyChakra,Consumer Internet,Parenting and Child Care portal,Mumbai,RoundGlass Partners,Private Equity,20770463.751474757,2016-10-18
Coppre,E-commerce,Copper based items etailer,Pune,Ganesh Natarajan,Seed Funding,20770463.751474757,2016-10-18
MySUN,Technology,Solar Energy harnessing products marketplace,Noida,General Catalyst Partners,Private Equity,2500000.0,2016-10-18
ePathsala,Technology,Cloud based ERP for Accreditation & ICT,Bengaluru,"Hyderabad Angels, TLabs",Seed Funding,20770463.751474757,2016-10-18
Furlenco,Consumer Internet,Online Furniture Rental platform,Bengaluru,"Lightbox Ventures, Axis Capital & Others",Private Equity,30000000.0,2016-10-19
Fisdom,Consumer Internet,Personal Wealth Management Platform & App,Bengaluru,"Saama Capital, Raghunandan G, Aprameya Radhakrishna",Private Equity,1100000.0,2016-10-19
Actofit,Technology,Wearable Technology platform & devices,Mumbai,Next Orbit Ventures Fund,Private Equity,750000.0,2016-10-19
Stayology,Consumer Internet,Stay & Travel related services,Bengaluru,Ranjan Pai,Seed Funding,20770463.751474757,2016-10-20
Hipcask,Consumer Internet,Alcoholic beverage discovery platform,Mumbai,Mobikon,Seed Funding,20770463.751474757,2016-10-20
RailYatri,Consumer Internet,Train Travel Info mobile app,Noida,"Helion Ventures, Blume ventures",Private Equity,20770463.751474757,2016-10-20
ChatOnGo,Consumer Internet,Hyperlocal xc2 xa0 Communication Mobile app,Mumbai,Janak Jain,Seed Funding,300000.0,2016-10-21
Wotu,E-commerce,B2B Marketplace for traders,Bengaluru,KAE capital,Seed Funding,20770463.751474757,2016-10-23
Healthians,Consumer Internet,Health Test Discovery & Ordering service,Gurugram,BEENEXT,Private Equity,3000000.0,2016-10-24
Box8,Consumer Internet,Online Food Ordering platform/App,Mumbai,"IIFL Seed Ventures Fund, Mayfield Ventures",Private Equity,7500000.0,2016-10-24
KredX,E-commerce,Invoice discounting marketplace,Bengaluru,Sequoia Capital,Private Equity,6000000.0,2016-10-25
CreditMate,Consumer Internet,Credit Report Info platform,Mumbai,India Quotient,Seed Funding,500000.0,2016-10-25
Pickrr,Technology,Courier Logistics & Order management Solutions,Delhi,Swastika Company Ltd,Seed Funding,20770463.751474757,2016-10-25
SatvaKart,E-commerce,Online Grocery Etailer,Gurugram,Nimit Panigrahi,Seed Funding,20770463.751474757,2016-10-25
SooperMO,Technology,Android utility app suite creator,Gurugram,Lalit Vase,Seed Funding,100000.0,2016-10-25
OrangeTwig,Consumer Internet,Social Media Marketing platform,Delhi,Undisclosed Investors,Seed Funding,1000000.0,2016-10-26
Wooplr,Consumer Internet,Fashion Discovery App,Bengaluru,"Astarc Ventures, Anand Chandrasekaran",Seed Funding,8000000.0,2016-10-26
The Kettlery,E-commerce,Online Tea Etailer,Ahmedabad,"hooting Starts Sports LLP, Franchise India Brands",Private Equity,1000000.0,2016-10-26
Idea Bubbles,Consumer Internet,Doctor Consulting platform,Bengaluru,"1Crowd, Eureka Forbes Ltd, Shapoorji Pallonji & Co. Ltd.",Private Equity,700000.0,2016-10-27
Fr8,Technology,Truck Fleet Operation platform,Chennai,Omnivore Partners,Private Equity,971000.0,2016-10-27
Ather Energy,Technology,Electric Vehicle Manufacturer,Bengaluru,Hero MotoCorp,Private Equity,27000000.0,2016-10-27
Pikkol,Logistics,Relocation Service provider,Bengaluru,"Ajay Nanavati, Afsal Salu",Seed Funding,20770463.751474757,2016-10-28
Velmenni,Technology,LiFi based wireless communication provider,Delhi,Kalaari Capital,Seed Funding,100000.0,2016-10-29
Volta Motors,Technology,Electric Bike Manufacturer,Chennai,Kalaari Capital,Seed Funding,100000.0,2016-10-29
Cyclops,Technology,Clinical and Wearable Diagnostic Product creator,Bengaluru,Kalaari Capital,Seed Funding,100000.0,2016-10-29
Impact Analytics,Technology,Business intelligence and data science Startup,Bengaluru,"Aarin Capital, Michael Herzig, Ashish Lakhanpal",Private Equity,750000.0,2016-10-30
Talent Next,Consumer Internet,Talent Discovery & Audition management platform,Mumbai,Karanpal Singh & Others,Seed Funding,1000000.0,2016-10-31
Mad Street Den,Technology,Artificial Intelligence platform,Chennai,"Sequoia India, Exfinity Ventures, growX ventures",Private Equity,1500000.0,2016-01-09
Mihup,Technology,Personal Digital Assistant,Kolkata,Accel Partners,Private Equity,6700000.0,2016-01-09
Renowala,E-commerce,Home Improvement Marketplace,Hyderabad,Pradeep Dhobale,Seed Funding,20770463.751474757,2016-01-09
Lucideus,Technology,IT Risk Assessment and Digital Security Services provider.,Delhi,Amit Choudhary,Seed Funding,20770463.751474757,2016-01-09
Trackbizz,Technology,Field Force Automation System,Kochi,Grasshoppers,Private Equity,20770463.751474757,2016-04-09
Social Quotient,Technology,Platform for Social Causes,Mumbai,"Anita Dongre, Yash Dongre, Milind Sarwate",Seed Funding,20770463.751474757,2016-05-09
StalkBuyLove,E-commerce,Fashion Apparel eTailer,Delhi,William Bissel,Seed Funding,6000000.0,2016-05-09
eShakti,E-commerce,Women's Fashion Apparel eTailer,Chennai,"Infina Finance Pvt. Ltd, Uday Kotak",Private Equity,1350000.0,2016-06-09
CheersOye!,Consumer Internet,Online Gift Vouchers platform,Mumbai,Undisclosed Investors,Seed Funding,500000.0,2016-06-09
Lenskart,E-commerce,Online Eyewear eTailer,Delhi,PremjiInvest,Private Equity,108840666.66666669,2016-06-09
BigStylist,Consumer Internet,Hyperlocal doorstep Beauty Services provider,Mumbai,Info Edge (India) Ltd,Private Equity,900000.0,2016-06-09
Zilingo,E-commerce,Online Fashion Retailer,Bangalore/ Bangkok,"Venturra Capital, Sequoia India, Susquehanna International Group.' Wavemaker Partners, Beenext, Beenos, Digital Garage",Private Equity,8000000.0,2016-07-09
Alternacare,Consumer Internet,Online Doctor Consulting platform,Delhi,Eros Labs,Seed Funding,500000.0,2016-07-09
Simplilearn,Education,Online Certification programs,Bengaluru,InnoVen Capital India,Private Equity,6000000.0,2016-07-09
Prozo,E-commerce,Study Material Marketplace,Gurugram,"Earlsfield Capital, Sailender Solanki, Rajiv Solanki",Seed Funding,315000.0,2016-07-09
TopRankers,Education,Online Test Preparation platform,Bengaluru,"CareerNet Consulting Pvt. Ltd, Ideation Initiative Pvt. Ltd",Seed Funding,670000.0,2016-08-09
BuildTraders,E-commerce,Online Construction Materials Marketplace,Bengaluru,Idein Ventures,Seed Funding,200000.0,2016-08-09
Byju's,Education,Online Learning App,Bengaluru,"Chan Zuckerberg Initiative, Times Internet Ltd, Sequoia Capital, Sofina, Lightspeed Ventures",Private Equity,50000000.0,2016-09-09
NoBroker,Consumer Internet,Online Home Rental platform,Bengaluru,Anand Chandrasekaran,Seed Funding,10365642.857142856,2016-09-09
Freshboxx,E-commerce,Fruits & vegetable eTailer,Hubli,Ravi Linganuri,Seed Funding,20770463.751474757,2016-10-09
CureInstant,Consumer Internet,Social Health Networking Platform,Delhi,Dr. Rameshwar Kumar,Seed Funding,150000.0,2016-10-09
Poshtic,Consumer Internet,Online health & Wellness platform,Noida,"havya Sharma, Amit Nagar",Seed Funding,450000.0,2016-10-09
KarmaCircles,Consumer Internet,Peer-to-peer Social Learning platform,Delhi,"Harinder Takhar, Zain Raj, Dr. Prasad Kaipa, Abaran Deep, Aseem Sood, Mustafa Patni",Seed Funding,20770463.751474757,2016-10-09
Purple Style Labs,Consumer Internet,Personal Styling Online platform,Mumbai,"Augment Ventures, Rahul Kayan, Nikhil Golcha, Shubham Gupta, Roy Kwan",Seed Funding,448000.0,2016-12-09
Inuxu,Technology,Online Advertising Solutions,Pune,Fork Media,Private Equity,3000000.0,2016-12-09
Nykaa,E-commerce,Online Beauty products eTailer,Mumbai,"Sunil Munjal, Mariwala family",Private Equity,12300000.0,2016-12-09
Glam Studios,Consumer Internet,Beauty Salon Aggregator,Noida,"Pradeep Mirani, Aqeel Ahmed, Anand Ladsariya, Nitin Agarwal",Seed Funding,300000.0,2016-12-09
Findow,Consumer Internet,Fashion Discovery Mobile app,Bengaluru,Raj Singh Bhandal,Seed Funding,20770463.751474757,2016-09-13
IdeaChakki,Consumer Internet,Restaurant Menu & Food mobile app,Delhi,Ratan Tata,Seed Funding,20770463.751474757,2016-09-13
ShoeKonnect,E-commerce,Footwear & Leather B2B App,Agra,Indian Angels Network,Seed Funding,20770463.751474757,2016-09-13
NearBuy,Consumer Internet,Online Deals & Discount platform,Gurugram,BlackSoil Capital Pvt. Ltd.,Private Equity,2500000.0,2016-09-13
ZeroInfy,Consumer Internet,Online Video Lectures platform,Kolkata,Calcutta Angels Network,Seed Funding,20770463.751474757,2016-09-14
Flocareer,Consumer Internet,Jobs & Skill Validation platform,Bengaluru,"Balasubramanian Krishnamurthy, Sidhartha Hazarika & Others",Seed Funding,150000.0,2016-09-14
LensPick,E-commerce,eyewear eTailer,Bengaluru,Scadea Solutions Inc,Private Equity,20770463.751474757,2016-09-14
Infeedo,Consumer Internet,Employee engagement platform,Gurugram,"Dheeraj Jain, Palash Jain, Anupam Mittal, Ameera Shah, Vivek Bhargava, Rahul Singh, Ambarish Gupta",Seed Funding,200000.0,2016-09-15
Furlenco,E-commerce,Online furniture rental startup,Bengaluru,Lightbox Ventures and others,Private Equity,5000000.0,2016-09-15
GoPigeon,Consumer Internet,on-demand logistics service provider,Bengaluru,Nexus Venture Partners,Private Equity,1500000.0,2016-09-15
NewsDistill,Consumer Internet,City based News Aggregator App,Hyderabad,"Ganesh Narasimhan, Ramana Thumu, Sudhir Mallem",Seed Funding,100000.0,2016-09-16
DoctorInsta,Consumer Internet,Online Doctor Consultations,Gurugram,RoundGlass Partners,Private Equity,1000000.0,2016-09-16
Milofy,Consumer Internet,Couple Socialization App,Bengaluru,Accel Partners,Seed Funding,750000.0,2016-09-19
Liqvid,Technology,Integrated eLearning content solutions,Delhi,Gray Matters Capital,Private Equity,20770463.751474757,2016-09-19
Swiggy,Consumer Internet,Online Food Ordering & Delivery,Bengaluru,Bessemer Venture Partners,Private Equity,15000000.0,2016-09-19
Codemojo,Consumer Internet,Customer Engagement Platform,Bengaluru,CIO Angel Network,Seed Funding,20770463.751474757,2016-09-20
JustLikeNew,E-commerce,Online gadget Repair Services Marketplace,Hyderabad,LetsVenture,Seed Funding,500000.0,2016-09-20
JoeHukum,Technology,Enterprise customer engagement solutions,Delhi,Sumit Jain,Seed Funding,20770463.751474757,2016-09-20
Co Life,Consumer Internet,shared living and working spaces platform,Bengaluru,Undisclosed Investors,Seed Funding,1000000.0,2016-09-21
PurpleDocs,Consumer Internet,Electronic Health care records platform,Vadodara,"KellyGamma, Lead Angels & Others",Seed Funding,20770463.751474757,2016-09-21
Pepperfry,E-commerce,Furniture eTailer,Mumbai,"Goldman Sachs Group, Zodius Technology Fund, Norwest Venture Partners, Bertelsmann India",Private Equity,31300000.0,2016-09-21
eQuickies,E-commerce,Online Book etailer,Ahmedabad,Lothal Angel Ventures,Seed Funding,298000.0,2016-09-21
Khel Now,Consumer Internet,Mobile-based social networking platform,Delhi,Anglian Omega Network,Seed Funding,350000.0,2016-09-21
Gadgetwood,Consumer Internet,On-Demand Gadget repair services platform,Delhi,Carpediem Capital,Private Equity,6000000.0,2016-09-22
DailyRounds,Consumer Internet,Mobile App for Doctors,Bengaluru,"Accel Partners, Beenext, Powerhouse Ventures, Akusa Holdings",Private Equity,20770463.751474757,2016-09-22
Flixy Games,Technology,Mobile Game Publisher for Indian audience,Bengaluru,Rebright Partners,Seed Funding,425000.0,2016-09-22
HashTaag,Technology,Mobile App Development company,Bengaluru,Undisclosed Investors,Seed Funding,1000000.0,2016-09-22
PharmaRack,Technology,SAAS application for Pharma Industry,Pune,"Currae Healthtech Fund, Unicorn India Ventures",Private Equity,745000.0,2016-09-22
CloudCherry,Technology,CRM SAAS Platform,Chennai,"Vertex Ventures, Cisco Ventures, IDG Ventures",Private Equity,6000000.0,2016-09-23
Parentlane,Consumer Internet,Social Platform for babycare and parenting,Bengaluru,Rohit MA,Seed Funding,20770463.751474757,2016-09-23
First Moms Club,Consumer Internet,Social Network for Mothers,Mumbai,Idea Wave Labs,Seed Funding,20770463.751474757,2016-09-23
inMotion,Technology,Financial platform for daily wage earning communities,Noida,"Prashant Tandon, Gaurav Agarwal, Gaurav Bhogle, Shrishti Sahu, Shantanu Mathur, Prabhat Aggarwal",Seed Funding,20770463.751474757,2016-09-23
Let's Barter,Consumer Internet,Goods & Services Barter Platform,Delhi,Scale Ventures Funds,Seed Funding,20770463.751474757,2016-09-26
EvenGini,Consumer Internet,Event Registration and Ticketing platform,Chennai,Procam International Pvt. Ltd,Private Equity,20770463.751474757,2016-09-26
TinyStep,Consumer Internet,Parenting Network Platform,Bengaluru,Flipkart Logistics Pvt. Ltd,Private Equity,1580000.0,2016-09-27
Canvs,Consumer Internet,Community Platform for Artists and Designers,Mumbai,Pratik Seal,Seed Funding,20770463.751474757,2016-09-27
Beardo,E-commerce,Mens Grooming products etailer,Ahmedabad,Venture Catalysts,Seed Funding,500000.0,2016-09-28
Instacar,Consumer Internet,Out-Station Taxi Rental Platform,Indore,Swastika Co Ltd.,Seed Funding,1000000.0,2016-09-28
Celes Care,Consumer Internet,Virtual Health Clinic for Women,Hyderabad,Endiya Partners,Seed Funding,1000000.0,2016-09-28
Druva,Technology,Cloud Based Data Protection Solution,Pune,"Sequoia India, EDBI, Blue Cloud Ventures, Hercules Capital",Private Equity,51000000.0,2016-09-28
Promon,E-commerce,Local Commerce Platform,Delhi,Now Capital,Seed Funding,180000.0,2016-09-29
Fastudent,E-commerce,Education eCommerce platform,Noida,"Kanwaljit Singh, Ajay Lakhotia, Pavan Ongole, Ashish Gupta",Seed Funding,20770463.751474757,2016-09-29
Unocoin,Consumer Internet,Bitcoin Wallet,Bengaluru,"Blume Ventures, Mumbai Angels, ah! Ventures, Digital Currency Group, Boost VC, Bank to the Future and Funders Club",Private Equity,1500000.0,2016-09-29
Demyto,Consumer Internet,Vehicle maintenance Services platform,Pune,Deepak Nathani,Seed Funding,20770463.751474757,2016-09-30
Zeta,Technology,Enterprise Cloud Solutions,Mumbai,Bhavin Turakhia,Private Equity,19000000.0,2016-09-30
Kalaage,Consumer Internet,Social Networking Platform for Writers,Jaipur,Rajasthan Angel Innovators Network,Seed Funding,20770463.751474757,2016-09-30
HealthKart,E-commerce,Online Pharmacy & Health Marketplace,Gurugram,"Sequoia Capital India, Omidyar Network, Kae Capital",Private Equity,12000000.0,2016-01-08
Medinfi,Consumer Internet,Doctor & Clinic xc2 xa0 Discovery Platform,Bengaluru,"Mudit Saxena, Evan Lim",Seed Funding,200000.0,2016-01-08
RepairEasy,Consumer Internet,Gadget Repair Services Platform,Pune,Undisclosed Investors,Seed Funding,275000.0,2016-01-08
Voonik,E-commerce,Online Women xe2 x80 x99s Fashion Marketplace,Bengaluru,InnoVen Capital,Private Equity,3000000.0,2016-01-08
Tokri,Consumer Internet,Hyperlocal Grocery Delivery platform,Pune,Syska LED group,Private Equity,2500000.0,2016-01-08
Sheroes,Consumer Internet,Online Job and Career Platform for Women,Noida,"Lumis Partners, The HR Fund, Rajul Garg, Quintillion Media",Private Equity,1800000.0,2016-02-08
Daily Ninja,Consumer Internet,Hyperlocal daily needs Products delivery platform,Bengaluru,"Venk Krishnan, Aprameya Radhakrishna, Anupam Mittal, Kunal Shah, Tracxn Labs, Subramanya SV, Ravi Garkipati",Seed Funding,3000000.0,2016-02-08
Yumlane,Food & Beverage,Retail Food & Snack Offline centres,Mumbai,"Binny Bansal, Anupam Mittal, Sachin Bhatia, Darius Pandole, Kunal Khattar, Dheerag Jain",Seed Funding,1000000.0,2016-02-08
Xcode,Healthcare,Personal Genomics,Chennai,RoundGlass Partners,Private Equity,20770463.751474757,2016-03-08
ExtraCarbon,Consumer Internet,Waste Recycle Management platform,Gurugram,Brand Capital,Seed Funding,225000.0,2016-03-08
FlickBay,Consumer Internet,Mobile Based Bollywood Discovery platform,Mumbai,Paul Roy,Seed Funding,890000.0,2016-03-08
Petoo,Consumer Internet,Food Delivery Platform,Bengaluru,Existing Investors,Seed Funding,500000.0,2016-04-08
Lehlehsports,Others,Sports Arena discovery,Delhi,Anglian Omega Network,Seed Funding,20770463.751474757,2016-04-08
Tricog,Healthcare,Healthcare Analytics Platform,Bengaluru,"Inventus Capital Partners, Blume Ventures & Others",Private Equity,20770463.751474757,2016-05-08
VST Travels,Technology,Travel Ticket Booking Software,Kochi,Promatus Group,Seed Funding,27000.0,2016-06-08
AdPushUp,Technology,Ad optimization Platform,Delhi,"Geniee, Inc, Purvi Capital",Private Equity,20770463.751474757,2016-08-08
Wefly Indoor Skydiving,Others,Indoor Skydiving Sports Provider,Mumbai,Swastika Company Ltd.,Seed Funding,40000.0,2016-08-08
Mojarto,E-commerce,"Original Art, Digital Prints etailer",Gurugram,Undisclosed Investors,Seed Funding,445000.0,2016-08-08
ZipGrid,Consumer Internet,Community services platform,Mumbai,1Crowd (through crowd funding),Seed Funding,200000.0,2016-08-08
MobiDent,Healthcare,Dental Protection Solution,Bengaluru,Centre for Innovation Incubation and Entrepreneurship (CIIE),Seed Funding,20770463.751474757,2016-09-08
Zeolr,Technology,Healthcare related IoT platform,Delhi,Centre for Innovation Incubation and Entrepreneurship (CIIE),Seed Funding,20770463.751474757,2016-09-08
Vebbler,Consumer Internet,Photo Sharing Mobile App,Bengaluru,"Anupam Mittal, Sharad Sharma & 14 others",Seed Funding,500000.0,2016-10-08
Bombay Shaving Company,E-commerce,Men xe2 x80 x99s Grooming Product etailer,Delhi,"Noshir Kaka, Subramanian Ramadorai, Kiran Deshpande, Pankaj Gupta, Ravi Nigam & Others",Seed Funding,600000.0,2016-10-08
Travelyaari,Consumer Internet,Online ticket booking platform,Bengaluru,"Gujarat Venture Finance Limited (GVFL), Bennett Coleman & Co. Ltd",Private Equity,7000000.0,2016-11-08
91SpringBoard,Consumer Internet,Co-Working Spaces Discovery & Booking platform,Mumbai,"Khattar Holdings, ThirtyThree Investments, Soumitra Sharma, Deepak Sharma, Sumit Dayal and others",Private Equity,20770463.751474757,2016-11-08
Genextstudents,Consumer Internet,Online Tutoring Service provider,Mumbai,1Crowd (through crowdfunding),Seed Funding,209000.0,2016-11-08
Zenoti,Technology,Cloud Based Software Solutions Provider,Hyderabad,"Norwest Venture Partners, Accel India",Private Equity,15000000.0,2016-11-08
Crofarm,Technology,Agri-Tech supply chain Solution provider,Gurugram,"Mukul Singhal, Rohit Jain, Himanshu Aggrawal, Sunil Goyal Ashish Gupta",Private Equity,1500000.0,2016-12-08
Faircent,Consumer Internet,peer-to-peer lending platform,Gurugram,Brand Capital,Private Equity,1500000.0,2016-12-08
Innovaccer,Technology,Integrated Enterprise Analytics Platform,Noida,Westbridge Capital Partners,Private Equity,15600000.0,2016-12-08
Cuberoot,Technology,Data Analytics & Audience Management Platform,Gurugram,Undisclosed Investors,Seed Funding,500000.0,2016-12-08
Funcastic,Consumer Internet,B2C vernacular podcast aggregator platform,Delhi,"HT Media Ltd, North Base Media",Seed Funding,20770463.751474757,2016-12-08
Buttercups,E-commerce,Women Intimate Wear eTailer,Bengaluru,"Anand Chandrasekaran, Kanwaljit Singh, Manoj Varghese",Seed Funding,20770463.751474757,2016-08-15
Zappfresh,E-commerce,Raw Meat Products eTailer,Gurugram,Ashvin Chadha,Seed Funding,1538500.0,2016-08-16
OYO Rooms,Consumer Internet,Budget Hotels Aggregator,Delhi,SoftBank Group,Private Equity,62000000.0,2016-08-16
Hike,Consumer Internet,Mobile Messaging App,Delhi,"Tencent Holdings, Foxconn Technology Group, Tiger Global, SoftBank Group, Bharti Enterprises",Private Equity,175000000.0,2016-08-16
Joolz,E-commerce,Online Jewellery Store,Mumbai,"Powerhouse Ventures, M&S Partners",Private Equity,500000.0,2016-08-16
SaleBhai,E-commerce,"Sweets, Dry Fruits & Handicrafts etailer",Ahmedabad,Brand Capital,Private Equity,1500000.0,2016-08-16
Makkajai,Technology,Online & Mobile learning for kids,Pune,"Anand Chandrasekaran, Ananth Narayanan, Mekin Maheshwari, Ravi Garikipati, Divyesh Shah, Swastika Company Ltd",Seed Funding,250000.0,2016-08-16
Gradopedia,Consumer Internet,Career progression Portal,Mumbai,Undisclosed Investors,Seed Funding,20770463.751474757,2016-08-16
MaalGaadi,Logistics,Online Logistics Marketplace,Indore,"Swan Angel Network, Sachin Khandelwal and others",Seed Funding,375000.0,2016-08-17
ZiPi,Technology,Mobile Chatbot App,Bengaluru,Swan Angel Network,Seed Funding,20770463.751474757,2016-08-17
Appknox,Technology,Mobile security solutions,Bengaluru,"SeedPlus, Infocomm Investments, Accel Partners RNT Associates",Private Equity,675000.0,2016-08-17
Pikkol,Logistics,Packers & Movers,Bengaluru,Indian Angel Network,Seed Funding,20770463.751474757,2016-08-17
Meesho,E-commerce,Mobile based eCommerce SAAS platform,Bengaluru,"Kashyap Deorah, Rajul Garg, Maninder Gulati",Seed Funding,21422785.714285716,2016-08-18
Sesame Software,Technology,Financial Technology Solutions Provider,Kozhikode,Speridian Technologies,Private Equity,20770463.751474757,2016-08-18
Quikr,Consumer Internet,Classified Listings platform,Mumbai,Brand Capital,Private Equity,20000000.0,2016-08-19
Digio,Technology,Aadhar based Document Signing platform,Bengaluru,Rainmatter,Private Equity,375000.0,2016-08-19
Ziffity,Technology,Full Service Ecommerce Agency,Chennai,Aspire Systems,Private Equity,20770463.751474757,2016-08-19
Zzungry,Consumer Internet,Food Delivery platform,Bengaluru,"Satish Vasudeva, Madhusudhan Jujare & Others",Seed Funding,20770463.751474757,2016-08-22
Puro Wellness,Healthcare,"Organic, xc2 xa0 Natural xc2 xa0 Food substitute manufacturer",Mumbai,Torrent Group,Private Equity,37000000.0,2016-08-22
Fitternity,Consumer Internet,Fitness Gym & Services Discovery platform,Mumbai,"Saha Fund, Exfinity Venture Partners & Others",Private Equity,1500000.0,2016-08-22
TAC Security,Technology,Cyber-Security Solutions Provider,Delhi,Vijay Kedia,Seed Funding,20770463.751474757,2016-08-23
Notesgen,Consumer Internet,Online Notes Sharing Portal,Delhi,"Riju Gupta, Kamal Chabra",Seed Funding,100000.0,2016-08-23
NearU,Consumer Internet,Marketing app for retailers,Mumbai,Dr. Goutam Challagalla,Seed Funding,20770463.751474757,2016-08-23
Octo.ai,Technology,Artificial Intelligence based marketing platform,Delhi,"Outbox Ventures, Jaspreet Bindra, Arjun Malhotra, Rohan Malhotra, Sidharth Rao, Rakesh Agrawal",Seed Funding,200000.0,2016-08-23
ShaadiSaga,Consumer Internet,Wedding Website Creator,Delhi,"ah! Ventures, Anupam Mittal, Kunal Shah, Sandeep Tandon, Dheeraj Jain, Rohit Chokhani",Seed Funding,20770463.751474757,2016-08-24
UnaAcademy,Consumer Internet,Free Interactive education platform,Bengaluru,"Blume Ventures, Sachin Bansal, Vijay Shekhar Sharma, Binny Bansal, Kunal Shah, Sandeep Tandon, Ashish Tulsian",Private Equity,1000000.0,2016-08-24
Advenio,Technology,Clinical Imaging Solution Provider,Chandigarh,Kalaari Capital,Seed Funding,100000.0,2016-08-24
Guarented,E-commerce,Home Furnishing rental marketplace,Bengaluru,Kalaari Capital,Seed Funding,500000.0,2016-08-24
Beyond Evolution,Technology,Mobile Apps & Tech Services provider,Gurugram,"Vineet Taneja, Kamal Puri",Seed Funding,20770463.751474757,2016-08-24
Uber Dreams,E-commerce,Dreams fulfilling marketplace,Mumbai,Mohit Lalvani,Seed Funding,500000.0,2016-08-24
Convegenius,Education,Edutainment platform,Noida,Michael and Susan Dell Foundation,Private Equity,900000.0,2016-08-24
Urban Ladder,E-commerce,Online Furniture Store,Mumbai,Trifecta Capital,Private Equity,3000000.0,2016-08-24
enCashea,Consumer Internet,Scrap Collection and Recycling platform,Bengaluru,"Kunal Shah, Sandeep Tandon, Tracxn Labs",Seed Funding,20770463.751474757,2016-08-24
EngineerBabu,Technology,Mobile App & Web Development company,Indore,Scale Ventures,Seed Funding,20770463.751474757,2016-08-25
Cult,Healthcare,Health and Fitness Centres,Bengaluru,CureFit,Private Equity,3000000.0,2016-08-25
WitWorks,Technology,Consumer IoT Startup,Bengaluru,"Fireside Ventures, Investopad, P39 Capital, Anupam Mittal, Pranay Jivrajka, Maninder Gulati, Abhinav Sinha",Seed Funding,20770463.751474757,2016-08-25
NearFox,Consumer Internet,Local Lifestyle Content and Discovery Platform,Mumbai,"Globevestor Angel Fund, Devendra Rane, Ravi Jain, Arpan Nagdeve",Seed Funding,20770463.751474757,2016-08-25
ZoomCar,Consumer Internet,Self-driven car booking platform,Bengaluru,Ford Smart Mobility Llc,Private Equity,24000000.0,2016-08-25
Plix,Consumer Internet,Photo and Video Sharing App,Gurugram,Instalabs,Seed Funding,500000.0,2016-08-26
MobiKwik,Consumer Internet,Digital Wallet platform,Gurugram,Net1 UEPS Technologies Inc,Private Equity,40000000.0,2016-08-26
MyDidi,Consumer Internet,"on-demand, hyper-local Cleaning services provider",Mumbai,Undisclosed Investors,Seed Funding,550000.0,2016-08-26
CrownIt,Consumer Internet,Cashback Mobile app,Gurugram,"Kunal Shah & Sandeep Tandon, Girish Mathrubootham, Anand Chandrasekaran",Seed Funding,20770463.751474757,2016-08-26
LoanTap,Consumer Internet,Lending platform for Salaried professionals,Mumbai,"Dr. Abhishek Pandey, Jaysukh Sapra",Private Equity,3000000.0,2016-08-29
Runnr,Consumer Internet,hyperlocal Logistics services provider,Bengaluru,"Nexus Venture Partners, Blume Ventures",Private Equity,7000000.0,2016-08-29
Zolo,Consumer Internet,on-demand online talent marketplace,Noida,Hitouch AG,Private Equity,20770463.751474757,2016-08-29
Notion Press,Consumer Internet,Self-Publishing books platform,Chennai,Undisclosed Investors,Private Equity,1000000.0,2016-08-29
LivSpace,Consumer Internet,Online portal for Home Design,Bengaluru,"Bessemer Venture Partners, Jungle Ventures, Helion Ventures",Private Equity,15000000.0,2016-08-29
iAugmentor Labs,Technology,Assessment & Learning Platform,Gurugram,Rajasthan Angel Investor Network & Others,Seed Funding,149000.0,2016-08-30
DayBox,Consumer Internet,Fruit & Vegetable Delivery platform,Delhi,"Ashutosh Lawania, Rajul Jain, Badal Malick, Rishi Gupta & Others",Seed Funding,104000.0,2016-08-30
Paytm,E-commerce,Mobile Wallet & ECommerce platform,Bengaluru,MediaTek Inc.,Private Equity,60000000.0,2016-08-30
CropIn,Technology,Agriculture Technology Solutions,Bengaluru,Sophia Investment ApS,Private Equity,2000000.0,2016-08-30
Canvera,Consumer Internet,Photographer Discovery & Information platform,Bengaluru,Info Edge (India) Ltd,Private Equity,3000000.0,2016-08-30
Prime Focus Technologies,Technology,Hybrid Cloud technology enabled Media ERP platform,Mumbai,Ambit Pragma,Private Equity,20770463.751474757,2016-08-30
Flyrobe,E-commerce,Online fashion rental platform,Mumbai,"IDG Ventures, Sequoia Capital, GREE Ventures",Private Equity,5300000.0,2016-08-31
Inclov,Consumer Internet,Matchmaking App for Disabled,Mumbai,"Sarbvir Singh, Raghav Bahl",Seed Funding,20770463.751474757,2016-08-31
Razorpay,Consumer Internet,Online Payment Gateway,Bengaluru,MasterCard,Private Equity,120000.0,2016-01-07
DarwinBox,Technology,HR Software Services Startup,Hyderabad,"3one4 Capital, Tracxn Labs, Aaruha Technology Fund, Endiya Partners",Seed Funding,4000000.0,2016-01-07
Venture Catalysts,Consumer Internet,Seed Investment & Innovation Platform,Mumbai,Zaffiro Ventures,Seed Funding,500000.0,2016-01-07
PressPlay TV,Consumer Internet,Video Content Discovery Platform,Delhi,"Sequoia Capital, SD Ventures, Vistaar Investment Advisors Pvt. Ltd.",Private Equity,20770463.751474757,2016-01-07
Playment,Consumer Internet,Mobile Marketplace for Crowdsourced Work,Bengaluru,SAIF Partners,Private Equity,700000.0,2016-02-07
WealthTrust,Consumer Internet,Wealth Management App,Mumbai,India Quotient,Seed Funding,20770463.751474757,2016-04-07
Curefit,Consumer Internet,Online Preventive Healthcare Platform,Bengaluru,"Accel Partners, IDG Ventures, Kalaari Capital",Private Equity,15000000.0,2016-04-07
StitchWood,E-commerce,Custom Furniture Online,Mumbai,Deepak Gupta,Seed Funding,200000.0,2016-04-07
Grab,Logistics,hyperlocal logistics service,Mumbai,Aramex Ventures Llc,Private Equity,2000000.0,2016-04-07
Fulfil.IO,Consumer Internet,Cloud Based ERP Software,United States,Rajan Anandan,Seed Funding,20770463.751474757,2016-04-07
NeoGrowth,Finance,SME Lending platform,Mumbai,"IIFL Wealth Management Seed Venture Fund, Omidyar Network, Khosla Impact, Aspada",Private Equity,16000000.0,2016-04-07
SeeDoc,Consumer Internet,Video Based Doctor Consulting platform App,Gurugram,YourNest Angel Fund' & Others,Private Equity,1000000.0,2016-05-07
BookMyShow,Consumer Internet,Event & Movie Ticketing platform,Mumbai,"Stripes Group, Network 18, Accel Partners, SAIF Partners",Private Equity,82000000.0,2016-05-07
Flyrobe,E-commerce,Online fashion rental platform,Mumbai,"Sequoia Capital, Rohit Bansal, Kunal Bahl, Sandeep Tandon, Kunal Shah, Zishaan Hayath, Abhishek Jain",Seed Funding,1700000.0,2016-05-07
HappilyUnmarried,E-commerce,Online Merchandize etailer,Delhi,Info Edge (India) Ltd,Private Equity,740000.0,2016-06-07
Don Scratch Your Head,Technology,Full Stack Offline & Online ERP Solution,Ahmedabad,"Gaurav Singhvi, Zaffiro Ventures",Seed Funding,250000.0,2016-06-07
Wedding Wishlist,Consumer Internet,"Wedding Wishlist, Gifts & Registry Creation platform",Chennai,"Kirthiga Reddy, Renuka Ramanath, Cherry Tin",Seed Funding,297000.0,2016-06-07
AppDaily,Technology,Mobile Security App development & Distribution,Mumbai,"Kalaari Capital, Qualcomm Ventures, ru-Net, Zodius Technology Opportunities Fund",Private Equity,2000000.0,2016-07-07
Adytude,Consumer Internet,Gamified Consumer Insights Portal,Delhi,Indian Angel Network,Private Equity,1000000.0,2016-07-07
Quickli,Logistics,On-Demand Delivery Startup,Gurugram,"AVG Group, 500 Startups",Private Equity,20770463.751474757,2016-07-07
SpectraVR,Technology,Virtual Reality Content Studio,Mumbai,Rothenberg Ventures,Seed Funding,20770463.751474757,2016-07-07
PitStop,Consumer Internet,Online Car Repair and Servicing Booking platform,Bengaluru,"Alex Chua, Rahul Garg",Seed Funding,1000000.0,2016-08-07
HolaChef,Consumer Internet,Online Food Ordering & Delivery Platform,Mumbai,"Kalaari Capital, India Quotient",Private Equity,1950000.0,2016-08-07
Purplle,E-commerce,Beauty Products Marketplace,Mumbai,"JSW Ventures, Blume Ventures & IvyCap Ventures",Private Equity,6000000.0,2016-11-07
Trak N Tell,Technology,Car Tracking & Safety System,Gurugram,Brian Acton,Private Equity,3500000.0,2016-11-07
Overcart,E-commerce,Unboxed & refurbished electronic products marketplace,Gurugram,"JSW Ventures, Omidyar Network, Sattva Capital, Venture Works",Private Equity,3000000.0,2016-11-07
SirionLabs,Technology,SAAS based Service Agreement Management,Gurugram,Sequoia Capital,Private Equity,12250000.0,2016-12-07
GyanDhan,Consumer Internet,Education Focused Financing Platform,Delhi,"Stanford Angels & Entrepreneurs, Harvard Angels",Seed Funding,20770463.751474757,2016-12-07
MintM,Consumer Internet,Digital Marketing & AdTech Platform,Bengaluru,"Mumbai Angels, Times Internet",Private Equity,20770463.751474757,2016-12-07
HitGrit,Consumer Internet,Online Legal Consultation platform,Chandigarh,"Ashish Mahajan, Sarvesh Sharma",Seed Funding,20770463.751474757,2016-12-07
Find My Stay,Consumer Internet,Online Budget Hotel Aggregator & Booking Platform,Delhi,"Rishi Parti, Yogesh Bansal",Seed Funding,20770463.751474757,2016-12-07
Yaap,Consumer Internet,"Online Content Discovery, Creation & Distribution Platform",Delhi,Rainmaker Ventures,Private Equity,5000000.0,2016-07-13
Utoo Cabs,Consumer Internet,Cab aggregation & Rental platform,Chennai,Ajay Piramal,Seed Funding,20770463.751474757,2016-07-13
Twigly,Consumer Internet,Online Food Ordering & Delivery Startup,Gurugram,"Tracxn Labs, Hyderabad Angels, Kunal Shah, Gaurav Bhalotia",Seed Funding,600000.0,2016-07-13
ShareChat,Consumer Internet,Vernacular Language Content Creation & Sharing App,Bengaluru,"SAIF Partners, India Quotient",Private Equity,1350000.0,2016-07-13
Urban Tailor,Consumer Internet,E-Tailoring service provider,Bengaluru,Unitus Seed Fund,Private Equity,20770463.751474757,2016-07-13
RentMojo,Consumer Internet,Online Furniture Renting Platform,Bengaluru,"Accel Partners, IDG Ventures India",Private Equity,5000000.0,2016-07-13
CityFurnish,Consumer Internet,Online Furniture Renting Platform,Gurugram,Brand Capital,Seed Funding,20770463.751474757,2016-07-13
HEAL Institute,Healthcare,Sports Focused Healthcare Startup,Mumbai,"Jaspal Bindra, Parth Jindal",Seed Funding,20770463.751474757,2016-07-13
Augrav,E-commerce,Personalized precious Jewellery etailer,Coimbatore,Keiretsu Forum,Seed Funding,450000.0,2016-07-14
ShoppinPal,Technology,M-Commerce Solutions for Retail Stores,Pune,"Plug and Play Tech Center, Steelhead Ventures & Others",Private Equity,1070000.0,2016-07-14
TransTutors,Consumer Internet,Online Education & Tutoring portals,Delhi,500 Startups,Private Equity,20770463.751474757,2016-07-14
WorkApps,Technology,Enterprise Work Management Software,Pune,SRI Capital,Seed Funding,1000000.0,2016-07-15
BankerBay,Consumer Internet,Online Investment Banking platform,Bengaluru,Undisclosed Investors,Private Equity,2000000.0,2016-07-15
BaggOut,E-commerce,Women xe2 x80 x99s Fashion etailer,Delhi,"Sumit Jain, Anurag Gupta, Varun Khanna, Faraz Khan",Seed Funding,20770463.751474757,2016-07-15
TripShelf,E-commerce,Travel Package Marketplace,Delhi,GEMS group,Seed Funding,250000.0,2016-07-15
SatvaCart,E-commerce,Online Grocers,Delhi,"Abhijit Avasthi, Karan Chellani, SP Vijay",Seed Funding,20770463.751474757,2016-07-15
Ridlr,Consumer Internet,Public Transport Mobile App,Mumbai,"Times Internet, Innoven Capital, Matrix Partners India, Qualcomm Ventures",Private Equity,6000000.0,2016-07-15
Yellowdig,Consumer Internet,Online Learning Platform,Pune,SRI Capital,Seed Funding,650000.0,2016-07-18
Zuppler,Consumer Internet,Online Food Ordering platform,Delhi,SRI Capital,Seed Funding,650000.0,2016-07-18
BlueStone,E-commerce,Jewellery Etailer,Mumbai,"IIFL and Accel Partners, Kalaari Capital, IvyCap Ventures, RB Investments",Private Equity,30000000.0,2016-07-18
underDOGS,Technology,Game Development Startup,Mumbai,Intelli Reboot Digital Pvt. Ltd,Private Equity,20770463.751474757,2016-07-18
ImageProVision,Technology,Image Analysis Solutions,Pune,Satish Jamdar,Seed Funding,20770463.751474757,2016-07-18
Sagacito,Technology,Cloud-Based Enterprise Solutions,Delhi,Star India Pvt. Ltd,Private Equity,10000000.0,2016-07-19
Deal4Loans,Consumer Internet,Loans Comparison platform (adsbygoogle = window.adsbygoogle || []).push({});,Noida,Franklin Templeton International Services Pvt. Ltd,Private Equity,15000000.0,2016-07-19
NiYO Solutions,Technology,Payroll & Benefits Software solutions,Bengaluru,Prime Venture Partners,Private Equity,1000000.0,2016-07-19
AppLop,Consumer Internet,Mobile Apps SaaS Platform,Gurugram,Green House Ventures Accelerator,Seed Funding,250000.0,2016-07-19
Tax2Win,Consumer Internet,Online Tax Filing Portal,Jaipur,Undisclosed Investors,Private Equity,1000000.0,2016-07-20
Truckola,Logistics,Tech-focused cargo transport startup,Mumbai,"Abhishek Agarwal, Krishnakumar Nataraj, Sarath Sura, Shanti Mohan, Sarthak and Nihit Agarwal, Suramya Gupta",Seed Funding,595000.0,2016-07-20
iServe Financial,Consumer Internet,Loan Comparison & Deals platform,Pune,Nilesh Shah,Seed Funding,20770463.751474757,2016-07-20
MyTaxiIndia,Consumer Internet,Online Car rental booking platform,Delhi,Nihon Kotsu Co,Private Equity,1000000.0,2016-07-21
AbeRuk,E-commerce,Online Marketplace for books,Bengaluru,Swastika Company Pvt Ltd,Seed Funding,20770463.751474757,2016-07-21
Wiwigo,Consumer Internet,Inter-City Taxi Booking platform,Bengaluru,Indian Angel Network,Seed Funding,595000.0,2016-07-21
Drums Food,Food & Beverage,Yogurt and Ice Cream maker,Mumbai,"Verlinvest, DSG Consumer Partners",Not Know,20770463.751474757,2016-07-21
Chikoop,Consumer Internet,Free Ad based Voice Calling,Indore,Undisclosed Investors,Seed Funding,20770463.751474757,2016-01-06
BRIDGEi2I,Technology,Data Analytics Platform,Bengaluru,Edelweiss Private Equity,Private Equity,20770463.751474757,2016-01-06
Droom,E-commerce,Online marketplace for used automobiles,Delhi,"Beenext, Digital Garage, Lightbox, Beenos",Private Equity,11500000.0,2016-02-06
Visit,Consumer Internet,On-Demand Healthcare Service provider,Delhi,MapmyIndia,Seed Funding,20770463.751474757,2016-02-06
Atomberg,Technology,"smart, energy efficient home appliance manufacturer",Mumbai,Parampara Capital,Private Equity,1000000.0,2016-02-06
Coutloot,E-commerce,Fashion Re-Commerce Platform,Mumbai,Venture Catalysts,Seed Funding,20770463.751474757,2016-02-06
Limo,Consumer Internet,Bus Aggregator Mobile app,Mumbai,Rainmaker Ventures,Private Equity,1000000.0,2016-02-06
iCliniq,Consumer Internet,Doctor Consultation platform,Bengaluru,MadhanKumar Madathupalayam,Seed Funding,20770463.751474757,2016-03-06
GoGo Truck,Consumer Internet,Truck Aggregator & Booking platform,Chennai,Undisclosed Investors,Seed Funding,75000.0,2016-03-06
Vyome Biosciences,Healthcare,Treatment Development for Antibiotic-resistant diseases,Delhi,Romulus Capital,Private Equity,2000000.0,2016-03-06
SillyMonks,Consumer Internet,Digital Media and Entertainment Startup,Hyderabad,Sreenivasa Reddy Musani,Seed Funding,448000.0,2016-06-06
CueMath,Education,K-12 Maths Learning Courses,Bengaluru,"Sequoia Capital, Unitus Seed Fund",Private Equity,4000000.0,2016-07-06
KrazyBee,Consumer Internet,Student Micro-Loan platform,Bengaluru,"Yeahmobi, Fenqile",Private Equity,2000000.0,2016-07-06
Intgrea,Technology,Post merger Integration Partners,Bengaluru,Undisclosed Investors,Seed Funding,100000.0,2016-07-06
HelpShift,Technology,Mobile CRM Platform,Pune,"Microsoft Ventures, Salesforce Ventures",Private Equity,23000000.0,2016-07-06
CreditVidya,Technology,Credit Scoring Platform,Mumbai,Kalaari Capital,Private Equity,1000000.0,2016-07-06
Grey Campus,Consumer Internet,Online Learning Platform,Hyderabad,Sarath Sura,Seed Funding,1000000.0,2016-08-06
ListUp,E-commerce,Location based Classified Mobile app,Mumbai,"Kae Capital, Kunal Shah, Sandeep Tandon",Seed Funding,500000.0,2016-08-06
6Degree,Technology,Tech-enabled Fashion Talent platform,Mumbai,Indian Angel Network,Seed Funding,200000.0,2016-08-06
Shopwati,Consumer Internet,Online Fashion Discussion Community,Gurugram,Sanjiv Rai,Seed Funding,20770463.751474757,2016-08-06
Cookifi,Consumer Internet,Online Chef Discovery & Booking Service,Bengaluru,"Kunal Shah, Aneesh Reddy, Tracxn Labs, Venkat Tadanki, Krishna Mehra, Amit Rathore",Seed Funding,20770463.751474757,2016-08-06
StoreKing,E-commerce,Connecting Small Town Consumers to E-Commerce,Bengaluru,Axiata Digital,Private Equity,16000000.0,2016-08-06
Wired Hub,Real Estate,Co-Working Spaces,Jaipur,"Ankit Maheshwari, Anand Singh",Seed Funding,20770463.751474757,2016-08-06
MySeniorDoctor,Consumer Internet,Online medical support platform,Gurugram,BlackJag Partners,Seed Funding,200000.0,2016-08-06
TeaBox,E-commerce,Online Tea Store,Siliguri,Cameron Jones,Seed Funding,6000000.0,2016-09-06
ExtraaEdge,Consumer Internet,Student Acquisition Platform,Pune,"Ritesh Dwivedy, Priti Padhy",Seed Funding,20770463.751474757,2016-09-06
EPayLater,Technology,Fin-Tech Platform,Mumbai,Undisclosed Investors,Seed Funding,2000000.0,2016-09-06
Kyazoonga,E-commerce,Online event ticketing Platform,Mumbai,Ratan Tata,Seed Funding,20770463.751474757,2016-10-06
Paytunes,Consumer Internet,Mobile based rewards platform,Delhi,"CIO Angel Network, Indian Angel Network",Private Equity,500000.0,2016-10-06
Kickstart Jobs,Technology,Entry level hiring platform,Gurugram,"Vivek Joshi, Mohit Satyanand, Amit Banati, Arun Khanna",Seed Funding,20770463.751474757,2016-10-06
Freshee,FMCG,Household packaging & Storage product manufacturer,Mumbai,Edelweiss Private Equity,Private Equity,20770463.751474757,2016-10-06
MadRat Games,Technology,Wearable Gaming Platform,Bengaluru,"Ratan Tata, Bhavish Aggarwal, Ankit Bhati, Binny Bansal, Girish Mathrubootham",Seed Funding,168000.0,2016-10-06
Jazzmyride,E-commerce,Auto Parts & Accessories eTailer,Delhi,TVS Automobile Solutions Ltd,Private Equity,20770463.751474757,2016-11-06
AutoSense,Technology,Data Analytics based Customer Management Services,Delhi,TVS Automobile Solutions Ltd,Private Equity,20770463.751474757,2016-11-06
Redsun Telematics,Consumer Internet,Internet of Things Platform,Chennai,TVS Automobile Solutions Ltd,Private Equity,20770463.751474757,2016-11-06
KhanaGadi,Consumer Internet,Online Food Delivery for Train Travelers,Jaipur,50K Ventures,Seed Funding,20770463.751474757,2016-06-13
Bombay Shirt Company,E-commerce,Online custom Shirt retailer,Mumbai,Undisclosed Investors,Private Equity,1000000.0,2016-06-13
Matrubharti,Consumer Internet,e-Book Publisher,Unknown,Viridian Capital,Seed Funding,30000.0,2016-06-13
EdTechReview,Consumer Internet,Education based online portal,Delhi,EVC Ventures,Seed Funding,20770463.751474757,2016-06-14
Bonhomia,Food & Beverage,Premium Tea & Coffee Capsules maker,Delhi,Valpro Capital and existing investors,Private Equity,1500000.0,2016-06-14
Gobolt,Logistics,B2B Logistics provider,Delhi,MCube8,Seed Funding,20770463.751474757,2016-06-14
Jivox,Technology,Data Driven Advertising platform,Bengaluru,"You & Mr Jones, Fortisure Ventures, Diaz Nesamoney",Private Equity,6000000.0,2016-06-14
Sminq,Consumer Internet,Queue management Mobile app,Pune,"Saama Capital, Blume Ventures & Vaibhav Domkundwar",Seed Funding,1000000.0,2016-06-14
CureJoy,Consumer Internet,Online Alternative health community platform,Bengaluru,Accel Partners India,Private Equity,4400000.0,2016-06-14
Oneway.cab,Consumer Internet,Taxi Rental Platform,Vadodara,Indian Angel Network,Seed Funding,450000.0,2016-06-15
GrabOnRent,E-commerce,On-demand product rental marketplace,Bengaluru,IvyCap Ventures and Unicorn India Ventures,Private Equity,20770463.751474757,2016-06-15
Diro Labs,Consumer Internet,Contact Management Mobile App,Delhi,Info Edge (India) Ltd,Private Equity,450000.0,2016-06-16
Unnati Helpers,Consumer Internet,Help Hiring Platform,Gurugram,Info Edge (India) Ltd,Private Equity,600000.0,2016-06-16
Athletto,Consumer Internet,Sports Venue discovery and booking platform,Bengaluru,Atul Ingle,Seed Funding,20770463.751474757,2016-06-16
Saavn,Consumer Internet,Web/Mobile Music Streaming service,United States,Guy Oseary,Private Equity,100000000.0,2016-06-16
Voonik,E-commerce,Online Women xe2 x80 x99s Fashion Marketplace,Bengaluru,Sequoia Capital,Private Equity,20000000.0,2016-06-16
ThinkPhi,Technology,Sustainable Green Tech Solution developer,Mumbai,Nimmagadda Prasad,Seed Funding,20770463.751474757,2016-06-16
Cleartax,Consumer Internet,Online Tax Filing Platform,Delhi,"Ravi Adusumalli, SAIF Partners",Private Equity,12000000.0,2016-06-17
Silvan Innovation Labs,Technology,Home Automation Solutions,Bengaluru,Infuse Ventures,Private Equity,900000.0,2016-06-17
GreytHR,Technology,Payroll & HR Software Developer,Bengaluru,"New Enterprise Associates (NEA), Blume Ventures",Private Equity,5200000.0,2016-06-17
Duffl,E-commerce,Fashion Rental Marketplace,Bengaluru,BetOnIndia Technology Pvt Ltd,Seed Funding,20770463.751474757,2016-06-17
Byg,Consumer Internet,Fitness centre Discovery & Booking Mobile app,Bengaluru,"Sanjay Verma, Amit Khanna (LetsVenture)",Seed Funding,20770463.751474757,2016-06-17
Dipper,E-commerce,Freight Logistics Marketplace,Delhi,Undisclosed Investors,Seed Funding,20770463.751474757,2016-06-20
Qonfuse,Consumer Internet,Online Test Papers for competitive exams,Delhi,Hamraj Kumar,Seed Funding,20770463.751474757,2016-06-20
The Indian IRIS,Consumer Internet,Govt Policy Research & Information portal,Ahmedabad,Timbru Ventures,Seed Funding,20770463.751474757,2016-06-20
Onspoon,Consumer Internet,Online Platform for Event Sponsorship,Mumbai,Swan Angel Network,Seed Funding,150000.0,2016-06-21
REstate,Consumer Internet,Real Estate Platform,Bengaluru,Idein Ventures,Seed Funding,20770463.751474757,2016-06-21
Cleartrip,Consumer Internet,Online Travel Agency,Mumbai,"Concur Technologies, Gund Investment",Private Equity,20770463.751474757,2016-06-21
ProcMart,Consumer Internet,Online Procurement Marketplace,Noida,IndiaMart,Private Equity,20770463.751474757,2016-06-21
Celerix,Technology,Fintech Product Development & Services Startup,Bengaluru,Bitkemy Ventures,Seed Funding,400000.0,2016-06-21
NatureNama,Consumer Internet,Online Outdoors & travel,Mumbai,Unicorn Venture,Seed Funding,225000.0,2016-06-21
CyclopsMedtech,Technology,Medical Technology Provider,Bengaluru,CP Bothra,Seed Funding,20770463.751474757,2016-06-21
Syona Cosmetics,FMCG,Beauty Products & Training to Salons & Spas,Chennai,The Chennai Angels,Seed Funding,150000.0,2016-06-21
PrettySecrets,E-commerce,Women Lingerie Store,Mumbai,"RB Investments PTE Ltd, Orios Venture Partners",Private Equity,6000000.0,2016-06-21
SpiderG,Consumer Internet,Online invoice app for SMEs,Pune,"Rahul Kirloskar, Fusion Tech Ventures, Adi Saravanan, Pravin Dongre, Mahendra Doshi",Seed Funding,150000.0,2016-06-22
FarEye,Technology,Logistics Management Software,Delhi,Saif Partners,Private Equity,3500000.0,2016-06-23
The Uolo,Consumer Internet,School Parent Communication App,Bengaluru,"Purvi Ventures, Rajul Garg, Vipin Arora",Seed Funding,210000.0,2016-06-23
Staqu,Technology,Artificial Intelligence based search platform,Gurugram,Indian Angel Network,Seed Funding,20770463.751474757,2016-06-23
Padhopadhao,Consumer Internet,Home Tutors search & Discovery,Delhi,Rise India,Private Equity,20770463.751474757,2016-06-23
Drivify,Consumer Internet,Professional Driver discovery & Booking Mobile app,Mumbai,"Jitendra Gupta, Pankaj Tripathi",Seed Funding,50000.0,2016-06-24
Pratilipi,Consumer Internet,Multi-Lingual self-publishing platform,Bengaluru,Nexus Venture Partners,Seed Funding,20770463.751474757,2016-06-24
ParaBlu,Technology,Cloud Data Security & Privacy Solutions,Bengaluru,Kalaari Capital,Seed Funding,500000.0,2016-06-24
Schedulers Logistics,Logistics,Cold Storage Logistics solutions,Mumbai,GVFL,Private Equity,6000000.0,2016-06-24
Leap India,Others,Supply Chain Equipment & Services provider,Mumbai,Mayfield Ventures,Private Equity,3000000.0,2016-06-24
KabadiExpress,Others,Free Door Step Scrap Pickup Service,Delhi,Undisclosed Investors,Seed Funding,148000.0,2016-06-24
YourDOST,Consumer Internet,Online counselling & Personal coaching platform,Bengaluru,"SAIF Partners, Aprameya Radhakrishnan, Phanindra Sama, Subba Rao Telidevara, Vibhu Garg, Paula Ravindra Mariwala, Gaurav Bhalotia",Seed Funding,1200000.0,2016-06-27
Gomalon,Consumer Internet,Online Spa & Salon discovery & Booking platform,Bengaluru,Undisclosed Investors,Seed Funding,100000.0,2016-06-27
Voler Cars,Consumer Internet,Self-Driven Car rental platform,Delhi,"Kanodia family, Amit Banka",Seed Funding,20770463.751474757,2016-06-27
Travelyaari,Consumer Internet,Online ticket booking platform,Bengaluru,GVFL Ltd,Private Equity,3000000.0,2016-06-27
FabHotels,Consumer Internet,Online Hotel aggregator & Booking platform,Gurugram,"Accel Partners, RB Investments",Private Equity,8000000.0,2016-06-28
Locanix,Technology,GPS based SaaS Solutions,Ahmedabad,Undisclosed Investors,Seed Funding,300000.0,2016-06-28
Lendingkart,Consumer Internet,Online Working Capital Business Loans Platform,Ahmedabad,"Bertelsmann India Investments, Mayfield India, Saama Capital, India Quotient",Private Equity,32000000.0,2016-06-28
Hello Tax,Consumer Internet,Online Tax Filing Platform,Delhi,Sanjeev Sinha,Seed Funding,295000.0,2016-06-28
MySuperBrain,Consumer Internet,Online Talent Discovery Platform for Kids,Hyderabad,Soniks Consulting,Seed Funding,20770463.751474757,2016-06-28
BlogBeats,Consumer Internet,Online Blogging Platform,Bengaluru,Undisclosed Investors,Seed Funding,20770463.751474757,2016-06-28
LetReach,E-commerce,ECommerce SAAS Solutions,Delhi,vCommission,Private Equity,100000.0,2016-06-29
TrendieApp,Technology,Visual Content Marketing,Kolkata,Harsh Vardhan Hada,Seed Funding,50000.0,2016-06-29
ImpactGuru,Consumer Internet,Crowdfunding Platform,Mumbai,Piyush Jain,Seed Funding,20770463.751474757,2016-06-29
Velvetcase,E-commerce,Online designer jewellery marketplace,Mumbai,"Uniqorn Ventures Fund, TV Mohandas Pai, S Somasegar",Private Equity,1500000.0,2016-06-29
Meru Cabs,Consumer Internet,Online/ Mobile Tax Cab booking,Mumbai,Brand Capital,Private Equity,25000000.0,2016-06-30
Campus Diaries,Consumer Internet,Student focussed Content Discovery portal,Bengaluru,Aarin Capital,Seed Funding,220000.0,2016-06-30
Scripbox,Consumer Internet,Online Mutual Fund Investment platform,Bengaluru,"Omidyar Network, Accel Partners & existing investors",Private Equity,2500000.0,2016-06-30
Biryani Blues,Food & Beverage,QSR Chain,Gurugram,Carpediem Capital & Others,Private Equity,368000.0,2016-06-30
MotoMojo,Consumer Internet,Mobile based Vehicle maintenance App,Mumbai,"Niloufer Dundh, Fauzan Rahim, Balamurugan Mani",Seed Funding,20770463.751474757,2016-01-05
Get My Parking,Technology,Parking Technology Platform,Delhi,The Chennai Angels,Seed Funding,376000.0,2016-01-05
Prescribez,Consumer Internet,Health Service Aggregator Platform,Pune,Ankush Mehta,Seed Funding,145000.0,2016-01-05
Airwood,Technology,Agri Data & Analytics Platform,Chennai,StartupXseed Ventures,Seed Funding,20770463.751474757,2016-02-05
MobiKwik,Consumer Internet,Mobile & Digital Wallet,Gurugram,"GMO Payment Gateway, MediaTek",Private Equity,50000000.0,2016-03-05
iDreamCareer,Consumer Internet,Career Planning Services Portal,Delhi,Brand Capital,Private Equity,20770463.751474757,2016-03-05
Zwayam,Consumer Internet,Online Recruitment Platform,Bengaluru,Undisclosed Investors,Seed Funding,250000.0,2016-03-05
BoiBanit,Consumer Internet,Online Food Delivery platform,Vadodara,Undisclosed Investors,Seed Funding,20770463.751474757,2016-03-05
Zuver,Consumer Internet,Car driver Discovery App,Mumbai,"Shruth & Smith Group, Hermes Group",Seed Funding,180000.0,2016-03-05
Prepathon,Education,Competitive Exam learning platform,Mumbai,Blume Ventures,Private Equity,20770463.751474757,2016-03-05
EasyRoads,Consumer Internet,Road Trip planning Mobile app,Mumbai,"Rohan Angrish, Hrishi Oberoi, Rahul Mehta, Kapil Hetamsaria, Pranav Dedhia",Seed Funding,200000.0,2016-04-05
Lenskart,E-commerce,Eyewear & Accessories etailer,Delhi,"International Finance Corp, TPG Growth, Adveq Management, IDG Ventures, Ratan Tata, Kris Gopalakrishnan",Private Equity,60000000.0,2016-04-05
Seclore,Technology,Enterprise Security Technology platform,Mumbai,"Sistema Asia Fund, Helion Venture, VentureEast, India Alternatives",Private Equity,12000000.0,2016-04-05
SolarTown,Technology,Solar Rooftop system installation company,Chennai,Grex.in,Seed Funding,200000.0,2016-04-05
Comarete,Technology,Telecom & Media IT services company,Pune,Grex.in,Seed Funding,200000.0,2016-04-05
MyDentistChoice,E-commerce,Medical Supplies eTailer,Hyderabad,Undisclosed Investors,Seed Funding,150000.0,2016-04-05
Active.ai,Technology,Intelligent Tech platform for Finance vertical,Singapore,Kalaari Capital Accelerator Program,Seed Funding,500000.0,2016-04-05
Affordplan,Technology,Affordable non-emergency medical service health plans,Delhi,Kalaari Capital Accelerator Program,Seed Funding,500000.0,2016-04-05
Indee,Consumer Internet,Web Video Streaming Platform,Bengaluru,Kalaari Capital Accelerator Program,Seed Funding,500000.0,2016-04-05
Unbxd,Technology,eCommerce product discovery software,Delhi,"IDG Ventures, Inventus Capital, Indian Angel Network",Private Equity,12500000.0,2016-05-05
WebAlligator,Consumer Internet,Cloud Based Software Solutions,Bengaluru,Undisclosed Investors,Seed Funding,375000.0,2016-05-05
EduAce Services,Education,Education Workshops & mentoring programs,Lucknow,MoMagic Technologies,Private Equity,1000000.0,2016-06-05
Meesho,E-commerce,Social commerce platform,Bengaluru,Rajul Garg & Others,Seed Funding,21422785.714285716,2016-06-05
Zebroads,Logistics,Logistics and Warehousing services,Hyderabad,Undisclosed Investors,Seed Funding,75000.0,2016-07-05
Locus,Technology,Logistics Intelligence platform,Bengaluru,"Exfinity Venture Partners, Blume Ventures, BeeNext, Rajesh Ranavat",Private Equity,2750000.0,2016-09-05
Toko Innovations,Consumer Internet,Children xe2 x80 x99s Entertainment Portal,Bengaluru,"Roopak Saluja, Vishal Khare",Seed Funding,450000.0,2016-09-05
Rentickle,E-commerce,"Furniture, appliances Portal",Delhi,"Manish Kheterpal, Vinay Mittal, Dinesh Mittal, Sandeep Gupta",Seed Funding,250000.0,2016-09-05
HealthifyMe,Consumer Internet,Health & Fitness App,Bengaluru,"IDG Ventures India, Inventus Capital, Blume Ventures",Private Equity,6000000.0,2016-10-05
Zarget,Consumer Internet,Conversion Rate Optimization Platform,Chennai,"Accel Partners, Matrix Partners, Girish Mathrubootham",Private Equity,1500000.0,2016-10-05
InnoNano Research,Technology,Clean Water Technology,Chennai,NanoHoldings,Private Equity,18000000.0,2016-10-05
SchoolWear,E-commerce,School Uniform & Supplies Marketplace,Mumbai,Undisclosed Investors,Seed Funding,1500000.0,2016-10-05
Swiggy,Consumer Internet,Food Delivery Platform,Bengaluru,"Norwest Venture Partners, DST Global, Accel Partners",Private Equity,7000000.0,2016-10-05
Zenify,Consumer Internet,Home rental Discovery & Booking Portal,Bengaluru,Undisclosed Investors,Private Equity,900000.0,2016-11-05
Faircent,Consumer Internet,Online Peer to Peer Lending platform,Gurugram,"JM Financial Products Ltd, Arun Tadanki, Doreswamy Nandkishore, Kshitij Jain",Private Equity,20770463.751474757,2016-11-05
Fractal Analytics,Technology,Data Analytics Company,Mumbai,Khazanah Nasional Berhad,Private Equity,100000000.0,2016-11-05
Unacademy,Consumer Internet,Free Online Education Platform,Bengaluru,"Blume Ventures, Rajan Anandan, Sumit Jain, Aprameya Radhakrishna, Sujeet Kumar, Phanindra Sama",Seed Funding,500000.0,2016-12-05
Capital Float,Consumer Internet,Online Lending Platform,Bengaluru,"Creation Investments Capital Management, SAIF Partners, Sequoia Capital, Aspada Ventures",Private Equity,25000000.0,2016-12-05
Life Circle,Healthcare,Senior Healthcare Services,Hyderabad,GROUPE SOS,Private Equity,150000.0,2016-12-05
Dream Wallets,Consumer Internet,Online Crowdfunding platform,Jaipur,"Rakesh Gupta, Aditya Aggarwal, Siddharth Banerjee, Vikas Ranjan, Anshul Jindal, Sunil Koul, and Sanjeev Agrawal",Seed Funding,20770463.751474757,2016-12-05
ShabdNagari,Consumer Internet,Hindi social networking portal,Kanpur,ah! Ventures,Seed Funding,20770463.751474757,2016-12-05
Galleri5,Consumer Internet,Visual Content Discovery platform,Bengaluru,"Phanindra Sama, Raghunandan G",Seed Funding,20770463.751474757,2016-12-05
Derbii,Logistics,Carpooling Services,Gurugram,Anurag Chauhan,Seed Funding,20770463.751474757,2016-12-05
Stayzilla,Consumer Internet,Budget Room Aggregator Booking platform,Chennai,"Matrix Partners, Nexus Ventures",Private Equity,13500000.0,2016-05-13
WoW Express,Logistics,E-Commerce Logistics Solutions,Mumbai,Undisclosed Investors,Private Equity,2200000.0,2016-05-13
Smartivity,E-commerce,Smart Learning products,Delhi,"S Chand, AdvantEdge Partners",Private Equity,1000000.0,2016-05-16
BedBathMore,Consumer Internet,Home Decor eMarketplace,Mumbai,"Kinnevik Group, Rocket Internet",Private Equity,20770463.751474757,2016-05-16
Murgency,Consumer Internet,Medical Emergency Response App,Mumbai,Rata Tata,Private Equity,20770463.751474757,2016-05-17
Crownit,Consumer Internet,Mobile customer rewards management platform,Gurugram,"Undisclosed Investors, Accel Partners, Helion Venture Partners",Private Equity,20770463.751474757,2016-05-17
Blinge,E-commerce,Apparel Rental platform,Mumbai,"Anupam Mittal, Anuj Srivastava, Ankit Nagori",Seed Funding,20770463.751474757,2016-05-17
TheSmartQ,Consumer Internet,Food Ordering Mobile App,Bengaluru,YourNest Angel Fund,Seed Funding,250000.0,2016-05-18
PurpleHealth,Consumer Internet,Online health-on-demand platform,Trivandrum,Katabole Technology Venture,Seed Funding,100000.0,2016-05-18
Fundamentor,Education,Aptitude Development Program,Pune,Subramanya SV,Seed Funding,20770463.751474757,2016-05-18
EduPristine,Education,Online Certification Courses,Mumbai,"Kaizen Management Advisors, DeVry Inc",Private Equity,10000000.0,2016-05-18
BhiveWorkspace,Real Estate,Co-Working Spaces,Bengaluru,Blume Ventures,Private Equity,1000000.0,2016-05-18
Parentlane,Consumer Internet,Parenting & Child Care app,Bengaluru,"Sujeet Kumar, Aprameya, Sumit Jain, Subramanya Venkat, Venk, Ravi Machani, Hitesh Gupta, Rohit Choudhary",Seed Funding,20770463.751474757,2016-05-18
Appie,Consumer Internet,Location-based offline retail discovery platform,Mumbai,Undisclosed Investors,Seed Funding,1000000.0,2016-05-19
Niki.ai,Technology,Artificial Intelligence Platform,Bengaluru,Ratan Tata,Private Equity,2000000.0,2016-05-19
TaxiVaxi,Consumer Internet,Cab Aggregating Platform,Delhi,Undisclosed Investors,Seed Funding,500000.0,2016-05-19
Veqta,Consumer Internet,On Demand Digital Sports Network,Delhi,"Chatsworth Management, ITW Digital",Seed Funding,500000.0,2016-05-19
I2ifunding,Consumer Internet,Online Peer to Peer Funding,Noida,Undisclosed Investors,Seed Funding,300000.0,2016-05-20
EduRev,Consumer Internet,Online Learning Platform,Gurugram,Pradeep Reddy Kamasan,Seed Funding,20770463.751474757,2016-05-23
Hoppingo,Consumer Internet,Fashion Discovery platform,Delhi,vCommission,Seed Funding,89000.0,2016-05-23
Eatonomist,Consumer Internet,Food Delivery Platform,Gurugram,MCube Capital Advisors Pvt Ltd,Seed Funding,20770463.751474757,2016-05-24
Goalwise,Consumer Internet,Online investment platform,Bengaluru,Undisclosed Investors,Seed Funding,1000000.0,2016-05-24
Roast,Consumer Internet,Mobile entertainment App,Delhi,Indian Angel Network,Seed Funding,20770463.751474757,2016-05-25
Address Health,Healthcare,Pediatric Primary Healthcare Network,Bengaluru,Gray Matters Capital,Private Equity,1500000.0,2016-05-25
Arcatron Mobility,Technology,Mobility Devices for differently abled,Pune,Sudhir Mehta,Seed Funding,100000.0,2016-05-25
SheThePeople,Consumer Internet,Digital platform for Women,Delhi,Anand Mahindra,Seed Funding,20770463.751474757,2016-05-25
Cleartax,Consumer Internet,Online Income Tax Filing platform,Bengaluru,"FF Angel, Sequoia Capital",Private Equity,2000000.0,2016-05-26
Consure Medical,Healthcare,Medical Devices Kit manufacturer,Delhi,"Accel Partners, Indian Angel Network, India Innovation Fund India Venture Partners",Private Equity,20770463.751474757,2016-05-26
mChamp,Consumer Internet,Celebrity Entertainment Contest App,Delhi,MoMagic Technologies,Seed Funding,475000.0,2016-05-26
Pianta,Consumer Internet,Online healthcare service discovery platform,Bengaluru,"Kunal Shah, Sandeep Tandon",Seed Funding,20770463.751474757,2016-05-27
Vahanalytics,Technology,Safe driving Analytics platform,Mumbai,"Anirudh Damani, Vikram Lakhotia",Seed Funding,200000.0,2016-05-30
Play Your Sport,Consumer Internet,Location based Sports & Fitness Discovery App,Delhi,Undisclosed Investors,Seed Funding,20770463.751474757,2016-05-31
Koovs,E-commerce,Apparel & Lifestyle eTailer,Delhi,HT Media Ltd,Private Equity,4400000.0,2016-05-31
CCavenue,Consumer Internet,Payment Gateway,Mumbai,NSI Infinium Global Pvt. Ltd,Private Equity,8900000.0,2016-05-31
1mg,E-commerce,Online Pharmacy,Gurugram,HBM Healthcare Investments,Private Equity,13333333.333333334,2016-05-31
Tpot,Food & Beverage,QSR Chain,Gurugram,Ashish Gupta,Seed Funding,20770463.751474757,2016-05-31
MachaDalo,Consumer Internet,Hyperlocal Advertising Platform,Mumbai,Undisclosed Investors,Seed Funding,175000.0,2016-05-31
Dil Mil,Consumer Internet,Matchmaking Mobile App,SFO / Bangalore,"Nelstone Ventures, Transmedia Capital, Maiden Lane Ventures, CSC Upshot & Angel investors",Private Equity,2700000.0,2016-01-04
PicsDream,Consumer Internet,Online Marketplace for Photographers,Delhi,Raman Roy,Seed Funding,20770463.751474757,2016-01-04
Process 9,Consumer Internet,online translation and transliteration,Gurugram,"Indian Angel Network, Alok Sharma, Kris Gopalakrishnan, Saurabh Srivastava, and Ajai Chowdhry",Seed Funding,20770463.751474757,2016-01-04
Housing,Consumer Internet,Real Estate Portal,Mumbai,Vineet Singh,Private Equity,20770463.751474757,2016-04-04
Roll Mafia,Food & Beverage,Rolls & Biryanis QSR chain,Pune,Undisclosed Investors,Seed Funding,20770463.751474757,2016-04-04
Hungama,Consumer Internet,Digital Media Entertainment Portal,Mumbai,Xiaomi Inc,Private Equity,25000000.0,2016-04-04
Highway Delite,Consumer Internet,Various Highway Help Services,Bengaluru,N.S. Raghavan Centre for Entrepreneurial Learning,Seed Funding,20770463.751474757,2016-04-04
Cult Fitness,Healthcare,Healthcare training programs,Bengaluru,Mukesh Bansal,Seed Funding,20770463.751474757,2016-05-04
Haptik,Technology,Personal Assistant App,Mumbai,Times Internet Ltd,Private Equity,20770463.751474757,2016-05-04
Servify,Consumer Internet,Gadget & Appliances Service App,Mumbai,"Blume Ventures, Barkawi Holdings GmbH, TM Service Technology Holdings GmbH",Private Equity,20770463.751474757,2016-05-04
Shipsy,Logistics,Logistics Solutions,Gurugram,DTDC Express Ltd,Private Equity,1000000.0,2016-06-04
Gear6,Consumer Internet,Online bike service and repairs platform,Bengaluru,Ninestarter,Seed Funding,500000.0,2016-06-04
MyGlamm,Consumer Internet,Mobile based on-demand Beauty Services platform,Mumbai,L'Occitane,Private Equity,6000000.0,2016-06-04
Petoo,Consumer Internet,Online Food Delivery Platform,Bengaluru,Axilor Ventures,Private Equity,1000000.0,2016-06-04
Truly Social,Consumer Internet,Mobile Gaming Studio,London,Nazara Technologies Pvt Ltd,Private Equity,20770463.751474757,2016-07-04
Little Black Book,Consumer Internet,"Curated Food, event & Lifestyle guide",Delhi,"IDG, Indian Angel Network",Seed Funding,1000000.0,2016-08-04
Vahan,Education,Mobile Education Platform,Chennai,Villgro,Seed Funding,20770463.751474757,2016-08-04
Imedilane,Consumer Internet,Online Health Diagnosis platform,Delhi,"Mahendra Patel, Nilender Chauhan",Seed Funding,40000.0,2016-08-04
Living Local,Consumer Internet,Social discovery platform,Mumbai,Rattan Chadha,Seed Funding,200000.0,2016-11-04
Vegfru,E-commerce,Online Fruit & Vegetable Marketplace,Delhi,Wingify,Seed Funding,20770463.751474757,2016-11-04
OYO Rooms,Consumer Internet,Online Branded Budget Room Booking Service,Delhi,"Softbank, Sequoia Capital, Lightspeed Venture Partners, Greenoaks Capital, DSG Consumer Partners and Venture Nursery",Private Equity,100000000.0,2016-11-04
PriceRaja,Consumer Internet,Price Comparison Portal,Gurugram,Prashant Puri,Seed Funding,300000.0,2016-11-04
MagicX,Consumer Internet,On-Demand Task Management App,Bengaluru,"Kris Gopalakrishnan, Dr. Ranjan Pai",Seed Funding,1000000.0,2016-12-04
Happydemic,Consumer Internet,Artist Discovery & Booking platform,Mumbai,Shaan,Seed Funding,20770463.751474757,2016-12-04
LenDenClub,Finance,Peer-to-Peer Lending Platform,Mumbai,"Anirudh Damani, Daud Ali, Narendra Karnavat, Vikas Kapoor, Vikram Lakhotia, Krishna Jhunjhunwaala, Jayesh Shah",Seed Funding,20770463.751474757,2016-12-04
Indi,Consumer Internet,Video Social Network,Unknown,Anil Kapoor,Seed Funding,20770463.751474757,2016-12-04
LegalRaasta,Consumer Internet,Online legal Services for Startups,Delhi,"Pravin Khandelwal, Yatin Kumar Jain",Seed Funding,1000000.0,2016-04-13
RainCan,Consumer Internet,Subscription-based grocery delivery Mobile App,Pune,Dr. Aniruddha Malpani,Seed Funding,150000.0,2016-04-13
Hippily,E-commerce,Fashion ECommerce App,Mumbai,"Dr. Sridhar Ramaswamy, Rakesh Mathur",Seed Funding,250000.0,2016-04-13
KredX,E-commerce,Invoice discounting xc2 xa0 Marketplace,Bengaluru,Prime Venture Partners,Seed Funding,750000.0,2016-04-13
Wedwise,Consumer Internet,Wedding related services community,Delhi,StartUp Equity Partners,Seed Funding,20770463.751474757,2016-04-14
BeaconsTalk,Technology,contextual mobile advertising,Mumbai,"Rajeev Agrawal, Prashant Gooty",Seed Funding,100000.0,2016-04-14
Deal 4Loans,Consumer Internet,Loan Comparison Portal,Noida,"Ram Shriram, Neeraj Arora, Puru Vashishtha",Seed Funding,20770463.751474757,2016-04-15
RenewBuy,Consumer Internet,Online Car & Bike Insurance Comparison portal,Delhi,Mount Nathan Advisors,Seed Funding,1000000.0,2016-04-15
Blue Box Media,Consumer Internet,Online Tech Portals,Jaipur,"Mahavir Pratap Sharma, Ajay Data, Yogesh Chaudhary, Sanjay Phophaliya, Siddharth Agarwal, Kamal Kothari",Seed Funding,20770463.751474757,2016-04-15
Vyomo,Consumer Internet,On-Demand Beauty Service provider,Delhi,Naturals Salon Chain,Private Equity,15000000.0,2016-04-15
Organicshop,E-commerce,Marketplace for organic products,Jaipur,"Vivek Nathani, Yogesh Chaudhary, Mahavir Pratap Sharma, Kamal Kothari, H C Jain",Seed Funding,20770463.751474757,2016-04-15
Mind Your Fleet,Consumer Internet,Car Rental Software,Noida,Undisclosed Investors,Seed Funding,20770463.751474757,2016-04-15
NestAway,Consumer Internet,Furnished Home Rental Platform,Bengaluru,Tiger Global,Private Equity,30000000.0,2016-04-15
TapChief,Consumer Internet,Expert Advice Platform,Bengaluru,Vijay Shekhar Sharma,Seed Funding,150000.0,2016-04-15
Rapido,Consumer Internet,Bike Aggregator App,Bengaluru,"Pawan Munjal, AdvantEdge Partners, Astarc Ventures",Private Equity,12737028.75,2016-04-18
Yufta,E-commerce,Women xe2 x80 x99s Fashion ECommerce Portal,Bengaluru,Ajay Data & other HNIs,Seed Funding,20770463.751474757,2016-04-18
Smytten,E-commerce,Online Discovery and Shopping Platform,Gurugram,Rajan Anandan,Seed Funding,200000.0,2016-04-18
Houssup,Consumer Internet,interior design and home furnishing portal,Jaipur,"Mitin Patel, Gaurav Agarwal",Seed Funding,20770463.751474757,2016-04-18
Jugnoo,Consumer Internet,On-demand Delivery & Logistics platform,Chandigarh,Paytm & existing investors,Private Equity,10000000.0,2016-04-18
Tork Motocycles,Automotive,Electric Motorcycle Manufacturer,Pune,"Bhavish Aggarwal, Ankit Bhati",Seed Funding,20770463.751474757,2016-04-18
Betaout,E-commerce,customer intelligence and marketing automation platform,Noida,"Stanford Angels, LetsVenture, Chennai Angels, Hyderabad Angels, Mumbai Angels",Private Equity,1500000.0,2016-04-19
DriversCart,Consumer Internet,on-demand chauffeur provider,Chennai,ah! Ventures,Seed Funding,450000.0,2016-04-19
LensKart,E-commerce,Eyewear etailing platform,Delhi,Ratan Tata,Private Equity,2825000.0,2016-04-19
CollegeDekho,Consumer Internet,College & Student information platform,Delhi,Man Capital,Private Equity,2000000.0,2016-04-19
OYOfit,Consumer Internet,Fitness Services Aggregator platform,Bengaluru,RN Agarwal,Seed Funding,20770463.751474757,2016-04-19
Oliveboard,Consumer Internet,Online exam practice & preparation platform,Bengaluru,India Educational Investment Fund,Private Equity,20770463.751474757,2016-04-19
Simplilearn,Consumer Internet,Online certification platform,Bengaluru,Brand Capital,Private Equity,11916666.666666666,2016-04-19
1mg,E-commerce,Online Pharmacy,Gurugram,"Maverick Capital Ventures, Sequoia Capital, Omidyar Network",Private Equity,15000000.0,2016-04-20
Fashalot,Consumer Internet,Fashion and Store discovery mobile app,Delhi,"YourNest Angel Fund, Rajul Garg",Seed Funding,20770463.751474757,2016-04-20
Broomberg,Consumer Internet,Cleaning Services Provider,Delhi,Undisclosed Investors,Seed Funding,20770463.751474757,2016-04-20
M.paani,Consumer Internet,Loyalty rewards platform,Mumbai,"Blume Ventures, Adil Allana, Aprameya Radhakrishna, Gautam Ivatury, Signal Point Partners",Seed Funding,20770463.751474757,2016-04-21
Yufta,E-commerce,hyperlocal fashion retail platform,Jaipur,Undisclosed Investors,Seed Funding,20770463.751474757,2016-04-21
mishTag,Consumer Internet,"Style, Fashion Discovery Mobile app",Delhi,"M&Y Partners, SVG Media, Anthil Ventures & others",Seed Funding,20770463.751474757,2016-04-21
Advanced Structures India,Automotive,Automotive Design and Engineering company,Bengaluru,GirnarSoft,Private Equity,20770463.751474757,2016-04-21
Licious,E-commerce,Mobile based Meat ordering App,Bengaluru,Mayfield India II Management Ltd,Private Equity,3000000.0,2016-04-22
Knolskae,Consumer Internet,Educational Gamification & Simulation platform,Bengaluru,"Inventus Capital Partners, HR Fund",Private Equity,20770463.751474757,2016-04-22
Druva,Technology,Converged Backup & Data Protection Solutions for Enterprises,Pune,"NTT Finance, Telephone Corporation",Private Equity,51000000.0,2016-04-22
TOKO Innovation Studios,Consumer Internet,Children's Entertainment Games & Products,Delhi,Indian Angel network,Seed Funding,450000.0,2016-04-22
Commut,Consumer Internet,Shuttle Service Provider,Hyderabad,50K Ventures,Seed Funding,200000.0,2016-04-25
Intouchapp,Consumer Internet,Contact Management Mobile App,Pune,Blume Ventures,Seed Funding,20770463.751474757,2016-04-25
Dropkaffe,Food & Beverage,Ready-to-Drink Beverage Producer,Bengaluru,"GrowthStory, Apurva Salapuria, Hitesh Oberoi, Sidharth Pansari, Nirupa Shankar",Seed Funding,550000.0,2016-04-25
Transerv,Consumer Internet,Digital Payments platform,Mumbai,"IDFC SPICE Fund, Micromax Informatics",Private Equity,15000000.0,2016-04-26
ClearTax,Consumer Internet,Online filing of Tax returns,Bengaluru,"Max Levchin, Scott Banister",Private Equity,1300000.0,2016-04-26
Roposo,E-commerce,Social Fashion ECommerce Discovery platform,Gurugram,Bertelsmann India Investments,Private Equity,15000000.0,2016-04-26
Milkbasket,Consumer Internet,Micro Grocery Delivery Platform,Gurugram,EVC Ventures,Seed Funding,500000.0,2016-04-27
CareonGO,Consumer Internet,Online Pharmacy,Unknown,"Farooq Oomerbhoy, Anupam Mittal, Anand Mittal, Ravi Garikipati, Vibhu Garg, Singapore Angel Network, Konglo Ventures",Seed Funding,20770463.751474757,2016-04-27
RailYatri,Consumer Internet,Train Related Information portal,Noida,"Nandan Nilekani, Helion Ventures, Omidyar Networks, Blume Ventures",Private Equity,20770463.751474757,2016-04-27
Ichr,Consumer Internet,Mobile based Children health Information app,Delhi,Undisclosed Investors,Seed Funding,450000.0,2016-04-27
Murgency,Consumer Internet,Medical Emergency Response App,Mumbai,Axilor Ventures,Private Equity,20770463.751474757,2016-04-27
The Wedding Brigade,Consumer Internet,Online Wedding Information Portal,Mumbai,Blume Ventures & Other unnamed Investors,Seed Funding,600000.0,2016-04-28
DocsApp,Consumer Internet,Online Doctor Discovery & Chat platform,Bengaluru,"Rebright Partners, Anand Rajaraman, Venky Harinarayan",Private Equity,1200000.0,2016-04-28
ImpactGuru,Consumer Internet,Online Crowdfunding platform for NGOs & Social Projects,Mumbai,"RB Investments, Fundnel",Seed Funding,500000.0,2016-04-29
LetReach,E-commerce,ECommerce SAAS Solutions,Delhi,vCommission,Private Equity,100000.0,2016-04-29
DriveU,Consumer Internet,Chauffeurs Discovery for private car owners,Bengaluru,Unitus Seed Fund,Seed Funding,2000000.0,2016-01-03
Gympik,Consumer Internet,"Fitness Centres, Gym Discovery online marketplace",Bengaluru,RoundGlass Partners,Private Equity,135000.0,2016-01-03
TestBook,Consumer Internet,Online Test Preparation Platform,Mumbai,S Chand & Co,Private Equity,20770463.751474757,2016-01-03
IQlect,Technology,Big Data Analytics Platform,Bengaluru,"Lip-Bu Tan, Michael Marks, Nicolas Braithwaite",Private Equity,20770463.751474757,2016-01-03
MoMark,Consumer Internet,Mobile Wallet Aggregation platform,Noida,YourNest Angel Fund,Private Equity,600000.0,2016-02-03
Skedool,Consumer Internet,AI based Office Assistant Mobile App,Seattle / Bangalore,"Kludein LLC\ Phanindra Sama, Narayan Ramachandran, Pranav Pai",Seed Funding,20770463.751474757,2016-02-03
Systemantics,Technology,Industrial robots maker,Bengaluru,"Nandan Nilekani, Accel Partners",Private Equity,1400000.0,2016-02-03
Vertuals,Technology,Audio Visual Digital Content creators for Brands,Mumbai,Dino Morea,Seed Funding,20770463.751474757,2016-03-03
Imarticus Learning,Education,Financial Services & Analytics Education Institute,Mumbai,"Blinc Advisors, Amit Nanavati, Tashwinder Singh, Taranjit Jaswal, Amit Khanna",Private Equity,1000000.0,2016-03-03
Shouut,Consumer Internet,Social Discovery Mobile app,Delhi,Undisclosed Investors,Seed Funding,500000.0,2016-03-03
TinyStep,Consumer Internet,Parenting Social Network Platform,Bengaluru,Matt Glickman,Private Equity,1790000.0,2016-04-03
Aahaa,E-commerce,Office Products Super Store,Chennai,YourNest Angel Fund,Private Equity,1000000.0,2016-04-03
Arcatron Mobility,Technology,Smart wheelchair Design and Development,Pune,"Sudhir Mehta, Anoop Hingorani",Seed Funding,100000.0,2016-04-03
FTCash,Consumer Internet,Mobile Payments Platform,Kolkata,IvyCap Ventures,Seed Funding,150000.0,2016-04-03
Civilsdaily,Consumer Internet,Civil Services News Aggregator,Delhi,Undisclosed Investors,Seed Funding,20770463.751474757,2016-04-03
Zappka,Consumer Internet,Mobile App discovery and review platform,Gurugram,"Daman Soni, Rajat Gupta & Others",Seed Funding,100000.0,2016-04-03
Tarusa World,E-commerce,Handicraft products eTailer,Mumbai,Mohit Gulati,Seed Funding,20770463.751474757,2016-04-03
medECUBE,Healthcare,Healthcare related Services provider,Gurugram,Artiman Ventures,Private Equity,4000000.0,2016-04-03
N.o.w,Consumer Internet,Bike Taxi Service & Hyperlocal Delivery App,Noida,"Ruchirans Jaipuria, Anuj Sanghi",Seed Funding,500000.0,2016-07-03
Ninjacart,E-commerce,B2B marketplace for Farmers & Retailers,Bengaluru,"Accel Partners, Qualcomm Ventures, M&S Partners, Zop Smart",Private Equity,3000000.0,2016-07-03
Reach,Consumer Internet,Cross Platform P2P file sharing mobile app,Bengaluru,"Rebright Partners, Sol Primero, Sudhir Anandarao, Ankur Warikoo, Ankur Singla",Seed Funding,500000.0,2016-07-03
VanityCube,Consumer Internet,Hyperlocal Beauty Services platform,Delhi,Unicorn Ventures,Seed Funding,250000.0,2016-07-03
Wooplr,E-commerce,Curated Fashion ECommerce portal,Bengaluru,"Naveen Tewari, Abhay Singhal, Amit Gupta, Piyush Shah, Raghunandan G, Rajiv Mehta",Seed Funding,8000000.0,2016-07-03
Medidaili,Consumer Internet,Medical Support service platform,Bengaluru,Undisclosed Investors,Seed Funding,100000.0,2016-07-03
Finomena,Technology,Credit Worthiness Big Data Analytics,Delhi,Matrix Partners India,Private Equity,20770463.751474757,2016-08-03
Cookaroo,Consumer Internet,Food Delivery Platform,Bengaluru,Vijay Krishna Yadav,Seed Funding,20770463.751474757,2016-08-03
vPhrase Analytics,Technology,AI based data analytics platform,Mumbai,"Apoorv Ranjan Sharma, Daud Ali and others",Seed Funding,20770463.751474757,2016-08-03
LoveCycles,Consumer Internet,Women xe2 x80 x99s health Tracker,Bengaluru,Prime Venture Partners,Seed Funding,750000.0,2016-08-03
Kartrocket,E-commerce,ECommerce SAAS platform,Delhi,"Undisclosed Investors, Bertelsmann India Investments, Nirvana Digital India Fund, Nirvana Digital Investment Holding Co Ltd, 500 Start-Ups",Private Equity,8000000.0,2016-08-03
Dunzo,Consumer Internet,Daily Task Management App,Bengaluru,"Aspada Investment Advisors, Blume Ventures.",Seed Funding,650000.0,2016-08-03
Indiamart,E-commerce,B2B Marketplace for SMBs,Noida,Amadeus Capital,Private Equity,20770463.751474757,2016-09-03
SmartVizX,Technology,Virtual Reality Solutions,Noida,"Indian Angel Network, Stanford Angels, Entrepreneurs India",Seed Funding,500000.0,2016-09-03
MyGubbi,Real Estate,Interior Design & Home D xc3 xa9cor Solutions,Bengaluru,"Vipul Parekh, ajesh K Murthy",Seed Funding,2500000.0,2016-09-03
Nukkad Shops,Consumer Internet,Hyperlocal Grocery Delivery Service,Hyderabad,PurpleTalk Inc,Seed Funding,1000000.0,2016-09-03
Cloudacar,Consumer Internet,Carpooling Mobile App,Pune,"Amit Choudhary, Anuj Puri",Seed Funding,20770463.751474757,2016-09-03
JustRide,Consumer Internet,Self Drive Car Rental,Mumbai,Dheeraj Jain & Other angel investors,Seed Funding,400000.0,2016-09-03
Yana,Consumer Internet,Personal AI Transaction Engine App,Gurugram,Puneet Gupta,Seed Funding,20770463.751474757,2016-09-03
Big Fish Ventures,Food & Beverage,premium dining lounges Chain,Delhi,Undisclosed Investors,Private Equity,11100000.0,2016-10-03
Stylflip,E-commerce,Pre-Owned Fashion marketplace mobile app,Mumbai,"Raj Gala Shah, Zaheer Memon",Seed Funding,20770463.751474757,2016-10-03
Icertis,Technology,Contract Management Software Solutions platform,Pune/Seattle,"Ignition Partners, Greycroft Partners, Fidelity Growth Partners India",Private Equity,15000000.0,2016-10-03
Supplified,E-commerce,Construction material eTailer,Delhi,Mohit Goel,Seed Funding,1000000.0,2016-10-03
Jolly Food Fellow,Technology,Food Related Marketing & Branding platform,Ahmedabad,Janak Parikh,Seed Funding,20770463.751474757,2016-11-03
PinkBlue,E-commerce,Medical Supplies eTailer,Bengaluru,"Hari Krishna, Ajay Modani, Dr V Ravinder, Anirudh Rastogi, Abhishek Jain, Rakesh Gakhar, Rajeev Mudumba, Nagendra Prasad Bhanuprakash",Seed Funding,223608.0,2016-03-14
TruckingCube,Logistics,"Domestic, Commercial, and Industrial Goods Movers",Delhi,Agarwal Movers Group,Private Equity,14900000.0,2016-03-14
eSwasthya,Consumer Internet,Online Medicine Delivery Aggregator,Ahmedabad,Hemang Sahani,Seed Funding,20770463.751474757,2016-03-14
FlipClass,Consumer Internet,Tutor Search Platform,Bengaluru,"S Chand and Co Pvt Ltd, Blume Ventures",Private Equity,1000000.0,2016-03-15
Proximit,Technology,Advertising Technology,Pune,Funding through 1Crowd platform,Seed Funding,150000.0,2016-03-15
WithMe,Consumer Internet,Personalized Fashion App,Gurugram,"Alex Kuruvilla, Pradeep Guha, Saket Dhankar, Rajan Pandhare",Seed Funding,250000.0,2016-03-15
Gapoon,Consumer Internet,Hyperlocal Home Maintenance services,Bengaluru,"Chandrashekar Tallapragada, Pankaj Kapoor",Seed Funding,180000.0,2016-03-16
Avagmah,Consumer Internet,Online Education Portal,Bengaluru,"Kris Gopalakrishnan, Atul Nishar",Seed Funding,20770463.751474757,2016-03-16
WorkIndia,Consumer Internet,Online Job Board,Mumbai,Beenext,Seed Funding,500000.0,2016-03-16
Wealthy,Consumer Internet,Online Investment management portal,Bengaluru,"Zishaan Hayath, Abhishek Goyal, Arjun and Rohan Malhotra, Harpreet Singh Grover, Gagan Dugal",Seed Funding,250000.0,2016-03-16
Pramati,Healthcare,Specialized Patient Care platform,Noida,Undisclosed Investors,Seed Funding,200000.0,2016-03-17
Qlivery,Consumer Internet,Ondemand Concierge Service,Gurugram,Swastika Company Ltd,Seed Funding,230000.0,2016-03-17
HealthEnablr,Consumer Internet,Doctor Discovery and booking platform,Mumbai,Undisclosed Investors,Seed Funding,800000.0,2016-03-17
Liftiee,Consumer Internet,Car/ bike Pooling App,Mumbai,"Rannvijay Singh, Anita Hassanandani",Seed Funding,108000.0,2016-03-17
Hello Curry,Food & Beverage,Quick Service Restaurant Chain,Hyderabad,Sashi Reddi & Other unnamed investors,Private Equity,1500000.0,2016-03-18
goSporto,Consumer Internet,Online Sports discovery and booking platform,Delhi,Naveen Gupta,Seed Funding,30000.0,2016-03-19
OneClickWash,Consumer Internet,Online Laundry & Washing service Booking & Delivery,Gurugram,Unitus Seed Fund,Seed Funding,20770463.751474757,2016-03-21
Girnar Software,Consumer Internet,Online News Media Network,Jaipur,Google Capital,Private Equity,20770463.751474757,2016-03-21
Room On Call,Consumer Internet,Budget hotel aggregator,Gurugram,CASHurDRIVE Marketing Pvt Ltd,Private Equity,2000000.0,2016-03-21
Byju's,Consumer Internet,Educational Video Content Creator,Bengaluru,"Sequoia India, Sofina",Private Equity,75000000.0,2016-03-22
BigBasket,E-commerce,Online Grocery Shop,Bengaluru,Abraaj Group,Private Equity,150000000.0,2016-03-22
DrivoJoy,Consumer Internet,On-demand 2-wheeler Servicing platform,Bengaluru,"Indian Angel Network, Tracxn Labs & Others",Seed Funding,600000.0,2016-03-22
Smartron,Technology,Internet of Things Device manufacturer,Bengaluru,Sachin Tendulkar,Private Equity,20770463.751474757,2016-03-22
LifCare,Consumer Internet,Online Pharmacy portal,Jaipur,"Rajul Garg, Alok Mittal, Kunal Shah, Rishi Mandawat, Dheeraj Jain, Sandeep Tandon, Dexter Angel Circle",Seed Funding,20770463.751474757,2016-03-22
CreditSeva,Consumer Internet,Online Credit management tools,Hyderabad,"Pix Vine Capital, Infocomm Development Authority of Singapore",Seed Funding,360000.0,2016-03-22
CityShor,Consumer Internet,online lifestyle media recommendation portal,Ahmedabad,GAIN,Seed Funding,20770463.751474757,2016-03-22
Endless Robotics,Technology,Interior Painting Automation,Hyderabad,"Devidas Desai, Vipul Gautam, Singapore Angel Network",Seed Funding,100000.0,2016-03-23
SP Robotics,Technology,Robotic Classes for Students,Chennai,Indian Angel Network,Seed Funding,300000.0,2016-03-23
StalkBuyLove,E-commerce,Fashion eTailer,Delhi,"500 Startups, Littlerock, Singularity Ventures",Seed Funding,1000000.0,2016-03-23
eKincare,Consumer Internet,Healthcare related solutions,Hyderabad,"BitChemy Ventures, Maheshwari Investments Pvt Ltd, Anshoo Gaur, Rama Krishna Reddy, Sandeep Seerapu",Private Equity,330000.0,2016-03-23
HashLearn,Consumer Internet,Mobile based private tutoring services,Unknown,"Bhavish Aggarwal, Binny Bansal, Rajan Anandan, Mekin Maheshwar, Sunil Kalra, Anupam Mittal, Krishna Mehra, Singapore Angel Network",Seed Funding,20770463.751474757,2016-03-23
Wheelstreet,Consumer Internet,Online Bike Rental platform,Bengaluru,Broadbean Capital services,Private Equity,500000.0,2016-03-23
Horntell,Consumer Internet,Unified Push Notification service,Gurugram,"Bharanidharan Viswanathan, Sanjiv Mittal, Shobhit Shukla, Rahul Agarwal",Seed Funding,150000.0,2016-03-24
Schoolkart,E-commerce,Online Marketplace for Schools,Noida,Undisclosed Investors,Seed Funding,300000.0,2016-03-28
HealthEminds,Consumer Internet,Online mental healthcare,Bengaluru,Robin Utthappa,Seed Funding,20770463.751474757,2016-03-29
Babygogo,Consumer Internet,Child healthcare experts aggregator mobile app,Delhi,"Rajul Garg, Daljit Singh, Aditya Vij, Kishore Kumar, Shuchin Bajaj",Seed Funding,300000.0,2016-03-29
Veritas Finance,Finance,Asset Based Lending platform,Chennai,Sarva Capital,Private Equity,4700000.0,2016-03-29
QikShip,Consumer Internet,Mobile based Logistics provider,Delhi,Undisclosed Investors,Seed Funding,200000.0,2016-03-29
FixNix,Consumer Internet,GRC SAAS Platform,Chennai,Jay Vijayan,Seed Funding,500000.0,2016-03-29
True Balance,Technology,Mobile Balance Check App,Gurugram,SoftBank Ventures Korea,Private Equity,19000000.0,2016-03-30
TouchKin,Healthcare,Predictive Healthcare platform,Bengaluru,"Alok Mittal, Amit Gupta, Anuj Srivastava, Himanshu Aggarwal, Raghunandan G, Puneet Agarwal",Seed Funding,400000.0,2016-03-30
SwitchMe,Consumer Internet,Home Loan Rate comparison platform,Mumbai,"Mohandas Pai, Hiro Mashita, Singapore Angel Network, 500 Startups, Rajan Anandan, Ajay Sarupria",Seed Funding,20770463.751474757,2016-03-31
Transcell,Healthcare,Family Stem Cell Banking Services,Hyderabad,Indian Angel Network,Seed Funding,20770463.751474757,2016-03-31
Blue Tokai Coffee,E-commerce,Specialty Coffee Etailer,Delhi,Snow Leopard Technology Ventures,Seed Funding,20770463.751474757,2016-01-02
Altizone,Technology,IoT & M2M Solutions,Pune,"Wipro Ventures, Lumis Partners",Private Equity,4000000.0,2016-02-02
Oust App,Consumer Internet,Competitive Exam Preparation Platform,Bengaluru,"T V Mohandas Pai, Aarin Capital",Seed Funding,20770463.751474757,2016-02-02
Strike,Consumer Internet,Mobile Email productivity tool,Bengaluru,Multiple investors through Ten Minute Million competition,Seed Funding,22500.0,2016-02-02
MaaxMarket,Consumer Internet,Marketing Automation platform,Unknown,Multiple investors through Ten Minute Million competition,Seed Funding,22500.0,2016-02-02
Gamooz,Technology,Augmented Reality Solutions,Gurugram,Multiple investors through Ten Minute Million competition,Seed Funding,22500.0,2016-02-02
SoundSurround,Technology,Audio Technology Solutions,Mumbai,Multiple investors through Ten Minute Million competition,Seed Funding,22500.0,2016-02-02
Mazkara,Consumer Internet,Beauty & Wellness Platform,Pune / Dubai,Dunamis Ventures Pte Ltd.,Seed Funding,1000000.0,2016-03-02
RoadGods,E-commerce,Auto Spare Parts eTailer,Delhi,Green House Ventures (GHV),Seed Funding,100000.0,2016-03-02
Pindropmusic,Consumer Internet,Music Discovery Mobile App,Noida,Green House Ventures (GHV),Seed Funding,100000.0,2016-03-02
Woodpie,Consumer Internet,Book Recommendation Service,Bengaluru,Ingram Content Group,Seed Funding,30000.0,2016-03-02
Perfumery,E-commerce,Fragrances & Perfume eTailer,Delhi,Oranda Global & Others,Seed Funding,30000.0,2016-04-02
Magic Crate,Education,Children Education Platform,Bengaluru,"TV Mohandas Pai, Aarin Capital",Seed Funding,20770463.751474757,2016-05-02
ZenDrive,Technology,Safe Driving Data & Analytics platform,Bangalore / SFO,"Sherpa Capital, Nyca Partners and Thomvest Ventures",Private Equity,13500000.0,2016-05-02
Smartcooky,E-commerce,Marketplace for Health Foods,Delhi,Vandana Luthra,Private Equity,20770463.751474757,2016-05-02
Turtlemint,Consumer Internet,online personalized insurance platform,Mumbai,Nexus Venture Partners,Private Equity,20770463.751474757,2016-05-02
Bhive,Real Estate,Workspace Rentals,Bengaluru,"Raghunandan G, Venturesity, Arihant Patni",Seed Funding,20770463.751474757,2016-05-02
Gingercrush,E-commerce,Personalized Products & Merchandize eTailer,Vadodara,"Saha Fund, TV Mohandas Pai, Zia Mody, Mumbai Angels, Ananda Kallugadde, Rakesh Desai, Rakesh Malhotra",Private Equity,1000000.0,2016-05-02
American Vision,Consumer Internet,Optical Store Aggregator Platform,Pune,Undisclosed Investors,Seed Funding,81000.0,2016-05-02
DawaiLelo,Consumer Internet,Healthcare Services & Online Pharmacy Mobile App,Varanasi,Undisclosed Investors,Seed Funding,52000.0,2016-05-02
Heads Up For Tails,E-commerce,Pet Products eTailer,Delhi,Undisclosed Investors,Seed Funding,1000000.0,2016-06-02
LiveNutriFit,Healthcare,Weight loss & Healthcare Info portal,Delhi,"Mohit Goel, Vinod Jain & Others",Seed Funding,20770463.751474757,2016-06-02
Moglix,E-commerce,Industrial & Home Products Marketplace,Delhi,Ratan Tata,Private Equity,25400000.0,2016-08-02
iStyleYou,Consumer Internet,Personal Fashion Stylist App,Gurugram,Green House Ventures (GHV),Seed Funding,100000.0,2016-08-02
AdUrCup,Consumer Internet,Ad Network,Delhi,Green House Ventures (GHV),Seed Funding,100000.0,2016-08-02
Weddingz,Consumer Internet,online marketplace for wedding venues and vendors,Mumbai,Sixth Sense Ventures,Private Equity,20770463.751474757,2016-08-02
Urban Dhobi,Consumer Internet,On Demand Laundry Services,Jaipur,"Vinod Bansal, Sanjeev Singhal",Seed Funding,20770463.751474757,2016-08-02
Gray Routes,Consumer Internet,Last mile logistics solutions,Mumbai,"Mahesh Parasuraman, Rahul Gautam & Others",Seed Funding,20770463.751474757,2016-08-02
Xpressbees,E-commerce,ECommerce Logistics solutions,Pune,"SAIF Partners, IDG Ventures India, Vertex Ventures, Valiant Capital",Private Equity,12500000.0,2016-08-02
Invictus Oncology,Healthcare,Cancer therapeutic Info & Solutions,Delhi,Ratan Tata,Private Equity,20770463.751474757,2016-08-02
Hansel.io,Technology,Mobile App Tech Solutions,Bengaluru,"Endiya Partners, Mekin Maheshwari, Rajesh Sawhney",Seed Funding,1350000.0,2016-08-02
Inc42,Consumer Internet,Startup Focused Media News Portal,Delhi,"India Ventures, Aarin Capital & Others",Seed Funding,20770463.751474757,2016-09-02
GOQii,Technology,Personalized fitness coaching & Fitness band,Mumbai,Edelweiss Financial Services,Private Equity,450000000.0,2016-09-02
Capzest,Consumer Internet,Digital Lending Platform,Mumbai,Lion Ventures,Seed Funding,200000.0,2016-10-02
GlamStudios,Consumer Internet,Online Salon Aggregator,Noida,Aqeel Ahmed,Seed Funding,20770463.751474757,2016-10-02
Affimity,Consumer Internet,Social Networking platform,Bengaluru,Undisclosed Investors,Seed Funding,1200000.0,2016-10-02
Anandakanda,Technology,Medicine Intake Reminder System,Pune,Undisclosed Investors,Seed Funding,150000.0,2016-10-02
JoulestoWatts,Technology,IT services & Talent collaboration services startup,Bengaluru,Manipal Global Education Services,Seed Funding,20770463.751474757,2016-10-02
ShopKirana,Consumer Internet,Retailer Supply Chain platform,Indore,"Atul Jain, Anil Gelra, Jaikumar Nair",Seed Funding,20770463.751474757,2016-10-02
Stylofie,Consumer Internet,Online Beauty Parlour search & discovery Platform,Gurugram,Jaideep Mehta,Seed Funding,250000.0,2016-10-02
OyBob,E-commerce,Hyperlocal Products & Services marketplace,Gurugram,Sachin Dalal,Seed Funding,20770463.751474757,2016-10-02
ActOnMagic,Technology,Cloud Analytics and Management Products,Bengaluru,Jayabalan Subramanian,Seed Funding,125000.0,2016-12-02
Bonhomia,Food & Beverage,premium Tea and Coffee,Delhi,"Alok Rawat, Grey Orange Robotics",Seed Funding,1000000.0,2016-12-02
iGrenEnergi,Technology,Solar Power Solutions,Mumbai,Sunil Mehta,Seed Funding,1000000.0,2016-12-02
Rksv,Consumer Internet,Online Stock Trading Platform,Mumbai,Kalaari Capital,Private Equity,4000000.0,2016-12-02
Aasaanjobs,Consumer Internet,Online Recruitment Marketplace,Mumbai,"Aspada Advisors, IDG Ventures, Inventus Capital",Private Equity,5000000.0,2016-02-15
Snapdeal,E-commerce,Horizontal Online Marketplace,Delhi,Ontario Teachers' Pension Plan & Others,Private Equity,200000000.0,2016-02-15
Jugnoo,Consumer Internet,Transportation & On-demand delivery aggregator,Chandigarh,Saumya Tandon,Private Equity,6500000.0,2016-02-15
SnapBizz,Technology,Connectivity platform for local grocery stores,Bengaluru,Ratan Tata,Private Equity,20770463.751474757,2016-02-15
GoYaNo,Consumer Internet,Events & Restaurant Discovery Marketplace App,Gurugram,Mukesh Kumar Gupta,Seed Funding,50000.0,2016-02-15
RentSher,Consumer Internet,Online Household Product Rental platform,Bengaluru,"Vaibhav Doshi, Abhay Singhal, Vibhu Garg, Joby Babu, Abhishek Acharya, Manish Shah",Seed Funding,300000.0,2016-02-15
Buddy,Finance,Micro Lending Platform for eCommerce purchases,Bengaluru,"Blume Ventures, Tracxn Labs",Seed Funding,500000.0,2016-02-15
Legistify,Consumer Internet,Online Legal services platform,Delhi,Ranjit Singh,Seed Funding,20770463.751474757,2016-02-15
TableHero,Consumer Internet,Dynamic Restaurant Website creator,Bengaluru,"GrowX Ventures, Kunal Shah, Sandeep Tandon, Haresh Chawla, Powai Lake Ventures, Globevestor",Seed Funding,1000000.0,2016-02-16
BetterPlace,Technology,Data analytics based Verification services Platform,Bengaluru,Unitus Seed Fund,Seed Funding,970000.0,2016-02-16
SaleBhai,E-commerce,"Sweets, Eatables, Handicrafts Online Marketplace",Ahmedabad,"Virendra Shekhawat, Deepak Chokhani, Yogesh Patel & Others",Seed Funding,20770463.751474757,2016-02-16
ICustomMadeIt,E-commerce,Professional Custom creators Marketplace,Pune,"Brand Capital, Siddhivinayak Skyscrapers, Dinesh R. Challa",Private Equity,4000000.0,2016-02-16
Tring,Consumer Internet,Instant Messaging App,Pune,Vishwadeep Bajaj & Others,Seed Funding,20770463.751474757,2016-02-16
Medinfi,Consumer Internet,Doctor & Clinics Discovery platform,Bengaluru,"Rajnish Sinha, Prijit Debnath, Kanchan Ghoshal",Seed Funding,156000.0,2016-02-16
Timemytask,Consumer Internet,On-Demand home cleaning services,Mumbai,Lead Angels,Seed Funding,20770463.751474757,2016-02-17
GameZop,Technology,Mobile Gaming Platform,Delhi,"KWAN Entertainment & Marketing Solutions, Powerhouse Ventures & Others",Seed Funding,350000.0,2016-02-17
Notary Mama,Consumer Internet,On-demand Legal documentation and registration service,Bengaluru,"Dr Nandish Domlur, Amit Sandill",Seed Funding,20770463.751474757,2016-02-17
The Viral Fever,Consumer Internet,Independent Online Video production company,Mumbai,Tiger Global,Private Equity,10000000.0,2016-02-17
Avanti Learning,Education,Private Coaching Classes,Delhi,Michael & Susan Dell Foundation,Private Equity,5000000.0,2016-02-17
Bollant Industries,Technology,Eco-friendly consumer & packaging products,Hyderabad,Ratan Tata,Private Equity,20770463.751474757,2016-02-17
GetVee,Consumer Internet,Matrimony & Couples only mobile platform,Delhi,"Lightspeed Venture Partners, K Ganesh",Private Equity,20770463.751474757,2016-02-18
HealthKumbh,Consumer Internet,Health related Information portal,Ahmedabad,Undisclosed Investors,Seed Funding,73000.0,2016-02-18
Unlaze,Consumer Internet,Social Networking app for outdoor interests,Gurugram,"Sujal Shah, Dino Morea",Seed Funding,20770463.751474757,2016-02-18
Tracxn,Technology,Indian Startup ecosystem trends analyzer & funding platform,Bengaluru,"Nandan Nilekani, Mohandas Pai, Neeraj Arora, Anand Rajaraman, Girish Mathrubootham, Aneesh Reddy & Teruhide Sato",Private Equity,6750000.0,2016-02-18
Careongo,E-commerce,Online Pharmacy store,Delhi,Farooq Oomerbhoy & Other angel investors,Seed Funding,300000.0,2016-02-18
Ark Robot,Technology,Warehouse Automation,Bengaluru,Qualcomm (Through QPrize Contest),Seed Funding,350000.0,2016-02-18
Jaypore,E-commerce,Ethnic Products marketplace,Delhi,Aavishkaar,Private Equity,5000000.0,2016-02-19
Finance Buddha,Consumer Internet,Online Loan Comparison & Discovery platform,Bengaluru,Chennai Angels,Seed Funding,20770463.751474757,2016-02-19
AlmaConnect,Consumer Internet,Alumni social network,Delhi,"Mohandas Pai, Varun Aggarwal",Seed Funding,20770463.751474757,2016-02-19
Advantage Club,Consumer Internet,mobile platform for corporate employee benefits,Gurugram,Purvi Ventures & Others,Seed Funding,400000.0,2016-02-19
LocalRamu,Consumer Internet,mobile based aggregator for local service providers,Bengaluru,Undisclosed Investors,Seed Funding,20770463.751474757,2016-02-19
Baby Berry,Consumer Internet,Parenting Mobile app,Bengaluru,Undisclosed Investors,Seed Funding,1000000.0,2016-02-22
Magicpin,Consumer Internet,Hyperlocal Discover Mobile App,Delhi,Lightspeed India,Private Equity,3000000.0,2016-02-22
First Eat,Consumer Internet,Healthy Food Delivery platform,Delhi,Undisclosed Investors,Seed Funding,100000.0,2016-02-22
SigTuple,Technology,Healthcare based Tech Solutions,Bengaluru,"Sachin Bansal, Binny Bansal, Accel Partners & Others",Seed Funding,20770463.751474757,2016-02-22
Taskbob,Consumer Internet,Hyperlocal Handyman services platform,Mumbai,"IvyCap Ventures, Orios Venture Partners, Mayfield India",Private Equity,4500000.0,2016-02-22
StyleDotMe,Consumer Internet,Mobile Fashion App,Delhi,Indian Angel Network,Seed Funding,37000.0,2016-02-22
NewsLaundry,Consumer Internet,Independent News Media Portal,Delhi,"Omidyar Network, Vikram Lal, Abhijit Bhandari, Mahesh Murthy, Shashank Bhagat",Private Equity,20770463.751474757,2016-02-22
CupoNation,Consumer Internet,Deals and Discount platform,Gurugram,"Rocket Internet AG, Holtzbrink Ventures, New Enterprise Associates (NEA), e.ventures, ru-Net, Deutsche Telekom Strategic Investments (DTSI), Silicon Valley Bank",Private Equity,11000000.0,2016-02-23
Aarav UAV,Technology,unmanned aerial vehicles creator,Kanpur,"StartupXseed Ventures, The Phoenix Fund and others",Seed Funding,20770463.751474757,2016-02-23
Sayfix,Consumer Internet,Hyperlocal Home Services Provider,Bengaluru,Yajnanarayana Kammaje,Seed Funding,160000.0,2016-02-24
LoanZen,Consumer Internet,Peer to peer Lending marketplace,Bengaluru,Tracxn Syndicate,Seed Funding,20770463.751474757,2016-02-24
NoBroker,Consumer Internet,Peer to peer property listing platform,Bengaluru,"Beenext, Digital Garage, Beenos, Qualgro, Mamoru Taniya, SAIF Partners",Private Equity,10000000.0,2016-02-24
AppilyEver,Consumer Internet,Online wedding services marketplace,Hyderabad,"Varun Aggarwal, Suresh Venkat, Raj Y",Seed Funding,400000.0,2016-02-24
Pocketin,Consumer Internet,Hotel reservations & Deal platform,Noida,Swastika Company Ltd,Seed Funding,150000.0,2016-02-24
FeetApart,Consumer Internet,Employee engagements & Rewards platform,Bengaluru,Vishal Bali & Others,Seed Funding,20770463.751474757,2016-02-24
OfBusiness,E-commerce,B2B commerce Marketplace,Gurugram,Matrix Partners India,Private Equity,5000000.0,2016-02-25
CarveNiche,Consumer Internet,Personalized Learning Solutions & products,Bengaluru,"Calcutta Angels, Lead Angels & Others",Seed Funding,20770463.751474757,2016-02-25
Juspay,Consumer Internet,Digital Payments solutions,Bengaluru,"Accel Partners, Ashish Hemrajani, Parikshit Dar, Rajesh Balpande",Private Equity,5800000.0,2016-02-25
Funcart,E-commerce,Party Supplies Etailer,Delhi,Undisclosed Investors,Seed Funding,70000.0,2016-02-25
Freedom Smart Labs,Technology,IoT retail solutions,Delhi,Kapil Goel,Seed Funding,145000.0,2016-02-26
EduBridge,Consumer Internet,Skill development and vocational training platform,Mumbai,"Insitor Impact Asia Fund, Acumen Fund",Private Equity,2500000.0,2016-02-26
NestAway,Consumer Internet,Online Home Rental Marketplace,Bengaluru,Ratan Tata,Private Equity,12750000.0,2016-02-29
Hopscotch,E-commerce,Baby & Kids Products Online Flash sales platform,Mumbai,Eduardo Saverin,Private Equity,13000000.0,2016-02-29
PinClick,Consumer Internet,Online real estate listings,Bengaluru,Undisclosed Investors,Private Equity,20770463.751474757,2016-02-29
Smartcooky,E-commerce,Health Food / Personal Care Marketplace,Delhi,"Rajan Anandan, Pramod Bhasin, Siddharth Pai, TV Mohandas Pai, Manvinder Singh Banga",Seed Funding,20770463.751474757,2016-01-01
Helpi,Consumer Internet,On Demand Cleaning Services Mobile App,Mumbai,Undisclosed Investors,Seed Funding,20770463.751474757,2016-01-01
DogSpot,E-commerce,Online Pet Store,Gurugram,Ratan Tata,Seed Funding,20770463.751474757,2016-04-01
Career360,Education,College Education Portal,Delhi,MeritTrac,Private Equity,20770463.751474757,2016-04-01
B9 Beverages,Food & Beverage,Craft Beer manufacturing company,Delhi,"Sequoia Capital, Kunal Bahl, Rohit Bansal, Deepinder Goyal, Ashish Dhawan, Mayank Singhal",Private Equity,6000000.0,2016-04-01
WIMWI Foods,Food & Beverage,Healthy food manufacturing & sales startup,Ahmedabad,Centre for Innovation Incubation and Entrepreneurship (CIIE),Seed Funding,20770463.751474757,2016-05-01
MyChild App,Education,Child Disorder Information & Education,Bhopal,"Samir Bangara, Anisha Mittal, Amit Gupta, Pallav Nadhani, Lalit Mangal, Arihant Patni, Dr. Ritesh Malik, Deobrat Singh, Saurab Paruthi, Singapore Angel Network.",Seed Funding,100000.0,2016-05-01
Instaproc,E-commerce,B2B Procurement Marketplace for Office Products,Noida,Dinesh Agarwal,Seed Funding,20770463.751474757,2016-05-01
360Ride,Consumer Internet,Ride Sharing platform,Bengaluru,Undisclosed Investors,Seed Funding,150000.0,2016-05-01
Alef Mobitech,Consumer Internet,Cloud Mobility Solutions,Mumbai,Tata Capital Innovation Fund,Private Equity,5000000.0,2016-05-01
Tracxn,BFSI,Startup Funding Deal Discovery & Execution platform,Bengaluru,Ratan Tata,Seed Funding,6750000.0,2016-06-01
Qdesq,Real Estate,Branded Workspaces Aggregator,Gurugram,"Dheeraj Jain, Jagdish Kumar, Bharat Gupta, Ankush Saigal, Praveen Saini",Seed Funding,20770463.751474757,2016-06-01
Sensara,Technology,"TV Search, Guide and Remote mobile app",Bengaluru,"Lalitesh Katragadda, Ganayantrika Systems",Seed Funding,750000.0,2016-06-01
Zebpay,Consumer Internet,Bitcoin Buying & Selling Mobile App,Ahmedabad,"Arjun Handa, Amit Jindal, Nagendra Chaudhary",Private Equity,1000000.0,2016-06-01
PlanMy MedicalTrip,Healthcare,Medical Tourism platform,Pune,"Bhanu Vikram Parsotam, Rohan Desai and Paras Patel",Seed Funding,150000.0,2016-06-01
MyCity4Kids,Education,Children Education & Information platform,Gurugram,"SIDBI Venture Capital Limited, YourNest Angel Fund",Private Equity,3000000.0,2016-06-01
Justdakhila,Education,School Student admissions platform,Delhi,Ankur Gupta,Seed Funding,750000.0,2016-06-01
PitStop,Consumer Internet,Automobile Service Booking App,Bengaluru,Myntra/LivSpace Founders,Seed Funding,20770463.751474757,2016-07-01
Bikxie,Consumer Internet,Two Wheeler Taxi Service,Gurugram,Undisclosed Investors,Seed Funding,20770463.751474757,2016-07-01
Infurnia,Consumer Internet,Online Furniture Customization platform,Bengaluru,Idein Ventures,Seed Funding,160000.0,2016-07-01
Myly,Education,Mobile Based Education platform,Jaipur,Newbie Promoter Pvt Ltd,Seed Funding,100000.0,2016-07-01
MakeMyTrip,Consumer Internet,Online Travel/Hotel Booking platform,Gurugram,Ctrip.com International Ltd,Private Equity,180000000.0,2016-07-01
Melorra,E-commerce,Online/ Mobile Jewellery Retailer,Bengaluru,Lightbox Ventures,Private Equity,5000000.0,2016-08-01
ConfirmTKT,Consumer Internet,Train PNR Status Prediction Platform,Bengaluru,"Krishna Jhujhunwala, Dr. Apoorv Ranjan Sharma, Anirudh Damani, Anand Ladsariya, Sanjay Mehta & Others",Seed Funding,250000.0,2016-08-01
Gyaanzone,Education,Career Planning and Education Advisory Platform,Mumbai,GBIM Technologies Pvt Ltd,Seed Funding,45000.0,2016-08-01
FlatFurnish,Consumer Internet,Online Furnishing Rental Platform,Gurugram,Arun Chandra Mohan,Seed Funding,20770463.751474757,2016-08-01
Lumiere,E-commerce,Organic Food eTailer,Bengaluru,Undisclosed Investors,Private Equity,20770463.751474757,2016-09-01
Koovs,E-commerce,Online Fashion Apparel Retailer,Gurugram,"Nahata Family, Waheed Alli",Private Equity,5400000.0,2016-11-01
Wishup,Consumer Internet,Mobile app based Concierge Service,Delhi,"500 Startups, Mato Peric, TracxnLabs",Seed Funding,20770463.751474757,2016-11-01
FreshMenu,Consumer Internet,Online / Mobile Food Ordering platform,Bengaluru,"Zodius Capital, Lightspeed Venture Partners",Private Equity,16500000.0,2016-11-01
SavvyMob,E-commerce,Last Minute Hotel Bookings mobile marketplace,Bengaluru,"TV Mohandas Pai, LetsVenture",Seed Funding,1000000.0,2016-11-01
Fashionablyin,Consumer Internet,Mobile based Geo-target Fashion Marketplace,Mumbai,Ranjan Mahtani,Seed Funding,20770463.751474757,2016-11-01
ShopClues,E-commerce,ECommerce Marketplace,Gurugram,"GIC, Tiger Global Management, Nexus Venture Partners",Private Equity,100000000.0,2016-12-01
Hike Messenger,Consumer Internet,P2P Messaging Service,Delhi,"Matt Mullenweg, Adam D'Angelo, Aditya Agarwal, Ruchi Sanghvi & Others",Private Equity,20770463.751474757,2016-12-01
iBus Networks,Technology,Next Generation in-building connectivity,Bengaluru,"Vallabh Bhanshali, N Squared Management LLC, Jagdish & Sandeep Mehta Family Office",Private Equity,2300000.0,2016-12-01
Happy2Refer,Consumer Internet,Mobile based Referral Platform,Mumbai,"Equity Crest, Vinners, Sparknext",Seed Funding,250000.0,2016-12-01
CarTrade,Consumer Internet,Auto Classifieds Portal,Mumbai,"Temasek Holdings, March Capital, Warburg Pincus",Private Equity,145000000.0,2016-01-13
Rentomo,Consumer Internet,peer-to-peer renting Marketplace,Bengaluru,Shiva Ashok & Other unnamed investors,Seed Funding,100000.0,2016-01-13
Roder,Consumer Internet,inter-city cab aggregator,Delhi,Unicorn India Ventures,Seed Funding,240000.0,2016-01-13
Bucker,Consumer Internet,Food Ordering Mobile App,Hyderabad,"50k Ventures, Munish Jauhar, Pulkit Jain, Rohit Narang",Seed Funding,20770463.751474757,2016-01-13
Care24,Healthcare,Professional Health Services Platform,Mumbai,"SAIF Partners, India Quotient",Private Equity,4000000.0,2016-01-13
Obino,Healthcare,Weigh Loss Coaching,Mumbai,RoundGlass Partners,Private Equity,20770463.751474757,2016-01-13
Snapshopr,Consumer Internet,Visual Search & Image Recognition Platform,Bengaluru,Amod Malviya,Seed Funding,20770463.751474757,2016-01-14
Buildkar,E-commerce,Construction Material Marketplace,Bengaluru,"Mustafa Wajid, Umang Kumar & Others",Seed Funding,20770463.751474757,2016-01-14
Orahi,Consumer Internet,Carpooling Mobile App,Gurugram,Indian Angel Network,Seed Funding,520000.0,2016-01-14
Zapr,Technology,TV to Mobile audience Platform,Gurugram,"Flipkart, Saavn, Micromax, Dhiraj Rajaram, Ambiga Dhiraj, Dinesh Agarwal, Samir Bangara, Sanjay Nath, Arihant Patni",Seed Funding,10000000.0,2016-01-14
Remidio,Healthcare,Healthcare Product Manufacturer,Bengaluru,Cipher-Plexus Capital Advisors & Indian HNIs,Private Equity,20770463.751474757,2016-01-15
Fitso,Consumer Internet,Fitness related Social Networking App & Forum,Gurugram,"Varun Khurana, Samar Singla, Vinay Bansal",Seed Funding,200000.0,2016-01-15
Evibe,Consumer Internet,Party Hall Booking platform,Bengaluru,"Hyderabad Angels, Lalit Mangal, Vikas Malpani, Gaurav Bhalotia, LV Prasad",Seed Funding,20770463.751474757,2016-01-15
Zoctr,Consumer Internet,healthcare aggregator platform,Mumbai,Times Group,Seed Funding,1000000.0,2016-01-15
Jobick,Consumer Internet,Mobile app based Job Search,Noida,Abhinav Mathur,Seed Funding,20770463.751474757,2016-01-15
Plick,Consumer Internet,Instant Content Transfer Mobile App,Mumbai,Sanjay Mehta,Seed Funding,20770463.751474757,2016-01-16
Voice Friends,Consumer Internet,Dating & Singles Chat Platform,Mumbai,Huzaifa Khorakiwala,Seed Funding,20770463.751474757,2016-01-18
Kartrocket,Consumer Internet,SAAS DIY xc2 xa0 ECommerce Platform,Delhi,"Bertelsmann India Investments, Nirvana Digital India Fund, Nirvana Digital Investment Holding, 500 Startups",Private Equity,6000000.0,2016-01-18
Swiggy,Consumer Internet,Online/Mobile food ordering platform,Bengaluru,"Harmony Partners, RB Investments & existing investors",Private Equity,35000000.0,2016-01-19
TinyStep,Consumer Internet,Parenting Social Network,Bengaluru,Flipkart,Seed Funding,1790000.0,2016-01-19
Cashkaro,Consumer Internet,Coupon & Cashback platform,Gurugram,Ratan Tata,Private Equity,20770463.751474757,2016-01-19
Gameezop,Consumer Internet,Casual Gaming platform,Delhi,Anand Chandrasekaran & Others,Seed Funding,20770463.751474757,2016-01-19
DailyObjects,E-commerce,Mobile Accessories etailer,Delhi,"Unilazer Fund, Phanindra Sama, Peyush Bansal",Private Equity,1400000.0,2016-01-19
Indus OS,Technology,Local language Mobile OS,Mumbai,Omidyar Network,Private Equity,5000000.0,2016-01-19
CollegeDunia,Consumer Internet,Educational College Search platform,Delhi,Umang Kumar,Seed Funding,445000.0,2016-01-19
Villgro,Finance,Social Business Incubator & Fund,Chennai,"Lemelson Foundation, Michael and Susan Dell Foundation",Private Equity,3500000.0,2016-01-19
RedDoorz,Consumer Internet,Budget Accomodation Aggregator,Delhi,500 Startups,Private Equity,20770463.751474757,2016-01-20
IndustryBuying,E-commerce,B2B Industrial Goods Marketplace,Delhi,Trifecta Capital,Private Equity,1800000.0,2016-01-20
Just Buy Live,E-commerce,B2B Marketplace for Distributors,Mumbai,Alpha Capital,Private Equity,20000000.0,2016-01-20
IMbesharam,E-commerce,Adult Products Etailers,New Delhi / US,Undisclosed Investors,Private Equity,4000000.0,2016-01-20
Moodoo,Consumer Internet,Social Meeting organizer App,Mumbai / UK,Sa'd Business School Seed Fund.,Seed Funding,40000.0,2016-01-20
Saral Designs,Healthcare,Women Hygiene Product Manufacturer,Mumbai,"Farooq Adam, Ambi Parameswaran",Seed Funding,20770463.751474757,2016-01-20
FirstCry,E-commerce,Kids Focused eTailer,Pune,Ratan Tata,Private Equity,26000000.0,2016-01-21
Fisdom,Consumer Internet,Personal Finance Mobile App,Bengaluru,Rob Chandra,Seed Funding,500000.0,2016-01-21
Easypolicy,Consumer Internet,Online insurance policy aggregator,Noida,Unilazer Ventures,Private Equity,2200000.0,2016-01-21
Housing,Consumer Internet,Online Real Estate Portal,Mumbai,SoftBank Corp,Private Equity,15000000.0,2016-01-21
Creo,Technology,Smartphone OS Developer,Bengaluru,"Sequoia Capital, Beenext Ventures, India Quotient, Anand Chandrasekaran",Private Equity,3000000.0,2016-01-21
ShabdaNagari,Consumer Internet,Hindi Language Social Networking Portal,Kanpur,Kanpur Angels & Others,Seed Funding,200000.0,2016-01-22
Little,Consumer Internet,Deal Discovery App,Bengaluru,GIC,Private Equity,20770463.751474757,2016-01-22
SnapBizz,E-commerce,Mobile based Retail Market Ecosystem,Bengaluru,"Jungle Ventures, Taurus Value Creation, Konly Venture, Blume Ventures",Private Equity,7200000.0,2016-01-22
Qlivery,Consumer Internet,on-demand concierge services,Gurugram,Chandigarh Angels Funding,Seed Funding,230000.0,2016-01-22
PlexusMD,Consumer Internet,Social Network for Healthcare Professionals,Ahmedabad,"Arihant Patni, Avnish Mehra, Pranay Adhvaryu, Ravi Sampat",Seed Funding,20770463.751474757,2016-01-22
Silvan,Technology,Home Automation & Security Solutions,Bengaluru,The Chennai Angels,Seed Funding,515000.0,2016-01-22
Eps,Technology,Electronic Payments Solution Company,Mumbai,APIS Partners,Private Equity,35000000.0,2016-01-22
Qubole,Technology,Enterprise Cloud Based Data Processing,Bengaluru,"Institutional Venture Partners, Norwest Venture Partners, Lightspeed Venture Partners, CRV",Private Equity,30000000.0,2016-01-22
Gajty,Healthcare,Salons & Spa Chain,Gurugram,Purvi Ventures,Seed Funding,20770463.751474757,2016-01-22
SIFTR Labs,Consumer Internet,Photography curation & Aggregator platform,Mumbai,Venture Catalysts,Seed Funding,150000.0,2016-01-25
Power2SME,Consumer Internet,SME Online Buying Hub,Gurugram,"Nandan Nilekani, Accel Partners, Kalaari Capital and Inventus Capital",Private Equity,21000000.0,2016-01-25
SkyCandle,E-commerce,Home D xc3 xa9cor Product etailer,Delhi,GPA group,Private Equity,20770463.751474757,2016-01-25
TeaBox,E-commerce,Specialty Tea ETailer,Siliguri,Ratan Tata,Private Equity,20770463.751474757,2016-01-27
Buildzar,E-commerce,Construction Material ETailer,Gurugram,Puneet Dalmia,Private Equity,4000000.0,2016-01-27
Applicate,Technology,"Sales, Market, Distribution & Data Analytics Platform",Bengaluru,Undisclosed Investors,Seed Funding,1000000.0,2016-01-27
WhatsOnRent,E-commerce,Online Rental Marketplace,Bengaluru,Lalit Mangal & Others,Seed Funding,20770463.751474757,2016-01-27
Zebi,Technology,Data Intelligence & Analytics,Hyderabad,Un disclosed investors,Seed Funding,1000000.0,2016-01-28
Truce,FMCG,Vegetables & Fruits Supply Chain,Mumbai,"Anupam Mittal, Amit Gupta, Utsav Somani, Neeraj Goenka, Farooq Adam Mukadam",Seed Funding,370000.0,2016-01-28
JustDoc,Consumer Internet,Medical Video Consultation platform,Bengaluru,"TV Mohandas Pai, Mohit Saxena, Raghunandan G, Singapore Angel Network, TracxnLabs",Seed Funding,20770463.751474757,2016-01-28
Myeglu,Technology,Connected Smart Home Solutions,Bengaluru,Foxconn Technology Group & Others,Seed Funding,20770463.751474757,2016-01-28
BitGiving,Consumer Internet,Crowd Funding Platform,Delhi,"Harminder Sahni, Krishna Mehra, Sanjay Bakshi",Seed Funding,20770463.751474757,2016-01-29
Qriyo,Consumer Internet,Online Fitness & Educational information Aggregator,Jodhpur,Idein Ventures,Seed Funding,160000.0,2016-01-29
N.o.w,Consumer Internet,Rental Bike Aggregator App,Noida,Maple Capital Advisors,Seed Funding,500000.0,2016-01-29
Aisle,Consumer Internet,Indians focused Matchmaking App,Bengaluru,"TermSheet, ah! Ventures",Seed Funding,185000.0,2016-01-29
FreshMenu,Consumer Internet,Fresh Food Delivery platform,Bengaluru,"Zodius Technology Fund, Lightspeed Venture Partners",Private Equity,17000000.0,2016-01-29
Truebil,E-commerce,Online marketplace for cars,Mumbai,"Kalaari Capital, Inventus Capital, Tekton Ventures, Kae Capital",Private Equity,5150000.0,2016-01-29
Rare Media,Technology,Mobile & Cloud based App developer,Delhi,Info Edge (India) Ltd,Private Equity,1100000.0,2016-01-29
TinMen,Consumer Internet,Food Delivery Platform,Hyderabad,Lead Angel Network,Seed Funding,20770463.751474757,2016-01-29
CodingLabs,Technology,Coding Skill Showcase & Resume Builder,Hyderabad,Vineet Nalla,Seed Funding,20770463.751474757,2016-01-29
FindUrClass,Consumer Internet,Hobby & Activity Class Aggregator,Mumbai,"Amit Patni, Anirudh Damani, Samir Shah",Seed Funding,20770463.751474757,2016-01-30
DesignBids,Consumer Internet,Interior Design Marketplace,Delhi,Indian Angel Network,Seed Funding,20770463.751474757,2016-01-30
CollegeDekho,Online Education Information platform,Unknown,Jaipur,GirnarSoft,Seed Funding,1000000.0,2015-01-12
Black White Orange Brands,Brand Licensing Startup,Unknown,Mumbai,YouWeCan Ventures,Seed Funding,20770463.751474757,2015-01-12
Biteclub,Gourmet Food Discovery & Delivery platform,Unknown,Gurugram,growX ventures,Private Equity,20770463.751474757,2015-01-12
Patel Logistics,Transportation & Logistics Platform,Unknown,Mumbai,Frontline Strategy,Private Equity,5600000.0,2015-01-12
Wigzo,Enterprise Marketing Automation platform,Unknown,Delhi,"Aarin Capital Partners, TV Mohandas Pai",Seed Funding,500000.0,2015-01-12
Zapluk,"Health, Wellness & Beauty Services App",Unknown,Hyderabad,Unknown,Seed Funding,20770463.751474757,2015-01-12
Godof Hospitals,Digital Healthcare,Unknown,Delhi,Pankaj Gupta,Seed Funding,2000000.0,2015-01-12
RoomsTonite,Last Minute Hotel Booking App,Unknown,Bengaluru,"Lashit Sanghvi, Nikhil Vora, Venkat Vardhan, Mohammed Bin Abdul Rehman Al Khalifa, Ralph Berezan, Vissal Mathew, Balamurali Krishna",Seed Funding,1500000.0,2015-02-12
KAARYAH,Womens Fashion Wear Portal,Unknown,Delhi,"The Saha Fund, TV Mohandas Pai",Private Equity,20770463.751474757,2015-02-12
Anakage,Product Learning platform,Unknown,Bengaluru,CIO Angel Network (CAN),Seed Funding,20770463.751474757,2015-03-12
EasyKhaana,Online Food ordering & Delivery platform,Unknown,Delhi,Undisclosed Investors,Seed Funding,100000.0,2015-03-12
Shuttl,App based Bus Pooling Services,Unknown,Gurugram,"Sequoia Capital, Times Internet Ltd & One more Fund",Private Equity,20000000.0,2015-03-12
Eckovation,Social Learning Platform,Unknown,Delhi,Chandigarh Angel Network (CAN),Seed Funding,20770463.751474757,2015-03-12
Fitcircle,Social Fitness platform,Unknown,Mumbai,Beerud Sheth and Ravi Mantha,Seed Funding,20770463.751474757,2015-03-12
Applop,On Demand Mobile app developer,Unknown,Kolkata,GHV Accelerator,Seed Funding,100000.0,2015-04-12
CaRPM,Car Maintenance & Management mobile app,Unknown,Gurugram,GHV Accelerator,Seed Funding,100000.0,2015-04-12
NDTV Wedding portal,Online Wedding Marketplace,Unknown,Delhi,CerraCap,Private Equity,20000000.0,2015-04-12
Splitkart,Splitting Bills Mobile App,Unknown,Delhi,"Rajesh Sawhney, Anupam Mittal, Dinesh Agarwal, Gaurav Gupta",Seed Funding,20770463.751474757,2015-04-12
Zenatix,IOT Energy Management Analytics platform,Unknown,Gurugram,Blume Ventures,Private Equity,680500.0,2015-07-12
Customfurnish,Custom Made furniture e-tailer,Unknown,Hyderabad,Agnus Capital,Private Equity,4500000.0,2015-07-12
Faasos,QSR Chain,Unknown,Pune,"ru-Net, Sequoia Capital, Lightbox Ventures",Private Equity,30000000.0,2015-07-12
Vlurn,eLearning platform,Unknown,Mumbai,Vidyadhar Sarfare,Seed Funding,20770463.751474757,2015-07-12
Leaf Wearables,Smart Safety Wearable Devices,Unknown,Delhi,"Ajeet Khurana Jinesh Shah, Vikram Chachra, Dr. Aniruddha Malpani",Seed Funding,250000.0,2015-07-12
Coolshare,Cab Sharing service Mobile app,Unknown,Mumbai,Gopal Aggarwal,Seed Funding,100000.0,2015-07-12
mFicient,Cloud Enterprise Mobility Platform,Unknown,Delhi,Undisclosed Investors,Seed Funding,20770463.751474757,2015-08-12
HeyBiz,Online Shopping Assistant Mobile app,Unknown,Delhi,Shopclues,Seed Funding,20770463.751474757,2015-08-12
Yumist,Home Cooked Food Order & Delivery platform,Unknown,Gurugram,"Unilazer Ventures, Orios Venture Partners, Steven Lurie",Private Equity,2000000.0,2015-08-12
Jigsaw Academy,Online School for Analytics learning,Unknown,Bengaluru,Manipal Global Education Services,Private Equity,3000000.0,2015-09-12
JoeHukum,Chat based personal Assistant App,Unknown,Gurugram,"TracxnLabs, Jitendra Gupta, Prashant Tandon",Seed Funding,20770463.751474757,2015-09-12
VoxWeb,Picture creation & Social mobile app,Unknown,Mumbai,Undisclosed Investors,Seed Funding,350000.0,2015-09-12
Aye Finance,Nonbanking finance company,Unknown,Delhi,"SAIF Partners, Accion",Private Equity,3000000.0,2015-09-12
JumboBasket,eCommerce returns etailer,Unknown,Chandigarh,Chandigarh Angels Network,Seed Funding,20770463.751474757,2015-09-12
BlackBuck,Online Freight Services Aggregator,Unknown,Bengaluru,"Tiger Global Management, Yuri Milner, Apoletto, Accel Partners, Flipkart",Private Equity,25000000.0,2015-10-12
HomeStudio,Online Branded Furniture etailer,Unknown,Bengaluru,Bren Corporation,Private Equity,5000000.0,2015-10-12
PropheSee,Digital Analytics Platform,Unknown,Delhi,"Indian Angel Network, Stanford Angels, Entrepreneurs India",Seed Funding,500000.0,2015-10-12
I2e1,Internet Network Infrastructure Services,Unknown,Delhi,GrowX Ventures,Seed Funding,500000.0,2015-10-12
Holisol Logistics,Supply Chain & Logistics Solutions,Unknown,Delhi,CLSA Capital Partners ARIA IV Funds,Private Equity,10000000.0,2015-10-12
Stay Simple Resorts,Holiday Resort Chain,Unknown,Bengaluru,"Mr. Sudhir & Ms. Shalini Sethi, Mr. Praveen Someshwar",Seed Funding,20770463.751474757,2015-10-12
Paynear,Mobile Point of Sale solutions,Unknown,Hyderabad,Mitesh Majithia,Private Equity,2500000.0,2015-10-12
Chillr,Peer-to-Peer Money Transfer & Recharge App,Unknown,Mumbai,"Sequoia Capital, Blume Ventures, Uniqorn Ventures and other",Private Equity,70000000.0,2015-10-12
EureQa,Test Automation SAAS platform,Unknown,Hyderabad/USA,"Sashi Reddi, Gabriel Investments",Seed Funding,600000.0,2015-11-12
LocalCircles,Citizens Engagement Platform,Unknown,Noida,Anand Mahindra,Private Equity,20770463.751474757,2015-11-12
GetFocus,Indoor Navigation & Analytics Solutions,Unknown,Mumbai,Undisclosed Investors,Seed Funding,20770463.751474757,2015-11-12
UrbanClap,Hyperlocal On-Demand Household Services platform,Unknown,Gurugram,Ratan Tata,Private Equity,12140000.0,2015-11-12
OnlineRTI,Online RTI application services,Unknown,Bengaluru,"LetsVenture, Mohandas Pai",Seed Funding,150000.0,2015-11-12
Powerstores,ECommerce Website Creation SAAS platform,Unknown,Goa,Extreme Venture Partners' William Bissell,Seed Funding,20770463.751474757,2015-11-12
Weddingz,Wedding Venues & Vendors Marketplace,Unknown,Mumbai,"Rajan Anandan, Zoya Akhtar, Reema Kagati, Ruchi Narain, Amrish Kumar, Hrishikesh Parandekar",Seed Funding,1000000.0,2015-11-12
Intelligent Interfaces,Interface development platform for Government officials,Unknown,Bengaluru,"Sachin Bansal, Binny Bansal",Seed Funding,20770463.751474757,2015-11-12
Capricoast,Modular Furnishings Marketplace,Unknown,Bengaluru,"Accel Partners India, RB Investments",Private Equity,3500000.0,2015-12-14
JetSetGo,Private Jet Bookings Marketplace,Unknown,Bengaluru,Puneet Dalmia,Private Equity,20770463.751474757,2015-12-14
Cabsguru,Cab search Comparison & Booking platform,Unknown,Delhi,Prashanth Ranganathan,Seed Funding,200000.0,2015-12-14
Whoop,Performance Optimization Platform for athletes,Unknown,Boston,Infosys,Private Equity,3000000.0,2015-12-14
BookEventz,Event Venue Booking Platform,Unknown,Mumbai,"Mumbai Angels, Singapore Angel Network, Zishaan Hayath",Seed Funding,20770463.751474757,2015-12-15
Deal Street Asia,Digital Media Platform,Unknown,Singapore,"Vijay Shekhar Sharma, Singapore Angels Network",Seed Funding,20770463.751474757,2015-12-15
Streamoid,visual search and discovery platform,Unknown,Bangalore / Palo Alto,Undisclosed Investors,Seed Funding,1000000.0,2015-12-15
Housejoy,Home services marketplace,Unknown,Bengaluru,"Amazon, Vertex Ventures, Qualcomm, Ru-Net Technology Partners, Matrix Partners",Private Equity,22500000.0,2015-12-16
Bluebirch,End to End reverse logistics Solution platform,Unknown,Bengaluru,"Chicago Capital Ventures, Sanjay Mehta, Others",Seed Funding,2000000.0,2015-12-16
MeraDoctor,Virtual Health consultation app,Unknown,Mumbai,Unilazer,Private Equity,1200000.0,2015-12-16
Stage 3,Online Renting platform,Unknown,Delhi,"Nisha Sharma, Puneet Dalmia, Balaji Prabhakar",Seed Funding,20770463.751474757,2015-12-16
Rivigo,Logistics Services Provider,Unknown,Gurugram,SAIF Partners and others,Private Equity,30000000.0,2015-12-17
Springboard,Data Science & UX design Learning platform,Unknown,Bengaluru,"Allen Blue, John Katzman, Naveen Tewari, Kartik Hosanagar, Kashyap Deorah, 500 Startups, Blue Fog Capital",Seed Funding,1700000.0,2015-12-17
Eatfresh,Online marketplace for Chef Meals,Unknown,Bengaluru,Kalaari Capital,Private Equity,20770463.751474757,2015-12-17
Ampere Vehicles,Electric Bike Manufacturers,Unknown,Coimbatore,Kris Gopalakrishnan & Others,Seed Funding,1200000.0,2015-12-18
Focus Digit,ECommerce platform solutions,Unknown,Delhi,Turning Ideas,Seed Funding,20770463.751474757,2015-12-18
The News Minute,Online Media Publication,Unknown,Bengaluru,Quintillion Media,Seed Funding,20770463.751474757,2015-12-18
Cbrex,International Hiring Platform,Unknown,Mumbai / NY,"Prahlad Rao, Sundara Rajan, Vikram Chachra",Seed Funding,200000.0,2015-12-18
TruckMandi,Logistics Service Provider Marketplace,Unknown,Delhi,"Ritesh Dwivedy, Ramakant Sharma, Mount Nathan Advisors",Private Equity,2000000.0,2015-12-21
PepperTap,Hyperlocal Grocery Delivery Service,Unknown,Gurugram,Innoven Capital,Private Equity,4000000.0,2015-12-21
KOOH Sports,Sports Education Platform,Unknown,Mumbai,"TCS, HDFC, Faering Capital, Elevate Sports",Private Equity,2000000.0,2015-12-21
RentOnGo,"Bike, Appliances Renting marketplace",Unknown,Bengaluru,"Anand Chandrasekaran, Rajesh Sawhney, Kalpana Tatavarti, Shivanandan Pare",Seed Funding,234000.0,2015-12-22
IndustryBuying,Online Marketplace for Industrial Goods,Unknown,Delhi,"Murugappa Group, TVS Group, Vellayan Subbiah, Arathi Krishna, Arun Venkatachalam",Seed Funding,20770463.751474757,2015-12-22
Zapr,Reward points mobile app,Unknown,Gurugram,Dinesh Agarwal,Seed Funding,10000000.0,2015-12-22
LatestOne,Mobile accessories online store,Unknown,Hyderabad,Palred Technologies Ltd,Private Equity,3000000.0,2015-12-22
PlanetGogo,Content Discovery & reward points platform,Unknown,Gurugram,HT Digital Media Holdings Ltd,Seed Funding,20770463.751474757,2015-12-22
Arya.ai,Artificial Intelligence platform,Unknown,Mumbai,"YourNest Angel Fund, Venture Nursery",Private Equity,750000.0,2015-12-22
Doctor Insta,Medical Consultation & Doctor appointment booking platform,Unknown,Gurugram,"Rishi Parti, BrahmaX Ventures",Private Equity,500000.0,2015-12-22
MobieFit,Mobile Fitness App,Unknown,Goa,Medi Assist,Private Equity,1000000.0,2015-12-22
LafaLafa,"Digital Coupons, Deal & Cashback aggregator app",Unknown,Mumbai,Vectr Ventures,Private Equity,125000.0,2015-12-23
Mech Mocha,Mobile Game development & Design platform,Unknown,Bengaluru,"Blume Ventures, Flipkart",Seed Funding,1000000.0,2015-12-23
Shotang,B2B eCommerce Marketplace,Unknown,Bengaluru,"Exfinity Venture Partners, Unitus Impact Livelihoods Fund",Private Equity,5000000.0,2015-12-23
CityFurnish,Furniture and appliances rental platform,Unknown,Gurugram,Jitendra Gupta,Seed Funding,20770463.751474757,2015-12-23
Black White Orange,B2B Merchandize platform,Unknown,Mumbai,Collaborative Licensing Ventures LLP,Seed Funding,303000.0,2015-12-24
Kolabro,Real Estate focused Tech platform,Unknown,Gurugram,"Umang Kumar, Ruchir Arora & others",Seed Funding,20770463.751474757,2015-12-24
Canvera,Photographer Online search & booking platform,Unknown,Bengaluru,Info Edge (India) Ltd,Private Equity,2200000.0,2015-12-24
Town Essentials,Grocery Delivery platform,Unknown,Bengaluru,"Sharad Hegde, Girish Reddy, Siddharth Patil, Shrikant Patil",Seed Funding,1000000.0,2015-12-28
Bumper,Mobile Car Servicing appointment app,Unknown,Bengaluru,SAIF Partners,Seed Funding,500000.0,2015-12-28
Hotify,New Curation Mobile App,Unknown,Bengaluru,Mahavir Pratap Sharma,Seed Funding,150000.0,2015-12-29
MobiKwik,Mobile Wallet,Unknown,Gurugram,"Sequoia Capital, Tree Line Asia, Innoven Capital",Private Equity,6600000.0,2015-12-29
Intelligent Interfaces,Interface development platform for Government officials,Unknown,Bengaluru,Yuvraj Singh,Seed Funding,20770463.751474757,2015-12-30
Twigly,Online Food Ordering & Delivery platform,Unknown,Gurugram,"Amit Gupta, Sahil Barua, Mukul Singhal, Tracxn Labs",Seed Funding,200000.0,2015-02-11
CityFlo,Bus Aggregation and rental mobile app,Unknown,Mumbai,IDG Ventures,Seed Funding,750000.0,2015-02-11
Findyahan,hyperlocal online Services platform,Unknown,Noida,Times Group Brand Capital,Private Equity,20770463.751474757,2015-03-11
Sabse,WiFi xe2 x80 x93 first Cloud communication platform,Unknown,Mumbai,Ratan Tata,Private Equity,20770463.751474757,2015-03-11
Pokkt,Alternate Mobile Monetization platform,Unknown,Mumbai,"Segnel Venture, Shinji Kimura, Sundar Chanrai, JAFCO Asia, SingTel's Innov8, Jungle Ventures, K Ganesh",Private Equity,5000000.0,2015-03-11
Oibanit,Online Food Ordering Marketplace,Unknown,Vadodara,"Varun Ahuja, Anubhav Verma",Seed Funding,150000.0,2015-03-11
Stuffed,Quick Service Restaurant & Online Delivery,Unknown,Mumbai,Riqueza Capital,Seed Funding,385000.0,2015-03-11
LoanBaba,Online Loans Marketplace,Unknown,Mumbai,Unknown,Seed Funding,320000.0,2015-03-11
Deyor Rooms,Budget Hotels Aggregator,Unknown,Delhi,Dheeraj Jain & Others,Seed Funding,500000.0,2015-03-11
Bidgely,Efficient Energy Management platform,Unknown,USA/India,"Constellation Technology Ventures (Exelon Corporation), E.ON, RWE, Khosla Ventures",Private Equity,16600000.0,2015-03-11
Shirsa Labs,Digital Intelligent learning platform,Unknown,Mumbai,ah! Ventures,Seed Funding,250000.0,2015-04-11
Paytunes,Voice Call incentivization mobile app,Unknown,Delhi,CIO Angel Network,Seed Funding,500000.0,2015-04-11
YourDOST,Online Counselling and psychological support platform,Unknown,Gwalior,"Phanindra Sama, Aprameya Radhakrishna, Aneesh Reddy, Neeraj Jawalkar, Sanjay Anandaram, Pavan Ongole, Venk Krishnan",Seed Funding,400000.0,2015-04-11
BookMyBai,Domestic Help Aggregation platform,Unknown,Mumbai,Vineel Nalla & Others,Seed Funding,150000.0,2015-05-11
MyIndianStay,Home Stay & room rentals platform,Unknown,Goa,Undisclosed Investors,Seed Funding,200000.0,2015-05-11
Bobble,Selfie Mobile App,Unknown,Delhi,SAIF Partners & others,Private Equity,20770463.751474757,2015-05-11
RepUp,Online Reputation Management Platform,Unknown,Gurugram,Indian Angel Network,Seed Funding,20770463.751474757,2015-06-11
SatvaCart,Online Grocery platform,Unknown,Gurugram,Undisclosed Investors,Private Equity,1800000.0,2015-06-11
POPxo,Online content platform for women,Unknown,Delhi,"IDG Ventures India, Kalaari Capital, 500 Startups",Private Equity,2000000.0,2015-06-11
SparesHub,Online Vehicle Spare Parts etailer,Unknown,Pune,"Hyderabad Angels, M&S Partners",Seed Funding,460000.0,2015-06-11
Explara,Event Ticketing platform,Unknown,Pune,"Hyderabad Angels, Singapore Angel Network, Ness Wadia",Private Equity,490000.0,2015-06-11
Soothe Healthcare,affordable Personal Healthcare Products,Unknown,Noida,Saina Nehwal,Seed Funding,20770463.751474757,2015-06-11
Yuvi Hospitality,Premium dining Lounges & restaurants,Unknown,Gurugram,Chandralekha Construction Pvt. Ltd.,Private Equity,15000000.0,2015-06-11
AppVirality,Mobile Growth Hacking Platform,Unknown,Hyderabad,"Rajan Anandan, Mike Galgon, Ravi Gururaj, Ashim Mehra, Mohit Saxena, Internet Group, TNN Capital and others",Seed Funding,500000.0,2015-09-11
iStar Skill Development,Skill Training Startup,Unknown,Bengaluru,"Michael & Susan Dell Foundation, Unitus Seed Fund",Private Equity,1500000.0,2015-09-11
BigStylist,Beauty and Wellness Marketplace,Unknown,Mumbai,Info Edge,Private Equity,1000000.0,2015-09-11
Zilingo,Marketplace App for Bangkok,Unknown,Bangalore/ Bangkok,"Sequoia India, BEENEXT Ventures, Kunal Shah & Sandeep Tandon",Private Equity,1900000.0,2015-09-11
Didi,On-demand Maids Service Provider,Unknown,Mumbai,"Jozef Bardik, Leo Wang Sangeeth Ram",Seed Funding,150000.0,2015-09-11
Skoov,eCommerce Product Search Engine,Unknown,Mumbai,Undisclosed Investors,Seed Funding,150000.0,2015-09-11
Chefs Basket,Ready to cook packaged Foods,Unknown,Mumbai,"SAIF Partners, Haresh Chawla",Private Equity,6000000.0,2015-10-11
Gingercrush,Product Customization Platform,Unknown,Vadodara,TV Mohandas Pai's family office,Seed Funding,1000000.0,2015-11-11
Delight Foods,Branded Food products online sales,Unknown,Bengaluru,"Lensbridge Capital, Mape Advisory Group, Fireside Ventures",Private Equity,600000.0,2015-11-11
6Degree,Talent platform for Fashion professionals,Unknown,Goa/Hyderabad,"Centre For Incubation & Business Acceleration (CIBA), Goa",Seed Funding,200000.0,2015-11-11
RenewBuy,Auto Insurance Online platform,Unknown,Gurugram,Mount Nathan Advisors Pte Ltd,Seed Funding,500000.0,2015-11-11
Grab,Hyperlocal Logistics Service Provider,Unknown,Mumbai,Sixth Sense Ventures,Seed Funding,1000000.0,2015-11-11
Hitwicket,Cricket Management Mobile Game,Unknown,Hyderabad,Chennai Angels,Seed Funding,250000.0,2015-12-11
Flashdoor,On Demand Laundry Service platform,Unknown,Bengaluru,"Sujeet Kumar, Ankit Nagori, Traxcn Labs",Seed Funding,20770463.751474757,2015-11-13
Cashkaro,Ecommerce Discount & Cashback coupons platform,Unknown,Gurugram,Kalaari Capital,Private Equity,3700000.0,2015-11-16
Absentia,Virtual Reality Headset creator,Unknown,Bengaluru,"Astarc Ventures, 50K Ventures & others",Seed Funding,180000.0,2015-11-16
Renowala,Home Improvement Service platform,Unknown,Hyderabad,Logtally,Seed Funding,20770463.751474757,2015-11-16
TaskBucks,mobile-only tasks marketplace,Unknown,Delhi,Times Internet,Private Equity,15000000.0,2015-11-16
CraftsVilla,Women Ethnic Wear Online Marketplace,Unknown,Mumbai,"Sequoia India, Lightspeed Venture Partners, Nexus Venture Partners, Global Founders Capital, Apoletto",Private Equity,34000000.0,2015-11-17
Julia Computing,Numerical Computing & Data Science Platform,Unknown,Bengaluru,Gordon and Betty Moore Foundation,Seed Funding,600000.0,2015-11-17
StyleTag,Designer fashion Jewellery Marketplace,Unknown,Bengaluru,Jitu Virwani,Seed Funding,7500000.0,2015-11-17
Smytten,Online Products Discovery Platform,Unknown,Gurugram,"Rimpal Chawla, Anuj Srivastava",Seed Funding,200000.0,2015-11-17
BiBox,Kids Tool kit for Innovation platform,Unknown,Bengaluru,Ravi Krishnamurthy,Seed Funding,530000.0,2015-11-17
Convegenius,Mobile Learning Solutions,Unknown,Noida / Singapore,Enablers platform,Seed Funding,300000.0,2015-11-17
Ola,Car Aggregator & Retail Mobile App,Unknown,Bengaluru,"Baillie Gifford, Falcon Edge Capital, Tiger Global, SoftBank Group, DST Global, Didi Kuaidi",Private Equity,500000000.0,2015-11-18
Goodbox,conversational commerce mobile app,Unknown,Bengaluru,Nexus Venture Partners,Private Equity,2500000.0,2015-11-18
ScoopWhoop,Viral Content web Platform,Unknown,Delhi,Kalaari Capital,Private Equity,4000000.0,2015-11-18
Hipship,Express local delivery platform,Unknown,Bengaluru,"Inara Capital, Rishi Khiani",Seed Funding,20770463.751474757,2015-11-18
Pickrr,On-Demand Local Logistics provider,Unknown,Delhi,Palaash Ventures,Seed Funding,20770463.751474757,2015-11-18
Truelancer,Curated Freelancer Marketplace,Unknown,Delhi,"Blackstone Valley Group, Raghu Vohra, Aditya Dev Sood, Kamal Bansal",Seed Funding,20770463.751474757,2015-11-18
AHA Taxis,Online Taxi Rental Platform,Unknown,Noida,ah! Ventures,Seed Funding,20770463.751474757,2015-11-19
UrbanClap,Mobile Services Marketplace,Unknown,Gurugram,"Bessemer Venture Partner, Accel, SAIF Partners",Private Equity,25000000.0,2015-11-19
SenseGiz,Smartwatch Maker,Unknown,Belgaum,Karnataka Semiconductor Venture Capital firm,Seed Funding,500000.0,2015-11-19
PlaceofOrigin,Online Gourmet Food Marketplace,Unknown,Bengaluru,"S.D. Shibulal, Kris Gopalakrishnan, Srinath Batni, Professor Tarun Khanna, Ganapathy Venugopal.",Seed Funding,20770463.751474757,2015-11-19
Fourseven,Online Jewellery etailer,Unknown,Delhi,Indian Angel Network,Seed Funding,455000.0,2015-11-19
MindTickle,Sales & Productivity Software,Unknown,Pune / US,New Enterprise Associates,Private Equity,12500000.0,2015-11-20
Shopsense,ecommerce related software product platform,Unknown,Mumbai,"Kae Capital, Kunal Bahl, Rohit Bansal",Seed Funding,20770463.751474757,2015-11-20
Medinfi,Health-Tech platform,Unknown,Bengaluru,"Ram Kumar Kakani, Pradeep K Jaisingh, Sunil T V, Vijay Ghadge, Hemant Kaul, Gurmeet Chahal & Others",Seed Funding,305000.0,2015-11-20
Ouwt,Nightlife Discovery Mobile App,Unknown,Mumbai,Undisclosed Investors,Seed Funding,150000.0,2015-11-20
HeyPillow,Online Real Estate Marketplace,Unknown,Bengaluru,Hampton Capital,Private Equity,3000000.0,2015-11-20
Healers At Home,"Home Healthcare Services platform,",Unknown,Delhi,"Daljit Singh, Dr. Pramath Raj Sinha, BVR Mohan Reddy",Seed Funding,20770463.751474757,2015-11-21
Caravan Craft,Indian Ethnic Crafts Etailer,Unknown,Bengaluru,"Unitus Seed Fund, Bijou Kurien, Narayan Ramachandran",Private Equity,1200000.0,2015-11-21
Talkoot,Social platform for traders and investors,Unknown,Bengaluru,Undisclosed Investors,Seed Funding,100000.0,2015-11-21
RentoMojo,"Online Furniture, Home Appliances Rental Platform",Unknown,Bengaluru,"IDG Ventures India, Accel Partners India",Private Equity,2000000.0,2015-11-23
Medikoe,Healthcare Services Discovery platform,Unknown,Bengaluru,Anil Menon,Seed Funding,100000.0,2015-11-23
Stylofie,Health and Beauty Services Marketplace,Unknown,Gurugram,Swastika,Seed Funding,250000.0,2015-11-24
ServX,Automotive Services platform,Unknown,Delhi,Manish Gupta,Seed Funding,20770463.751474757,2015-11-24
Naaptol,Online and TV Shopping Marketplace,Unknown,Mumbai,"Mitsui & Co., New Enterprise Associates, Canaan Partners, Silicon Valley Bank",Private Equity,52000000.0,2015-11-24
Crayon Data,Big Data Analytics Platform,Unknown,Chennai/ Singapore,Ratan Tata,Private Equity,20770463.751474757,2015-11-24
EarlySalary,Mobile App based Loan disbursement platform,Unknown,Mumbai,Ashok Agarwal,Seed Funding,1500000.0,2015-11-25
Tooler,On Demand Laundry Services App,Unknown,Delhi,"Raghu Khanna, Sameer Gupta",Seed Funding,110000.0,2015-11-25
S Chand,Education Content Provider,Unknown,Delhi,IFC Everstone Group,Private Equity,27000000.0,2015-11-25
Stelae,Content Management Software Solutions,Unknown,Chennai,Earlsfield Capital,Private Equity,20770463.751474757,2015-11-26
GoQii,Fitness Tracking Management Solutions,Unknown,Mumbai,"New Enterprise Associates, Cheetah Mobile",Private Equity,13400000.0,2015-11-26
Grofers,Hyper-local Grocery Delivery platform,Unknown,Gurugram,"Softbank, Tiger Global, Sequoia Capital, Apoletto Managers",Private Equity,120000000.0,2015-11-26
Pluss,Hyperlocal healthcare product Delivery Service provider,Unknown,Gurugram,"IDG Ventures, M & S partners, Powerhouse Ventures (USA).",Private Equity,1000000.0,2015-11-26
KountMoney,Online Lending Marketplace,Unknown,Bengaluru,"Tracxn, Ashish Goenka & Others",Seed Funding,20770463.751474757,2015-11-26
StayGlad,On Demand Beauty Services Platform,Unknown,Bengaluru,"Bessemer Venture Partners, Anil Chopra",Private Equity,20770463.751474757,2015-11-27
JustRide,Self Driven Rental Car Platform,Unknown,Mumbai,Unknown,Private Equity,2000000.0,2015-11-27
Fastudent,Education Content etailer,Unknown,Noida,Ashish Gupta,Seed Funding,20770463.751474757,2015-11-27
LearnOn,Cloud Based Learning Platform,Unknown,Chennai,JMR Infotech India Pvt Ltd,Seed Funding,20770463.751474757,2015-11-27
Talentrack,Talent Exchange & Talent Services Marketplace,Unknown,Delhi,Unigrowth Inc,Seed Funding,20770463.751474757,2015-11-27
M-Taxi,Two-Wheeler Taxi Service,Unknown,Gurugram,"Mandeep Singh, Jairaj Singh",Seed Funding,20770463.751474757,2015-11-28
Baxi,Two-Wheeler Taxi Service,Unknown,Gurugram,"Manish Kheterpal, Alok Mittal, Puneet Dalmia",Seed Funding,1450000.0,2015-11-30
Superhero Brands,character merchandize sales platform,Unknown,Mumbai,DSG Consumer Partners,Seed Funding,540000.0,2015-11-30
MoMagic,Mobile Application Developer,Unknown,Delhi,FIH Mobile Ltd,Private Equity,20770463.751474757,2015-11-30
QikPod,Ecommerce Delivery locker services,Unknown,Bengaluru,"Flipkart, Accel Partners, Delhivery, Foxconn",Private Equity,9000000.0,2015-11-30
Butterfly Interactive,extra curricular activities marketplace app,Unknown,Delhi,Undisclosed Investors,Seed Funding,20770463.751474757,2015-11-30
Bro4U,Hyperlocal Online Home services provider,Unknown,Bengaluru,Sargod Ventures,Seed Funding,20770463.751474757,2015-11-30
Indifi,Easy Business Loans platform,Unknown,Gurugram,"Accel Partners, Elevar Equity, Pramod Bhasin, Rajan Anandan, Gaurav Dalmia, Abhishek Goyal, Gagan Hasteer, Arun Tadanki",Seed Funding,10000000.0,2015-01-10
Wydr,Performance based Wholesale Marketplace,Unknown,Delhi,Sandeep Aggarwal,Seed Funding,20770463.751474757,2015-01-10
EasyFix,Professional Services Marketplace,Unknown,Gurugram,Axilor Ventures,Seed Funding,20770463.751474757,2015-01-10
Muvizz,Movie-on-demand platform,Unknown,Singapore,"Ashish Todi, Abhinav Patodia, Kumar Shwetabh",Seed Funding,350000.0,2015-01-10
Abhibus,us ticketing and fleet management platform,Unknown,Hyderabad,Paytm (One97 communications),Private Equity,20770463.751474757,2015-01-10
Cleartax,Online Income Tax Filing platform,Unknown,Delhi,Paytm (One97 communications),Private Equity,7000000.0,2015-01-10
Shopalyst,Product discovery & recommendation platform,Unknown,Bengaluru,Kalaari Capital,Private Equity,2000000.0,2015-02-10
Chillr,Mobile Payments App,Unknown,Mumbai,Sequoia Capital,Private Equity,6000000.0,2015-03-10
Nykaa,Beauty & Wellness Products e-tailer,Unknown,Mumbai,"Harsh Mariwala, Atul Nishar, Dalip Pathak, Michael Carlos",Private Equity,9500000.0,2015-05-10
Voylla,Fashion jewelry and accessories e-tailer,Unknown,Jaipur,Peepul Capital,Private Equity,15000000.0,2015-05-10
IndiaLends,Online Consumer Lending platform,Unknown,Delhi,"DSG consumer Partners, Paragon Partners",Private Equity,1000000.0,2015-05-10
Rock N Shop,Premium Apparel shopping portal,Unknown,Delhi,Undisclosed Investors,Seed Funding,150000.0,2015-05-10
DocPlexus,Exclusive Platform for Doctors & Healthcare professionals,Unknown,Pune,"Uniqorn ventures, ASP Consulting",Seed Funding,700000.0,2015-06-10
WorkIndia,Job Board,Unknown,Mumbai,"Satyen Kothari, Keshav Sanghi, Riddhesh Gandhi & Others",Seed Funding,500000.0,2015-06-10
SportzVillage,Sports Management & Physical Education Business,Unknown,Bengaluru,Gaja Capital Private Equity Fund,Private Equity,10000000.0,2015-06-10
SportyBeans,multi-sport program for preschoolers,Unknown,Pune,YouWeCan Ventures,Seed Funding,20770463.751474757,2015-06-10
Burger Singh,QSR & Online delivery portal,Unknown,Gurugram,"Ashvin Chadha, Avtar Monga, Udaan Angels, Dheeraj Jain",Seed Funding,500000.0,2015-06-10
Welcome Cure,Online Homeopathy Clinic,Unknown,Mumbai,Unnamed Media house and HNIs,Private Equity,6000000.0,2015-06-10
SchoolGuru,E-Learning Service Provider,Unknown,Mumbai,High Networth Individuals from India & USA,Private Equity,3000000.0,2015-07-10
Naturally Yours,Organic Food etailer,Unknown,Mumbai,Sanjay Mehta,Seed Funding,20770463.751474757,2015-07-10
GoJavas,Delivery & Logistics Service provider,Unknown,Gurugram,Snapdeal,Private Equity,20000000.0,2015-07-10
Scandid,Product Discovery & comparison App,Unknown,Pune,Micromax Informatics,Private Equity,20770463.751474757,2015-07-10
StalkBuyLove,Online Apparels Fashion brand,Unknown,Delhi,"Mato Peric, Peter Kabel & others",Private Equity,1000000.0,2015-07-10
ZuperMeal,Home Cooked Food marketplace & Delivery,Unknown,Mumbai,"Sanjeev Kapoor, Ravi Saxena & Others",Private Equity,2000000.0,2015-08-10
Cube26,Gesture based Mobile Development,Unknown,Delhi,"Tiger Global Management, Flipkart",Private Equity,7700000.0,2015-08-10
Mobikon,Hotel Mobile CRM Software platform,Unknown,Pune / Singapore,"Life.SREDA, Qualgro",Private Equity,4650000.0,2015-08-10
Grabhouse,Rental Accommodation Search platform,Unknown,Bengaluru,Sequoia and Kalaari Capital.,Private Equity,10000000.0,2015-08-10
Quifers,Logistics Tech Platform,Unknown,Mumbai,"Vikas Agarwal, Vishal Khare, Sanjeev Kakkar, Smile Group",Seed Funding,310000.0,2015-08-10
Stockroom.io,Developer Portfolio Showcase platform,Unknown,Hyderabad,Undisclosed Investors,Seed Funding,70000.0,2015-09-10
Curofy,Doctors Network Mobile App,Unknown,Delhi,RoundGlass Partners,Private Equity,250000.0,2015-09-10
Cloud Lending,End-to-End Lending platform,Unknown,Bangalore / San Mateo,SF Capital Group,Private Equity,8000000.0,2015-09-10
Inayo,on-demand healthcare marketplace,Unknown,Mumbai,"Kemark Ventures, Amit Ranjan, Zishaan Hayath and Others",Seed Funding,300000.0,2015-09-10
WoNoBo,360-degree view creating platform,Unknown,Bengaluru,Quikr,Private Equity,20770463.751474757,2015-09-10
Kulzy,Advertising & Marketing Community Networking platform,Unknown,Delhi,"Seedfund, Bedrock Ventures",Seed Funding,1000000.0,2015-09-10
Zeppery,Food Ordering & Delivery App,Unknown,Delhi,Suyash Sharma,Seed Funding,77000.0,2015-09-10
Zify,Ride Sharing platform,Unknown,Hyderabad,Sean O'Sullivan & Others,Seed Funding,190000.0,2015-12-10
Faircent,Online P2P lending marketplace,Unknown,Gurugram,Aarin Capital Partners,Private Equity,20770463.751474757,2015-12-10
Bizongo,B2B marketplace for industrial goods,Unknown,Mumbai,Accel Partners,Seed Funding,12500000.0,2015-12-10
Gridle,Cloud Based Collaboration platform,Unknown,Ahmedabad,LetsVenture,Seed Funding,100000.0,2015-12-10
Tripoto,global community for travellers,Unknown,Delhi,"500 Startups, IDG Ventures & Advantedge fund, Neeraj Arora, Leon Seynave",Private Equity,2795687.5,2015-12-10
Mubble,Prepaid Bill manager App,Unknown,Bengaluru,Accel Partners,Private Equity,20770463.751474757,2015-12-10
Voodoo,Mobile Only Shopping Assistant,Unknown,Delhi,SAIF Partners,Seed Funding,1000000.0,2015-10-13
Lookup,Mobile Messaging Assistant App,Unknown,Bengaluru,"Khosla Impact, Biz Stone, Catamaran Ventures, Global Founders Capital, European investment fund",Private Equity,2500000.0,2015-10-13
AskMyGift,Personalized Wish List creator app,Unknown,Noida,Turning Ideas,Seed Funding,50000.0,2015-10-14
Gaana,Music Streaming mobile app,Unknown,Mumbai,Micromax Informatics Ltd,Private Equity,20770463.751474757,2015-10-14
Zappfresh,Raw Meat & Ready to eat food etailer,Unknown,Gurugram,Undisclosed Investors,Seed Funding,77000.0,2015-10-14
GymTrekker,Gym Discovery platform,Unknown,Mumbai,"Dewang Neralla, Roopak Taneja, Manisha Gupta",Seed Funding,20770463.751474757,2015-10-14
Bounty App,Online Purchase rewards app,Unknown,Bengaluru,"Fireside Ventures, Mumbai Angels MAPE Advisory Group.",Seed Funding,20770463.751474757,2015-10-15
Homers,Home rental platform,Unknown,Gurugram,"Devesh Rai G, Rajesh Aggarwal, Amitpal Bhutani",Seed Funding,20770463.751474757,2015-10-16
mShipper,Crowdsourced Delivery platform,Unknown,Delhi,Vijai Laxmi,Seed Funding,20770463.751474757,2015-10-16
BolRealty,Real Estate Insights platform,Unknown,Delhi,Manpreet Singh,Seed Funding,20770463.751474757,2015-10-16
S-Cube Futuretech,Structural & Civil Engg Service Automation,Unknown,Mumbai,Parampara Capital,Private Equity,1000000.0,2015-10-17
LetsVenture,Startup Funding Marketplace,Unknown,Bengaluru,"Accel Partners, Anupam Mittal & other marquee investors",Private Equity,20770463.751474757,2015-10-19
Citrus Payment,Payments Solution platform,Unknown,Mumbai,"Sequoia Capital, Ascent Capital, eContext Asia, Beenos Asia",Private Equity,25000000.0,2015-10-19
Holidify,Travel Destination Discovery platform,Unknown,Delhi,Aarti Group,Seed Funding,100000.0,2015-10-19
PrimaSeller,Order Fulfillment SAAS platform,Unknown,Bengaluru,"Dr. Aniruddha Malpani Manish Gupta, M&S Partners & others",Seed Funding,20770463.751474757,2015-10-20
Opinio,Last Mile Delivery Service,Unknown,Bengaluru,"Delhivery, Sands Capital and Accel Partners",Private Equity,7000000.0,2015-10-20
Attune Technologies,Healthcare IT Solutions & services,Unknown,Chennai,"Qualcomm Venture, Norwest Venture Partners",Private Equity,10000000.0,2015-10-20
iChef,Gourmet Meals Delivery,Unknown,Mumbai,Springboard Ventures,Private Equity,20770463.751474757,2015-10-20
Jiyo Natural,Healthy Meals Food delivery platform,Unknown,Bengaluru,Indian Angel Network,Seed Funding,20770463.751474757,2015-10-21
AgentDesks,Real Estate Mobile CRM,Unknown,New York/ India,"Sierra Ventures, Cota Capital, Vegas Tech Fund",Seed Funding,2950000.0,2015-10-21
White Owl Brewery,Micro-Brewery,Unknown,Mumbai,"Arihant Patni, RAAY Global Investments",Private Equity,1530000.0,2015-10-21
MealHopper,Home Made Food Marketplace,Unknown,Gurugram,"Alok Bajpai, Rajnish Kumar, Amit Dey",Seed Funding,100000.0,2015-10-21
Zenify,residential rental management platform,Unknown,Bengaluru,"Atul Jalan, Shrikanth & Bharath",Seed Funding,640000.0,2015-10-21
Stockal,Personalized Stock Intelligence Platform,Unknown,Bengaluru,"R Natarajan, Mohan Alexander",Seed Funding,350000.0,2015-10-21
Medd,Personal Diagnostic Mobile App,Unknown,Mumbai,Group of Angel investors,Seed Funding,150000.0,2015-10-23
Leaping Caravan,Online food ordering & Delivery service,Unknown,Gurugram,Group of Angel investors,Seed Funding,150000.0,2015-10-23
Frsh,Online food ordering & Delivery service,Unknown,Gurugram,"Mumbai Angels, Mayank Bhangdia, Kae Capital",Private Equity,1000000.0,2015-10-23
Qik Stay,Hotel Aggregator & booking platform,Unknown,Delhi,ID Enablers Pvt Ltd,Seed Funding,250000.0,2015-10-23
Parcelled,Online Logistics Platform,Unknown,Bengaluru,Delhivery,Private Equity,5000000.0,2015-10-26
AlmaMapper,Online Student & Campus Social Networking platform,Unknown,Ahmedabad,Oswal Techno Ventures LLP,Seed Funding,400000.0,2015-10-26
Flexing It,Professionals & Project Search Marketplace,Unknown,Delhi,Undisclosed Investors,Seed Funding,500000.0,2015-10-26
NetMeds,Online Pharmacy,Unknown,Chennai,"OrbiMed, Pradip Dadha Group",Private Equity,50000000.0,2015-10-26
Razorpay,Online Payment Gateway,Unknown,Jaipur,"Tiger Global Management, Matrix Partners",Private Equity,9000000.0,2015-10-26
Jombay,Psychometric Test Online Software,Unknown,Pune,Ventureworks India,Private Equity,20770463.751474757,2015-10-27
Happitoo,Location based Nightlife recommendation Platform,Unknown,Mumbai,Unnamed investor,Seed Funding,77000.0,2015-10-27
Care24,Professional Health Services Platform,Unknown,Mumbai,India Quotient,Seed Funding,350000.0,2015-10-27
Roadrunnr,Hyperlocal Logistics Service,Unknown,Bengaluru,"Sequoia Capital, Nexus Venture Partners",Private Equity,10000000.0,2015-10-27
Simpli5d,Online user engagement platform,Unknown,Gurugram,"Redcliffe Capital, YourNest Angel Fund",Private Equity,20770463.751474757,2015-10-27
ORIGA Leasing,Asset Financing platform,Unknown,Mumbai,"ah! Ventures, 500 Startups & Other HNIs",Seed Funding,1100000.0,2015-10-28
Smartivity,Virtual Reality activity based learning platform,Unknown,Delhi,S Chand and Co Pvt Ltd,Seed Funding,200000.0,2015-10-28
UrDoorStep,Online Grocery Store,Unknown,Bengaluru,Jupiter Capital,Private Equity,1400000.0,2015-10-28
Tavaga,Investment management platform,Unknown,Mumbai,Tracxn Syndicate,Seed Funding,20770463.751474757,2015-10-29
Moglix,Industrial Toons Marketplace,Unknown,Noida,"Accel Partner, Jungle Ventures",Private Equity,25400000.0,2015-10-29
ZopHop,Public Commute helper App,Unknown,Mumbai,"Amit Singhal, PK Gulati & others",Seed Funding,450000.0,2015-10-29
Niki.ai,Artificial Intelligence Ecommerce Chatbot,Unknown,Bengaluru,Unilazer Ventures,Seed Funding,2000000.0,2015-10-30
Instavans,Truck Aggregator & Logistics service,Unknown,Bengaluru,Suresh Vaswani,Seed Funding,20770463.751474757,2015-10-30
LiftO,Ridesharing Mobile app,Unknown,Mumbai,"Rajesh Bhatia, Dheeraj Mehta & Others",Seed Funding,130000.0,2015-10-30
TinyOwl,Food Discovery & Delivery Mobile app,Unknown,Mumbai,"Sequoia Capital, Matrix Partners",Private Equity,7500000.0,2015-10-30
Toppr,Competitive exam learning platform,Unknown,Mumbai,InnoVen Capital,Private Equity,2000000.0,2015-10-30
Kleeto,Document Digitization platform,Unknown,Gurugram,GREX,Seed Funding,230000.0,2015-10-30
BeaconsTalk,proximity marketing & Mobile Advertising platform,Unknown,Mumbai,Puneet Bhatia & others,Seed Funding,80000.0,2015-10-30
Jugnoo,Autorickshaw Aggregator & Booking platform,Unknown,Chandigarh,Paytm,Private Equity,10000000.0,2015-10-31
TOFlo,FinTech Startup Incubation platform,Unknown,Mumbai,Tania Johny Palathinkal,Seed Funding,100000.0,2015-01-09
FXMartIndia,Payment Services platform,Unknown,Chandigarh,Flipkart,Private Equity,20770463.751474757,2015-01-09
Stylecracker,Personalized Styling platform,Unknown,Mumbai,Group of HNI investors,Private Equity,1000000.0,2015-01-09
Luxuryhues,Luxury goods Shopping Platform,Unknown,Gurugram,Reliance Capital,Private Equity,900000.0,2015-01-09
HolaChef,Food Delivery Platform,Unknown,Mumbai,Ratan Tata,Private Equity,1758333.3333333333,2015-02-09
Zivame,Online Lingerie Marketplace,Unknown,Bengaluru,"Zodius Technology Fund, Khazanah Nasional Berhad",Private Equity,40000000.0,2015-02-09
Capillary Tech,Cloud software solutions,Unknown,Delhi,"Warburg Pincus, Sequoia Capital, Norwest Venture Partners",Private Equity,45000000.0,2015-02-09
Jobspire,Job Search Platform,Unknown,Bengaluru,Purvi Capital,Seed Funding,260000.0,2015-03-09
MeraDoctor,Doctor consultancy Mobile App,Unknown,Mumbai,India Quotient & other investors,Seed Funding,1200000.0,2015-03-09
Vistaar Finance,Small Business Financing (NBFC),Unknown,Bengaluru,"WestBridge Capital, Omidyar Network, Elevar Equity, Saama Capital, Lok Capital",Private Equity,40000000.0,2015-03-09
HiJinny,Beauty & Wellness Services Marketplace,Unknown,Mumbai,CMYK Health Boutique Pvt Ltd & Other individual investors,Seed Funding,20770463.751474757,2015-03-09
Clapsnslaps,Online Movie Review Platform,Unknown,Mumbai,R M Picture Company Pvt. Ltd.,Seed Funding,150000.0,2015-04-09
Blubox,ECommerce Brands' Full Service Agency,Unknown,Mumbai,Ashish Jhalani,Seed Funding,100000.0,2015-04-09
RoomCentral,Cloud-based Hotel Booking Platform,Unknown,Bengaluru,Karanpal Singh,Seed Funding,2000000.0,2015-04-09
YouthKiAwaaz,Community Driven News/Views Platform,Unknown,Delhi,"Raghav Bahl, Ritu Kapur",Seed Funding,600000.0,2015-07-09
Prozo,Study Material Marketplace,Unknown,Delhi,"Nalin Jain, Shomil Pant, Dinesh Kundu & others",Seed Funding,205000.0,2015-07-09
Zomato,Restaurant Ratings & Reviews platform,Unknown,Gurugram,"Temasek, Vy Capital",Private Equity,60000000.0,2015-07-09
Sahayog Dairy,Dairy Based Product Manufacturer,Unknown,Bhopal,Acumen Fund,Private Equity,1800000.0,2015-07-09
MockBank,Government Test Preparation platform,Unknown,Bengaluru,Blume Ventures,Seed Funding,400000.0,2015-08-09
ReportBee,Smart Report Cards for Schools,Unknown,Chennai,India Educational Investment Fund,Seed Funding,20770463.751474757,2015-08-09
GuruG Learning,Teacher empowerment platform,Unknown,Bengaluru,India Educational Investment Fund,Seed Funding,20770463.751474757,2015-08-09
OnlineTyari,Multilingual Test Preparation Platform,Unknown,Gurugram,"500 Startups, TV Mohandas Pai, Tandem Capital, Vikram Chachra, Aloke Bajpai",Private Equity,770000.0,2015-10-09
IndustryBuying,Industrial Tools Marketplace,Unknown,Delhi,"Kalaari Capital, SAIF Partners, Beenextan investment fund",Private Equity,9200000.0,2015-10-09
The,Non Profit Organization to alleviate poverty,Unknown,Bengaluru,"Nanadan Nilekani, InMobi, Paytm",Seed Funding,315000.0,2015-10-09
FitMeIn,Gym & Fitness Studios Subscription platform,Unknown,Delhi,Green House Ventures,Seed Funding,100000.0,2015-11-09
Envoged,pre-used luxury item Marketplace,Unknown,Mumbai,"Ankush Nijhawan, Manish Dhingra, Gaurav Bhatnagar",Seed Funding,20770463.751474757,2015-11-09
Zapyle,pre-used apparel shopping mobile app,Unknown,Bengaluru,Unknown,Seed Funding,1000000.0,2015-11-09
Renomania,Home Design & Decor platform,Unknown,Delhi,Subodh Gupta,Seed Funding,20770463.751474757,2015-11-09
CredR,Used Vehicles Marketplace,Unknown,Mumbai,Eight Road Ventures,Private Equity,15000000.0,2015-12-09
YatraGenie,Online Bus & Cab ticketing platform,Unknown,Hyderabad,Ash Bhardwaj,Private Equity,20770463.751474757,2015-12-09
CanvasFlip,Mobile App testing platform,Unknown,Hyderabad,Bessemer Venture Partners,Seed Funding,1200000.0,2015-09-14
ShadowFax,Hyperlocal Delivery Services,Unknown,Gurugram,Eight Roads Ventures,Private Equity,9000000.0,2015-09-14
UE LifeSciences,Early Cancer Detection Solutions,Unknown,US/India,"Aarin Capital, Unitus Seed Fund",Private Equity,3000000.0,2015-09-14
Ola,Cab rental Mobile app,Unknown,Bengaluru,"Falcon Edge Capital, NY based Hedge Fund, Tiger Global, Softbank",Private Equity,225000000.0,2015-09-14
Coverfox,Online Insurance Distribution Platform,Unknown,Mumbai,Cataraman Ventures,Private Equity,2000000.0,2015-09-15
MoEngage,Mobile Marketing Automation Platform,Unknown,Bengaluru,"Helion Venture Partners, Exfinity Ventures",Private Equity,4250000.0,2015-09-15
Mubble,Prepaid Mobile Bill Manager App,Unknown,Bengaluru,Nandan Nilekani,Seed Funding,20770463.751474757,2015-09-15
Tea Trails,Chain of Tea Cafe's,Unknown,Mumbai,"Anil Matai, Vikram Tandon, Shyam Sundar R & others",Seed Funding,1000000.0,2015-09-15
Room On Call,Branded Budget Hotel Marketplace,Unknown,Noida,Payal Syal,Seed Funding,300000.0,2015-09-15
Fyne,Home Fitting & Fixtures Marketplace,Unknown,Bengaluru,Sandeep Dama & Others,Seed Funding,20770463.751474757,2015-09-15
ChaiPoint,Food Subscription platform,Unknown,Bengaluru,Eight Roads Ventures,Private Equity,10000000.0,2015-09-16
WedmeGood,Wedding Planning Platform,Unknown,Gurugram,Indian Angel Network,Seed Funding,410000.0,2015-09-16
Xstok,B2B Mobile Auction Marketplace,Unknown,Mumbai,Oliphans Capital,Seed Funding,450000.0,2015-09-16
UniLog,ECommerce Data Analytics Platform,Unknown,Bengaluru,Kalaari Capital,Private Equity,20770463.751474757,2015-09-17
Paintcollar,Designer Merchandize Marketplace,Unknown,Mumbai,Applyifi,Seed Funding,20770463.751474757,2015-09-17
YepMe,Private label Fashion eTailer,Unknown,Gurugram,"Khazanah Nasional Berhad, Helion Venture Partners",Private Equity,75000000.0,2015-09-17
Bueno,Online Food ordering & delivery,Unknown,Gurugram,High Networth Individuals (No details),Seed Funding,600000.0,2015-09-17
Plabro,Real Estate Broker Platform App,Unknown,Delhi,"Sachin Bansal & Binny Bansal, Sol Primero, Outbox Ventures, Sangram Singh",Seed Funding,350000.0,2015-09-18
CureJoy,Online Health & Wellness platform,Unknown,Bengaluru,"Accel Partners, Subrata Mitra, Larry Braitman, Venk Krishna",Private Equity,1150000.0,2015-09-18
Briston Technomach,Internet of Things platform,Unknown,Delhi,Undisclosed Investors,Seed Funding,150000.0,2015-09-18
LabStreet,Diagnostic Labs aggregator platform,Unknown,Gurugram,Multiple investors,Seed Funding,150000.0,2015-09-18
DailyNinja,Hyperlocal Delivery Platform,Unknown,Bengaluru,"Aprameya Radhakrishna, Naman Sarawagi, Afsal Salu",Seed Funding,20770463.751474757,2015-09-19
Portea Medical,Home Medical Care Services,Unknown,Bengaluru,"Accel Partners, International Finance Corporation (IFC), Qualcomm Ventures, Ventureast",Private Equity,37500000.0,2015-09-21
Neotrade Analytics,Real-Time stock data platform,Unknown,Bengaluru,Rainmatter,Seed Funding,235000.0,2015-09-21
DishCo,Food discovery & table booking app,Unknown,Mumbai,"Anand Mahindra, Uday Punj, Ashish Hemrajani, Sanjeev Mehra",Seed Funding,20770463.751474757,2015-09-21
LafaLafa,coupons and cashback aggregator app,Unknown,Mumbai,500 Startups,Seed Funding,125000.0,2015-09-21
ConnectAbank,Financial Products lead generation platform,Unknown,Mumbai,Prakhar Bumb,Seed Funding,20770463.751474757,2015-09-21
VillFarm,Sustainable Agri-inputs Firm,Unknown,Bengaluru,"Unitus Seed Fund, Rianta Capital, R Ramaraj, Sunil Edwards",Seed Funding,20770463.751474757,2015-09-22
Bestdealfinance,Financial Services Portal,Unknown,Mumbai,"Kalaari Capital, YourNest Angel Fund",Private Equity,3000000.0,2015-09-22
GameXS,Pre-owned games Marketplace,Unknown,Delhi,Lead Angels,Seed Funding,20770463.751474757,2015-09-22
The Man Company,Content-based Subscription eCommerce platform,Unknown,Delhi,"Karan Bajwa, Amanpreet Bajaj, Manish Vij",Seed Funding,20770463.751474757,2015-09-22
Virtual Logic,"virtual reality, 3d simulation and stereoscopic products",Unknown,Bengaluru,Swarnim Multiventures,Private Equity,800000.0,2015-09-22
Furdo,Online Interior Designing platform,Unknown,Bengaluru,Bhavdeep Reddy,Seed Funding,400000.0,2015-09-22
LogiNext,End-to-end Logistics platform,Unknown,Mumbai,Paytm,Private Equity,10000000.0,2015-09-22
Korra,Private Label Apparel sales,Unknown,Delhi,Asha Jadeja Motwani & Others,Seed Funding,300000.0,2015-09-22
Credihealth,Healthcare Consulting platform,Unknown,Gurugram,Rajat Malhotra,Seed Funding,20770463.751474757,2015-09-23
Amigobulls,Stock Market Portal,Unknown,Bengaluru,"Sharad Sharma, Vijay Anand, Mohandas Pai. Pallav Nadhani, Singapore Angels Network & others",Seed Funding,20770463.751474757,2015-09-23
SilverPush,Cross-device retargeting platform,Unknown,Gurgaon / SFO,M&S Partners,Private Equity,1200000.0,2015-09-23
Juggernaut,Digital & Physical Publishing platform,Unknown,Delhi,"William Bissell, Neeraj Aggarwal, Nandan Nilekani",Private Equity,2250000.0,2015-09-23
InnerChef,Food Delivery Platform,Unknown,Delhi,"Phanindra Sama, Anupam Mittal, Vijay Shekhar Sharma, Vishal Gondal, Sateesh Andara & others",Private Equity,1750000.0,2015-09-23
Quintype,Data Driven Publishing platform,Unknown,Bengaluru,Raghav Bahl,Private Equity,3300000.0,2015-09-24
Capabiliti,Employee OnBoarding & Orientation platform,Unknown,Noida,"500 Startups, Smile Multimedia, Kunal Bahl, Rohit Bansal, Girish Matrubootham",Seed Funding,400000.0,2015-09-24
Fourth Partner Energy,Solar Power Solutions company,Unknown,Hyderabad,"Infuse Ventures, The Chennai Angels",Private Equity,2000000.0,2015-09-24
Licious,Online Meat Ordering platform,Unknown,Bengaluru,"Kanwaljit Singh, TV Mohandas Pai",Seed Funding,1000000.0,2015-09-24
TravelKhana,online meal-booking platform for train travelers,Unknown,Delhi,Astarc Ventures & Others,Seed Funding,20770463.751474757,2015-09-25
Quickli,hyperlocal delivery platform,Unknown,Delhi,"500 Startups, Mato Peric & Others",Seed Funding,20770463.751474757,2015-09-28
Ola,Cab Booking app platform,Unknown,Bengaluru,Didi Kuaidi,Private Equity,30000000.0,2015-09-28
Paytm,E-Commerce & M-Commerce platform,Unknown,Delhi,"Alibaba Group, Ant Financial",Private Equity,680000000.0,2015-09-29
InMobi,Mobile Advertising platform,Unknown,Bengaluru,Tennenbaum Capital Partners & Others,Private Equity,100000000.0,2015-09-29
PepperTap,Hyperlocal Grocery Delivery,Unknown,Gurugram,"Sequoia India, SAIF Partners.",Private Equity,36000000.0,2015-09-29
Hugefly,Ecommerce Product recommendation platform,Unknown,Pune,Mayank Singhal and others,Seed Funding,20770463.751474757,2015-09-29
Brigge,Activity Based Social Network,Unknown,Chennai,The Chennai Angels,Seed Funding,20770463.751474757,2015-09-29
Zakoopi,Fashion Discovery platform,Unknown,Delhi,Uniqorn Ventures,Seed Funding,350000.0,2015-09-29
LoanCircle,Consumer lending marketplace,Unknown,Bengaluru,"Zishaan Hayath, Rahul Khanna & Others",Seed Funding,20770463.751474757,2015-09-29
Infoworks,Big Data Management Platform,Unknown,Bangalore / USA,"Nexus Venture Partners, Knoll Ventures and others",Private Equity,5000000.0,2015-09-30
RedDoorz,Budget Accommodation Platform,Unknown,Noida,Jungle Ventures,Seed Funding,1000000.0,2015-09-30
FirstTouch,Local Mobile OS,Unknown,Gurugram,"Kunal Bahl, Rohit Bansal, Pranay Chulet, Naveen Tiwari, Amit Gupta, Mayank Singhal",Seed Funding,20770463.751474757,2015-09-30
Eywa Media,Digital Signal processing platform,Unknown,Bengaluru,"ah! Ventures, Viktor Koenig PE Fund, Mantra Ventures",Seed Funding,1000000.0,2015-09-30
Snapdeal,Ecommerce Marketplace,Unknown,Delhi,"Alibaba, Foxconn, Softbank",Private Equity,500000000.0,2015-01-08
Ressy,Restaurant Discount app,Unknown,Pune,Mohandas Pai & others,Seed Funding,400000.0,2015-01-08
Cuelearn,Tech-enabled learning,Unknown,Delhi,Alok Mittal,Seed Funding,20770463.751474757,2015-03-08
Connect India,ECommerce Logistics provider,Unknown,Delhi,Aavishkaar,Private Equity,5000000.0,2015-03-08
The Home Salon,on-demand home beauty and wellness portal,Unknown,Mumbai,VentureNursery,Seed Funding,20770463.751474757,2015-03-08
Jusride,Self Driven Car rental,Unknown,Mumbai,"Alok Mittal, Zeeshan Hayat, Niraj Singh, Nikunj Jain, Anirudh Damani, Punit Goyal",Seed Funding,20770463.751474757,2015-03-08
OYO Rooms,Budget Hotel accommodation brand,Unknown,Delhi,"SoftBank Group, Greenoaks Capital, Sequoia Capital, Lightspeed India",Private Equity,100000000.0,2015-03-08
Glowship,Energy & Environment Online Marketplace,Unknown,Bengaluru,Infuse Ventures,Seed Funding,20770463.751474757,2015-03-08
Wizrocket,User Engagement & Analytics Platform,Unknown,Mumbai,"Sequoia Capital, Accel Partners",Private Equity,9600000.0,2015-03-08
Pickingo,On-Demand Delivery Logistics,Unknown,Delhi,"Orios Venture Partners, Zishaan Hayath",Private Equity,1300000.0,2015-04-08
Grex,fund raising platform for startups,Unknown,Pune,"Kunal Bajaj, Chandru Badrinarayanan",Seed Funding,650000.0,2015-05-08
LetsTransport,Logistics Tech Platform,Unknown,Bengaluru,"Rebright Partners, Ankush Nijhawan, Gaurav Bhatnagar, Manish Dhingra",Seed Funding,1300000.0,2015-05-08
Zo Rooms,Online budget hotel chain,Unknown,Delhi,"Tiger Global Management, Orios Venture Partners",Private Equity,30000000.0,2015-05-08
Doormint,Hyperlocal Handyman services,Unknown,Mumbai,"Helion Venture Partners, Kalaari Capital",Private Equity,3000000.0,2015-05-08
NightStay,hotel booking app,Unknown,Noida,"BedRock Ventures, Rajesh Sawhney, Shailesh Singh",Seed Funding,500000.0,2015-05-08
Zocalo,Rental Accommodation Finder,Unknown,Delhi,"Sachin Bhatia, Rajesh Sawhney",Seed Funding,20770463.751474757,2015-05-08
Sunday Realty Solutions,Tech Platform for property brokers,Unknown,Mumbai,"Ramesh Jogani, Shailesh Viswanathan, Jay Srinivasan",Seed Funding,785000.0,2015-05-08
Klozee,Luxury Apparel rental,Unknown,Bengaluru,Tracxn Labs,Seed Funding,20770463.751474757,2015-06-08
Appvigil,App security testing platform,Unknown,Mumbai,"Ravi Gururaj, Gaurav Sharma, Viswanath Ramachandran, RippleWave",Seed Funding,500000.0,2015-06-08
Practo,Doctor Appointment booking app,Unknown,Bengaluru,"Sofina, Google Capital, Altimeter Capital, Sequoia Capital Global Equities, Yuri Milner, Sequoia Capital, Matrix Partners",Private Equity,90000000.0,2015-06-08
LoudShout,anonymous bulletin board app,Unknown,Delhi,"Sanjay Sethi, Ravi Jaipuria & others",Seed Funding,20770463.751474757,2015-06-08
Wetravelsolo,Travel community platform,Unknown,Delhi,"CCube Angels, Frontline Strategy",Seed Funding,20770463.751474757,2015-06-08
Ketto,Crowd funding platform,Unknown,Mumbai,"Chennai Angels, Calcutta Angels, ah! Ventures, Intellecap Impact Investment Network, Indus Age Partners, Singapore Angel Network, India Internet Fund, LetsVenture",Seed Funding,700000.0,2015-06-08
Ezetap,Mobile based PoS solution,Unknown,Bengaluru,"Horizons Ventures, Capricorn Investment Group, Social+Capital, Helion Advisors, Berggruen Holdings",Private Equity,25000000.0,2015-06-08
NDTV ecommerce venture,Car & Bike ecommerce platform,Unknown,Mumbai,"Inflexionpoint, Pramod Bhasin, Sixth Sense Ventures, Vindi Banga, Hiro Mashita",Private Equity,20770463.751474757,2015-06-08
Carls Jr,Fast food Chain Franchisee,Unknown,Gurugram,YouWeCan Ventures,Seed Funding,630000.0,2015-07-08
EasyRewardz,Loyalty Programs & Reward Points,Unknown,Mumbai,"Wealth First, Ashneer Grover, Atul Phadnis",Private Equity,500000.0,2015-07-08
Gibss,Energy saving solutions provider,Unknown,Mumbai,"responsAbility Investments, Infuse Ventures",Private Equity,20770463.751474757,2015-07-08
StoreMore,Self-Storage Spaces,Unknown,Noida,Bedrock Ventures,Seed Funding,20770463.751474757,2015-07-08
iOrderFresh,Grocery retail Mobile app,Unknown,Delhi,Best Foodworks,Seed Funding,20770463.751474757,2015-07-08
MyTaxiIndia,Taxi Rental platform,Unknown,Gurugram,Nihon Kotsu,Private Equity,500000.0,2015-10-08
eSadar,E-commerce,Unknown,Delhi,"Neha Vats, Gaurav Vats",Seed Funding,80000.0,2015-10-08
Actionable Analytics,Machine Learning Platform,Unknown,New Delhi/ Houston,"B M Gupta, Vinod Singhal",Seed Funding,20770463.751474757,2015-10-08
MyPoolin,mobile social network,Unknown,Delhi,QPrize from Qualcomm Ventures,Seed Funding,250000.0,2015-10-08
NearBuy,Hyper-Local Ecommerce,Unknown,Delhi,Sequoia Capital,Private Equity,16000000.0,2015-10-08
InkMonk,Online printing marketplace,Unknown,Chennai,"Girish Mathrubootham, Phanindra Sama, Vikram Chachra, Others from LetsVenture",Seed Funding,250000.0,2015-10-08
ToneTag,mobile payment software platform,Unknown,Bengaluru,Reliance Capital Venture,Private Equity,1000000.0,2015-10-08
Grey Orange,Automated Storage & Warehousing Solution,Unknown,Gurugram,Tiger Global Management,Private Equity,30000000.0,2015-10-08
LivSpace,Home Design & Decor solutions,Unknown,Bengaluru,"Helion Ventures, Jungle Ventures & Bessemer Venture Partners",Private Equity,8000000.0,2015-11-08
Wow! Momo,Quick Service Restaurant Chain,Unknown,Kolkata,Indian Angel Network,Seed Funding,1600000.0,2015-11-08
RainCan,Subscription based Online Grocery platform,Unknown,Pune,Ajeet Khurana & Others,Seed Funding,100000.0,2015-11-08
Allygrow Technologies,engineering services company,Unknown,Mumbai,Zodius Technology Fund,Private Equity,20000000.0,2015-11-08
Infogain,Business and IT consulting,Unknown,New Delhi / US,ChrysCapital,Private Equity,63000000.0,2015-11-08
OneAssist,Credit Card Fraud protection solutions,Unknown,Mumbai,"Sequoia Capital, Lightspeed Ventures",Private Equity,7500000.0,2015-12-08
BigBasket,Online & mobile Grocery store,Unknown,Bengaluru,Bessemer Venture Partners,Private Equity,50000000.0,2015-12-08
Sheroes,Career Community for Women,Unknown,Noida,"Quintillion Media, 500 Startups",Seed Funding,770000.0,2015-12-08
Scripbox,Mutual Fund Investing platform,Unknown,Bengaluru,"Accel Partners, Deep Kalra, Rajesh Magow, Mohit Gupta, Shamik Sharma",Private Equity,2500000.0,2015-12-08
Etaout,Ecommerce Marketing Software Platform,Unknown,Noida,"Amit Ranjan, Vijay Shekhar Sharma, Kunal Bahl, Girish Mathrubootham &' Group of other Angel investors",Seed Funding,500000.0,2015-08-13
IFMR Holdings,Financial Inclusion platform,Unknown,Chennai,"Accion, LeapFrog Investments, Lok Capital",Private Equity,25000000.0,2015-08-13
Massblurb,Digital Marketing automation solution,Unknown,Mumbai,"LetsVenture, Mumbai Angels",Seed Funding,20770463.751474757,2015-08-13
Agrostar,Mobile Commerce for Farmers,Unknown,Pune,IDG Ventures,Private Equity,4000000.0,2015-08-13
VoxWeb,Picture based Social App,Unknown,Mumbai,Jitendra Gupta & others,Seed Funding,100000.0,2015-08-14
Trukky,Logistics service platform,Unknown,Ahmedabad,"Gujarat based angel investors, MMY co-Founder",Seed Funding,245000.0,2015-08-14
VanityCube,On-Demand Beauty Services,Unknown,Delhi,Group of angel investors,Seed Funding,20770463.751474757,2015-08-14
Edu4Share,Exam Preparation Platform,Unknown,Delhi,Nalin Jain & other angel investors,Seed Funding,220000.0,2015-08-17
YourStory,Startup Focused Online Publisher,Unknown,Mumbai,"Ratan Tata, Vani Kola, T V Mohandas Pai, Karthee Madasamay",Seed Funding,3000000.0,2015-08-17
Sampurnearth,Waste Management Solutions,Unknown,Mumbai,"Intellecap Impact Investment Network, family office fund",Seed Funding,160000.0,2015-08-17
Orobind,App based Fitness coaching,Unknown,Bengaluru,Existing & New Investors,Private Equity,200000.0,2015-08-17
Fixy,On demand cleaning & fixing services,Unknown,Mumbai,VentureNursery,Seed Funding,20770463.751474757,2015-08-17
MSM Box,Beauty & Lifestyle platform,Unknown,Delhi,Rohit Goel,Seed Funding,20770463.751474757,2015-08-17
ShadowFax,on-demand delivery service,Unknown,Gurugram,"Kunal Bahl, Rohit Bansal, Zishaan Hayath, Prashant Malik",Seed Funding,310000.0,2015-08-17
Gadgets 360,Car & Bike ecommerce platform,Unknown,Delhi,One97 Communications,Private Equity,20770463.751474757,2015-08-17
Roposo,Fashion Discovery platform,Unknown,Gurugram,Tiger Global,Private Equity,15000000.0,2015-08-18
IntelligenceNODE,Data Analytics Platform,Unknown,Mumbai,"New Enterprise Associates, Orios Venture Partners",Private Equity,4200000.0,2015-08-18
HyperVerge,Deep Learning Cloud Algorithms,Unknown,Chennai,"NEA, Milliways Ventures, Naya Ventures",Seed Funding,1000000.0,2015-08-18
Twyst,Location based engagement & rewards platform,Unknown,Gurugram,"Rohit Bhatia, Sunil Nikhar, Vaibhav Domkundwar, Siddharth Nautiyal",Seed Funding,20770463.751474757,2015-08-18
IDfy,Online Identity Verification Services platform,Unknown,Mumbai,"NEA, Blume Ventures & others",Private Equity,20770463.751474757,2015-08-18
Zoojoo.be,Corporate Wellness App,Unknown,Bengaluru,RoundGlass Partners,Private Equity,1000000.0,2015-08-18
Fashionove,Fashion Search & Review Platform,Unknown,Kolkata,Umesh Yadav,Seed Funding,20770463.751474757,2015-08-19
TimeSaverz,"Hyperlocal Maintenance, Repair & Cleaning services",Unknown,Mumbai,Unilazer Ventures,Private Equity,2400000.0,2015-08-19
Envoged,pre-owned Luxury online apparel seller,Unknown,Mumbai,"Manish Dhingra, Ankush Nijhawa, Gaurav Bhatnagar",Seed Funding,20770463.751474757,2015-08-19
MebelKart,Online Furniture Marketplace,Unknown,Bengaluru,AskMe,Private Equity,20000000.0,2015-08-19
LabsAdvisor,Online Diagnostic Tests Marketplace,Unknown,Delhi,Group of Angel Investors,Seed Funding,156000.0,2015-08-20
Flatpebble,Online marketplace for Photographers,Unknown,Hyderabad,Indian Angel Network,Seed Funding,600000.0,2015-08-20
Bluegape,Visual Blogging platform,Unknown,Delhi,"ah! Ventures, Times Internet, Rudy Gopalakrishnan",Seed Funding,600000.0,2015-08-20
ePoise,Job Search Platform,Unknown,Bengaluru,"Orios Venture Partners, Amit Ranjan & others",Seed Funding,500000.0,2015-08-21
Jolly Food Fellow,Food Customer analytics platform,Unknown,Ahmedabad,The 1947,Seed Funding,300000.0,2015-08-24
BookMeIn,Professional Service Appointment booking service,Unknown,Mumbai,Ajmera Group of Companies,Seed Funding,400000.0,2015-08-24
iZofy,Scientific Horoscope Online Assistance platform,Unknown,Kolkata,Prime Capital Markets Ltd,Seed Funding,20770463.751474757,2015-08-24
rBus,Tech enabled AC bus service,Unknown,Mumbai,"India Quotient, Anupam Mittal & others",Seed Funding,20770463.751474757,2015-08-24
Qyk App,On-Demand App based Professional service provider,Unknown,Bengaluru,"GrowX ventures, Tracxn Labs, Powai Lake Ventures, and Sahil Barua",Private Equity,1000000.0,2015-08-25
EazyDiner,Restaurant Reservation Platform,Unknown,Gurugram,"DSG Consumer Partners, Saama Capital",Private Equity,3000000.0,2015-08-25
RevX,Cross-channel CRM platform,Unknown,Mumbai,"Norwest Venture Partners, Nexus Venture Partners, Helion Venture Partners, Draper Fisher Jurvetson, Peepul Capital",Private Equity,4000000.0,2015-08-25
ICustomMadeIt,Professional Custom creators Marketplace,Unknown,Pune,Group of Angel Investors,Seed Funding,250000.0,2015-08-25
PickMyLaundry,on-Demand Washing & Dry-Cleaning,Unknown,Delhi,GHV Accelerator,Seed Funding,100000.0,2015-08-26
Belita,On-Demand Beauty Service,Unknown,Mumbai,"India Quotient, LetsVenture investors, Lead Angels",Seed Funding,400000.0,2015-08-26
EzySolare,solar products and services marketplace,Unknown,Ahmedabad,Infuse Ventures,Seed Funding,20770463.751474757,2015-08-26
FoodTalkIndia,Online Food Community Platform,Unknown,Gurugram,Undisclosed Investors,Seed Funding,500000.0,2015-08-26
InstaSafe,Private Cloud Networks SAAS platform,Unknown,Bengaluru,Group of Investors,Seed Funding,2200000.0,2015-08-27
Eazy Coach,Education Marketplace,Unknown,Kolkata,Ravi Agarwal,Seed Funding,20770463.751474757,2015-08-27
Djubo,Cloud Based Hotel Sales Platform,Unknown,Delhi,Ibibo Group,Private Equity,20770463.751474757,2015-08-27
BetterButter,online recipe sharing platform,Unknown,Delhi,"Growx Ventures, Manish Singhal",Seed Funding,20770463.751474757,2015-08-28
Vyomo,Beauty & Lifestyle Mobile Marketplace,Unknown,Bengaluru,Rocket Internet,Private Equity,2000000.0,2015-08-28
RollMafia,QSR Restaurant Chain,Unknown,Pune,Equentia Natural Resources,Seed Funding,160000.0,2015-08-28
Iamwire,Digital Media publishing platform,Unknown,Gurugram,"Li Tao, Li Jian, Draphant Consultants, Nitin Garg, Saurabh Jain, Mohit Agarwal",Seed Funding,20770463.751474757,2015-08-29
DropKaffe,Online Coffee Delivery platform,Unknown,Bengaluru,"Manish Singhal, P39 Capital & Others",Seed Funding,300000.0,2015-08-31
Reverie,Language Localization Cloud platform,Unknown,Bengaluru,"Aspada Investment Advisors, Qualcomm Ventures",Private Equity,4000000.0,2015-08-31
Infinite Analytics,Big Data & predictive Analysis Platform,Unknown,Mumbai,"Ratan Tata, Nikhil Vora & others",Private Equity,20770463.751474757,2015-08-31
Parcelled,Online Logistics Platform,Unknown,Bengaluru,"Delhivery, Tracxn Labs",Seed Funding,5000000.0,2015-01-07
Retigence Technologies,Business IT Intelligence Services,Unknown,Mumbai,Omnivore Partners,Private Equity,20770463.751474757,2015-01-07
Cloudcherry Analytics,CRM / Analytics platform,Unknown,Chennai,"The Chennai Angels, IDG Ventures India",Seed Funding,1000000.0,2015-01-07
HandyHome,Hyperlocal Electronics repair Service,Unknown,Mumbai,"Bessemer Ventures, Kae Capital",Seed Funding,630000.0,2015-01-07
iDreamCareer,EdTech,Unknown,Delhi,"ah! Ventures, Vivek Joshi, Mohit Satyanand & others",Seed Funding,20770463.751474757,2015-01-07
Ola,Cab rental Mobile app,Unknown,Bengaluru,Ratan Tata,Private Equity,95671428.57142857,2015-01-07
NxtGen,IT infrastructure & Data Center services,Unknown,Bengaluru,"IFC, Axon Partners, Intel Capital",Private Equity,13500000.0,2015-01-07
BankBazaar,Online Financial Services,Unknown,Chennai,"Amazon, Fidelity Growth Partners, Mousse Partners",Private Equity,60000000.0,2015-02-07
Gozoomo,Used Car Marketplace,Unknown,Bengaluru,SAIF Partners,Private Equity,5000000.0,2015-02-07
Zenatix,Internet of Things platform,Unknown,Gurugram,"Rajan Anandan, Kunal Bahl, Rohit Bansal, Rahul Khanna",Seed Funding,161000.0,2015-02-07
CultureAlley,Language Learning App,Unknown,Jaipur,Tiger Global,Private Equity,6500000.0,2015-03-07
Goqii,Mobile Fitness Marketplace,Unknown,Mumbai,Vijay Shekhar Sharma,Private Equity,20770463.751474757,2015-03-07
Gingercrush,Custom Merchandize platform,Unknown,Ahmedabad,"Gokul Jaykrishna, Brand Capital",Seed Funding,1000000.0,2015-03-07
Elanic,P2P Pre-owned goods marketplace,Unknown,Bengaluru,"Rebright Partners, Tracxn Labs, Aneesh Reddy",Seed Funding,20770463.751474757,2015-04-07
StitchWood,Custom Furniture Marketplace,Unknown,Mumbai,"Powai Lake Ventures, Ajeet Khurana & others",Seed Funding,395000.0,2015-04-07
Urban Tailor,Online Tailoring Services,Unknown,Bengaluru,Group of angel investors,Seed Funding,20770463.751474757,2015-05-07
ConfirmtTkt,Rail Ticket Confirmation predictor,Unknown,Bengaluru,Pravin Agarwala & others,Seed Funding,20770463.751474757,2015-06-07
Paper Boat,Ethnic Beverages manufacturer,Unknown,Gurugram,"Sofina, Hillhouse Capital",Private Equity,30000000.0,2015-06-07
getNow,Hyperlocal Goods marketplace,Unknown,Nagpur,Atulya Mittal,Seed Funding,20770463.751474757,2015-06-07
Wudstay,Budget Accommodation aggregator,Unknown,Gurugram,"Mangroves Capital Partners, Vikas Saxena",Private Equity,3000000.0,2015-07-07
Liases Foras,Real Estate Rating & Analysis,Unknown,Delhi,DMG information Asia Pacific,Private Equity,5000000.0,2015-07-07
Eatlo,Food Delivery platform,Unknown,Bengaluru,"Powai Lake Ventures, Globeinvestor, Abhishekh Goyal",Seed Funding,20770463.751474757,2015-07-07
IndiaLends,FinTech,Unknown,Delhi,"DSG Consumer Partners, Siddharth Parekh",Private Equity,1000000.0,2015-07-07
Quinto,Food Discovery App,Unknown,Pune,Jaydeep Barman,Seed Funding,20770463.751474757,2015-08-07
Saavn,Music Streaming App,Unknown,Mumbai,"Tiger Global Management, Bertelsmann India, Steadview Capital, Liberty Media, Mousse Partners, Quilvest",Private Equity,100000000.0,2015-08-07
Flytxt,Big Data & Analytics platform,Unknown,Mumbai / Global,"Sunrise Capital GmBH, Big Data Investments B.V",Private Equity,11000000.0,2015-08-07
Axtria,Big Data & Analytics platform,Unknown,India / US,"Helion Venture Partners, Amarpreet Sawhney, Deshpande Foundation, Fred Khosravi, Richard S. Braddock",Private Equity,30000000.0,2015-08-07
33Coupons,Coupon Aggregator Platform,Unknown,Kanpur,Not Disclosed,Seed Funding,20000.0,2015-08-07
Ampere,Electric Scooter manufacturer,Unknown,Coimbatore,Ratan Tata,Seed Funding,20770463.751474757,2015-08-07
Hopping Chef,Online Food-Tech Platform,Unknown,Mumbai,Mirah Hospitality,Seed Funding,470000.0,2015-08-07
Collectabillia,Celebrity Fashion Brand,Unknown,Bengaluru,Accel Partners,Private Equity,7500000.0,2015-08-07
Lendingkart,Online Finance lending platform,Unknown,Ahmedabad,"Saama Capital, Mayfield, Ashvin Chadha, Shailesh Mehta",Private Equity,10000000.0,2015-08-07
Lybrate,Healthcare Mobile App,Unknown,Delhi,"Tiger Global Management, Ratan Tata, Nexus Venture Partners",Private Equity,10200000.0,2015-08-07
ZoomCar,Self-driven vehicle rental,Unknown,Bengaluru,"Sequoia Capital, Empire Angels, NGP",Private Equity,11000000.0,2015-08-07
NewsInShorts,News Aggregator mobile app,Unknown,Noida,Tiger Global,Private Equity,20000000.0,2015-09-07
Bluestone,Online Jewellery Store,Unknown,Bengaluru,"IvyCap Ventures, Accel Partners, Dragoneer Investment Group",Private Equity,16200000.0,2015-09-07
Shopsity,Fashion Info Aggregator App,Unknown,Gurugram,"Sandeep Aggarwal, Teruhide Sato",Seed Funding,20770463.751474757,2015-09-07
Notesgen,Online Study Notes Marketplace,Unknown,Delhi,"Rajeev Saraf, Arvind Jha, R. Satya Narayanan",Seed Funding,20770463.751474757,2015-09-07
Infinity Assurance,Warranty Programs Service Administration,Unknown,Delhi,Indian Angel Network,Seed Funding,600000.0,2015-10-07
Footprints Education,Pre-School Chain,Unknown,Gurugram,"LetsVenture, Kumar Bansal, Kshitij Jain",Seed Funding,685000.0,2015-10-07
Loylty Rewards,Premium Loyalty Rewards Point Management,Unknown,Mumbai,IndianIdeas.com,Private Equity,19350000.0,2015-10-07
Ameyo,Contact Center Software Platform,Unknown,Gurugram,Forum Synergies PE Fund,Private Equity,5000000.0,2015-07-13
Mamagoto,Casual Dining restaurant Chain,Unknown,Delhi,Goldman Sachs,Private Equity,10000000.0,2015-07-13
SatvaCart,Online Grocery Delivery,Unknown,Gurugram,Palaash Ventures,Seed Funding,20770463.751474757,2015-07-13
MySmartPrice,Online comparison engine,Unknown,Hyderabad,"Accel Partners, Helion Venture Partners",Private Equity,10000000.0,2015-07-14
Zenify,Residential Rental management platform,Unknown,Bengaluru,Atul Jalan,Seed Funding,900000.0,2015-07-14
Boxmyspace,Physical Storage warehouses,Unknown,Mumbai,"Ritesh Veera, Singapore Angel Network, Orios Venture Partners",Seed Funding,300000.0,2015-07-14
HackerRank,Tech Recruitment platform,Unknown,Bengaluru,HR Technology fund,Private Equity,7500000.0,2015-07-14
WickedRide,Bike Rental Platform,Unknown,Bengaluru,Undisclosed Investors,Seed Funding,790000.0,2015-07-14
WoW Express,Tech enabled logistics platform,Unknown,Mumbai,Tamarind Family Private Trust,Seed Funding,500000.0,2015-07-14
OYO Rooms,Budget Hotel Accommodation,Unknown,Gurugram,"Softbank, Sequoia Capital",Private Equity,100000000.0,2015-07-15
Mobikon,Restaurant customer engagement platform,Unknown,Pune,Jungle Ventures,Private Equity,2300000.0,2015-07-15
InstaLively,Live video streaming app,Unknown,Delhi,"Anupam Mittal, Anand Chandrasekaran, Uday Shankar, Chetan Bhagat",Seed Funding,20770463.751474757,2015-07-15
Roadrunnr,Hyper local logistics platform,Unknown,Bengaluru,"Sequoia Capital, Nexus Venture Partners, Blume Ventures",Private Equity,11000000.0,2015-07-15
Ketto,Crowd Funding Platform,Unknown,Mumbai,"Pradyumna Dalmia, Sudhir Rao & Others",Seed Funding,700000.0,2015-07-16
QuikWallet,F&B sector Mobile Payment platform,Unknown,Mumbai,Snow Leopard Technology Ventures,Private Equity,1600000.0,2015-07-17
Omnikart,Industrial Supplies B2B ecommerce,Unknown,Mumbai,"Sumit Gandhi, Manish Gandhi",Seed Funding,100000.0,2015-07-17
Zo Rooms,Online budget hotel chain,Unknown,Delhi,"Tiger Global, Orios Venture Partners.",Private Equity,15000000.0,2015-07-20
Innoviti,Payment Solutions platform,Unknown,Bengaluru,"Catamaran Ventures, New India Investment Corporation",Private Equity,4850000.0,2015-07-20
ZenRadius,Online Hiring Platform,Unknown,Bengaluru,"Tracxn Labs, Deepak Singh",Seed Funding,20770463.751474757,2015-07-21
Joy by nature,Organic Food ecommerce,Unknown,Delhi,"Mumbai Angels, Vriddhi Fund, Others",Private Equity,1000000.0,2015-07-21
Iqlect,Big Data & Analytics platform,Unknown,Bengaluru,Exfinity Venture Partners,Private Equity,2000000.0,2015-07-22
deGustibus,Fine Dining Restaurant Chain,Unknown,Mumbai,India Value Fund Advisors,Private Equity,30000000.0,2015-07-22
NestAway,Luxury Rental Homes,Unknown,Bengaluru,"Flipkart, Tiger Global",Private Equity,12750000.0,2015-07-23
mSwipe,Mobile Point of Sale payment solution,Unknown,Unknown,"Falcon Edge Capital, Meru Capital, Ola, Matrix Partners, DSG Consumer Partners, Axis Bank",Private Equity,25000000.0,2015-07-23
Myonsto,Online Grocers,Unknown,Ahmedabad,Jayant Bokadia,Seed Funding,320000.0,2015-07-23
iCrushiFlush,Casual Dating App,Unknown,Mumbai,IDG Ventures India,Seed Funding,20770463.751474757,2015-07-23
MedGenome,Clinical Genomics Provider,Unknown,Bengaluru,Sequoia Capital,Private Equity,20000000.0,2015-07-23
HolidayIQ,Travel information portal,Unknown,Bengaluru,MakeMyTrip,Private Equity,15000000.0,2015-07-23
Fitternity,Fitness Marketplace,Unknown,Mumbai,Exfinity Venture Partners,Private Equity,1000000.0,2015-07-23
Quikr,Online & Mobile classified listings,Unknown,Mumbai,"AB Kinnevik, Falcon Edge Capital, Coatue Management",Private Equity,60000000.0,2015-07-23
JetSetGo,Private Jet/ Helicopter Marketplace,Unknown,Delhi,YourWeCan Ventures,Seed Funding,20770463.751474757,2015-07-23
BroEx,Real Estate Broker network App,Unknown,Gurugram,Lightspeed India,Private Equity,1000000.0,2015-07-24
Shopatplaces,Ethnic/ Traditional Fashion Store,Unknown,Delhi,Indian Angel Network,Seed Funding,20770463.751474757,2015-07-25
CredR,Used Bikes Marketplace,Unknown,Mumbai,Fidelity Growth Partners,Private Equity,15000000.0,2015-07-25
ManageMySpa,Spa & Salon Management Software,Unknown,Hyderabad,Accel Partners,Private Equity,6000000.0,2015-07-27
Townrush,B2B logistics delivery platform,Unknown,Bengaluru,Lightspeed Venture Partners,Seed Funding,20770463.751474757,2015-07-27
Locus,Logistics Automation Platform,Unknown,Bengaluru,"growX ventures, Manish Singhal",Seed Funding,2750000.0,2015-07-27
Bevy,Online Hiring Platform,Unknown,Bengaluru,Varun Agarwal & Others,Seed Funding,20770463.751474757,2015-07-27
Pepperfry,Online home decor marketplace,Unknown,Mumbai,"Goldman Sachs, Zodius Technology Fund, Bertelsmann India Investments Norwest Venture Partners.",Private Equity,100000000.0,2015-07-28
Flipkart,Online Marketplace,Unknown,Bengaluru,Steadview Capital and existing investors,Private Equity,700000000.0,2015-07-28
Opinio,Hyperlocal food & grocery store,Unknown,Bengaluru,"Accel Partners, Traxcn Labs & Others",Seed Funding,1300000.0,2015-07-28
Zoctr,Health-Tech platform,Unknown,Mumbai,"Sandeep Parwal, Krishan Gupta & Others",Seed Funding,1000000.0,2015-07-28
Zimmber,Hyperlocal Handyman Services,Unknown,Mumbai,"IDG Ventures India, Omidyar Network, Sherpalo Ventures, Mohandas Pai",Private Equity,2000000.0,2015-07-29
trueHb,Medical Tech Instruments,Unknown,Delhi,"Sachin and Binny Bansal, Malvinder and Shivinder Singh, Gurpreet Singh & others",Seed Funding,2400000.0,2015-07-29
Zovi,Hyperlocal Deals Marketplace,Unknown,Bengaluru,"Paytm, SAIF Partners, Tiger Global Management & others",Private Equity,50000000.0,2015-07-29
Swajal,Innovative Water Solutions,Unknown,Gurugram,Abhishek Gupta,Private Equity,1200000.0,2015-07-29
Pipa Bella,Online Jewelry Store,Unknown,Mumbai,LionRock Capital,Private Equity,600000.0,2015-07-30
Pragmatix,Business intelligence & Analytics,Unknown,Mumbai,SIDBI Venture Capital Ltd,Private Equity,2400000.0,2015-07-30
Droom,Used Vehicle Marketplace,Unknown,Delhi,"Lightbox Ventures, Beenos",Private Equity,16000000.0,2015-07-30
MadRat Games,Educational Board Games,Unknown,Bengaluru,"Kunal Bahl, Rohit Bansal",Seed Funding,168000.0,2015-07-30
Noodle Play,Chinese food delivery,Unknown,Mumbai,"Elliot Stechman, Gautam Sinha, Ambarish Ray",Seed Funding,168000.0,2015-07-30
Wassup,On-Demand Laundry & Dry cleaning App,Unknown,Chennai,B S Nagesh,Private Equity,2600000.0,2015-07-30
Cartisan,On-Demand Car services App,Unknown,Bengaluru,"YouWeCan Ventures, Aprameya Radhakrishna",Seed Funding,20770463.751474757,2015-07-30
LazyLad,Hyperlocal Grocery App,Unknown,Gurugram,"Jai Choi, Kiyohiro Sugashita, Hirokazu",Private Equity,500000.0,2015-07-31
TripFactory,Online Curated Holiday package bookings,Unknown,Bengaluru,Aarin Capital Partners,Private Equity,20770463.751474757,2015-07-31
Prothom,Hasbro Toy Manufacturer,Unknown,Pune,Oliphabs Capital,Private Equity,2000000.0,2015-07-31
Bona Vita,Travel Tech,Unknown,Gurugram,MakeMyTrip,Private Equity,5000000.0,2015-07-31
Vyomo,Beauty and Wellness Platform,Unknown,Delhi,Aprameya Radhakrishna,Seed Funding,8500000.0,2015-01-06
Veeba Foods,Healthy Food Manufacturer,Unknown,Delhi,"DSG Consumer Partners, Saama Capital.",Private Equity,6000000.0,2015-01-06
Truebil,Used Car Marketplace,Unknown,Mumbai,"Kae Capital, Anupam Mittal",Seed Funding,500000.0,2015-01-06
Meritnation,Online Learning Platform,Unknown,Delhi,InfoEdge,Private Equity,4000000.0,2015-01-06
Eattreatonline,Healthy Food Online Community,Unknown,Delhi,Group of 15 Angel Investors,Seed Funding,350000.0,2015-01-06
CredR,Used two-wheeler Marketplace,Unknown,Mumbai,GrowthStory,Seed Funding,15000000.0,2015-01-06
Glamrs,Online Fashion Video Portal,Unknown,Mumbai,"Ventureworks India, Blume Ventures, Batlivala & Karani Securities, Nikunj Jhaveri",Private Equity,1000000.0,2015-01-06
Proviera,Probiotic Technology Products Manufacturer,Unknown,Chennai,Infuse Ventures,Private Equity,550000.0,2015-01-06
Arth DesignBuild,Architectural Design & Consulting,Unknown,Hyderabad,Srinivas Tirupati,Seed Funding,500000.0,2015-01-06
Saama,Big Data & Analytics Services,Unknown,Pune / US,Carrick Capital Partners,Private Equity,35000000.0,2015-02-06
AllIzHealth,Preventive Healthcare Services,Unknown,Pune,Mumbai Angels & Other angel investors,Seed Funding,350000.0,2015-02-06
Karma Healthcare,Tech-enabled Rural Healthcare Services,Unknown,Udaipur,Ennovent Impact Investment Holding,Private Equity,500000.0,2015-02-06
Entropy Innovations,Engineering Innovations,Unknown,Mumbai,Mark Mobius & 9 Other Angel investors,Seed Funding,20770463.751474757,2015-03-06
Propstack,Real Estate Intelligence Platform,Unknown,Mumbai,DMG Information,Private Equity,3000000.0,2015-03-06
MyTaxiIndia,Online Car Rental Affiliates,Unknown,Delhi,Green House Ventures,Seed Funding,100000.0,2015-03-06
Arkin Net,Data Center Software platform,Unknown,Pune / US,Nexus Venture Partners,Private Equity,15000000.0,2015-03-06
Little Black Book Delhi,Online City & Lifestyle Guide,Unknown,Delhi,"Rajan Anandan, Niraj Singh, Sachin Bhatia, Singapore Angel Network & Aseem Vadehra",Seed Funding,150000.0,2015-03-06
MyPoolin,P2P Payments platform,Unknown,Delhi,"Sharad Sharma, Rajan Anandan, Sunil Kalra, Amit Ranjan, Rohan Malhotra, Arjun Malhotra, Gautam Gandhi",Seed Funding,250000.0,2015-03-06
iCustomadeit,Bespoke Merchandize Marketplace,Unknown,Pune,"Virendra Shahney, Dr Paresh Doshi",Seed Funding,250000.0,2015-03-06
KAARYAH,Women Lifestyle Marketplace,Unknown,Gurugram,Ratan Tata,Seed Funding,20770463.751474757,2015-03-06
Ecom Express,Logistics Solution Provider,Unknown,Delhi,Warburg Pincus,Private Equity,137000000.0,2015-04-06
Vidooly,Video Intelligence Platform,Unknown,Noida,Bessemer Venture Partners,Private Equity,1000000.0,2015-04-06
Zopper,Hyperlocal Shopping App,Unknown,Mumbai,"Tiger Global, Nirvana Ventures Advisors",Private Equity,20000000.0,2015-04-06
Flipkart,eCommerce platform,Unknown,Bengaluru,Morgan Stanley,Private Equity,50000000.0,2015-04-06
kWatt Solutions,Renewable energy solutions,Unknown,Mumbai,Unknown,Seed Funding,500000.0,2015-05-06
Medwell Ventures,Healthcare Service provider,Unknown,Bengaluru,"Fidelity Growth Partners, Fidelity Biosciences",Private Equity,10000000.0,2015-05-06
Jugnoo,Auto Rickshaw Based Services,Unknown,Chandigarh,"Snow Leopard, Paytm",Private Equity,5000000.0,2015-05-06
PosterGully,Artist / Designer Marketplace,Unknown,Delhi,"Natarajan Iyer, Rajesh Sawhney, & other Angel investors.",Seed Funding,20770463.751474757,2015-08-06
Applied Solar Technologies,Off-grid Solar Power,Unknown,Mumbai,"Future Fund, Bessemer Venture, Capricorn Investment and IFC",Private Equity,40000000.0,2015-08-06
Clovia,Private Label lingerie Ecommerce,Unknown,Delhi,IvyCap Ventures,Private Equity,5000000.0,2015-09-06
Swiggy,Online Food Ordering,Unknown,Bengaluru,"Norwest Venture Partners, SAIF Partners, Accel Partners",Private Equity,16500000.0,2015-09-06
PayMango,Mobile Commerce Platform,Unknown,Gurugram,Group of Angel Investors,Seed Funding,234000.0,2015-09-06
Printland,Online Printing Services,Unknown,Delhi,SIDBI Venture Capital Ltd,Private Equity,20770463.751474757,2015-09-06
Teritree,Digital Marketing Services,Unknown,Bengaluru,KCL,Seed Funding,140000.0,2015-09-06
Guiddoo,Travel Guide Mobile App,Unknown,Mumbai,"Pawan Borle, SVP Fly Dubai & Others",Seed Funding,800000.0,2015-10-06
Voonik,Fashion Ecommerce store,Unknown,Bengaluru,"Sequoia Capital, Seedfund",Private Equity,5000000.0,2015-10-06
AdStringO,Mobile Compression Software,Unknown,Mumbai,"Arihant Patni, Vishal Khare, Viswanath Ramachandran",Seed Funding,350000.0,2015-11-06
Faircent,Peer to Peer Lending platform,Unknown,Gurugram,M&S Partners Pte. Ltd,Seed Funding,250000.0,2015-11-06
La Renon,Global Healthcare products,Unknown,Ahmedabad,Sequoia Capital,Private Equity,16000000.0,2015-12-06
HomeLane,Home Furnishing Solutions,Unknown,Bengaluru,Sequoia Capital,Private Equity,50000000.0,2015-06-15
iSTAR,Skill Training & Placement Platform,Unknown,Bengaluru,Unitus Seed Fund,Private Equity,20770463.751474757,2015-06-15
Shippr,Intra-City Logistics service,Unknown,Bengaluru,i2india Pvt Ltd,Seed Funding,500000.0,2015-06-15
FoodAbhi,online tiffin service aggregator,Unknown,Mumbai,Group of angel investors,Seed Funding,20770463.751474757,2015-06-16
Karma Recycling,Electronic Goods recycling service,Unknown,Delhi,"Infuse Ventures, Low Carbon Enterprise Fund",Private Equity,20770463.751474757,2015-06-16
CouponRaja,Online Coupon & comparison platform,Unknown,Mumbai,"Mahesh Pratapneni, Pallab Chatterjee & others",Seed Funding,500000.0,2015-06-16
Babychakra,Parents & Kids Online platform,Unknown,Mumbai,"Mumbai Angels, Patni Family Office, Singapore Angel Network, Karan Maheshwari, Jatin Aneja, Kishor Ganji, Roopa Nath",Seed Funding,20770463.751474757,2015-06-17
Jiffstore,Online Grocery platform,Unknown,Bengaluru,"Unitus Seed Fund, Times Internet",Seed Funding,20770463.751474757,2015-06-17
MyDentist,Dental Clinic chain,Unknown,Mumbai,"LGT Group, Asian Healthcare fund, Seedfund",Private Equity,8200000.0,2015-06-17
Moovo,On-Demand Logistics Service,Unknown,Delhi,YouWeCan Ventures,Seed Funding,20770463.751474757,2015-06-18
Fracktal Works,3D Printer Manufacturer,Unknown,Bengaluru,Neoteric Infomatique Limited,Private Equity,3000000.0,2015-06-18
Hansa Customer Equity,IT / Customer Engagement Consulting,Unknown,Mumbai,ASK Pravi,Private Equity,5000000.0,2015-06-18
HealthifyMe,Health & Fitness App,Unknown,Bengaluru,"Gopal Srinivasan, Sashi Reddy, Amit Gupta, Pallav Nadhani",Private Equity,6000000.0,2015-06-18
Cakart,Online Education Marketplace,Unknown,Bengaluru,Sunil Maheshwari & group of investors,Seed Funding,20770463.751474757,2015-06-18
Housejoy,Home services marketplace,Unknown,Bengaluru,Matrix Partners,Private Equity,4000000.0,2015-06-19
FundsIndia,Financial Services Platform,Unknown,Chennai,"Faering Capital, Foundation Capital, Inventus Capital Partners",Private Equity,11000000.0,2015-06-19
Cupick,Social Network for Artists,Unknown,Bengaluru,Group of Angel Investors from US/India,Seed Funding,120000.0,2015-06-20
Tracxn,Startup funding platform,Unknown,Bengaluru,"Sachin Bansal, Bunny Bansal & other investors",Private Equity,10000000.0,2015-06-20
HolaChef,Food Delivery Platform,Unknown,Mumbai,"Kalaari Capital, India Quotient",Private Equity,3100000.0,2015-06-21
Elong,Data Driven recruitment recommendation,Unknown,Bengaluru,"Kunal Bahl, Rohit Bansal, Blume Ventures, Phanindra Sama, Raju Reddy",Private Equity,5000000.0,2015-06-22
Ixigo,Travel Search Engine,Unknown,Gurugram,Micromax Informatics,Private Equity,15000000.0,2015-06-22
SkillAngels,Brain Games Platform,Unknown,Chennai,Sprout Angels LLP,Seed Funding,20770463.751474757,2015-06-22
Vidgyor,Video Advertisement Platform,Unknown,Bengaluru,AngelPrime,Seed Funding,500000.0,2015-06-22
Banihal,Algorithmic Match Making Platform,Unknown,New Delhi / California,Dr David Cheriton,Seed Funding,20770463.751474757,2015-06-22
Goodservice,Mobile Chat based concierge service,Unknown,Delhi,Sequoia Capital,Private Equity,1600000.0,2015-06-23
Treebo,Online Budget Hotel Booking Service,Unknown,Bengaluru,"Matrix Partners India, SAIF Partners",Private Equity,6000000.0,2015-06-23
EduKart,Online education marketplace,Unknown,Delhi,"Holostik Group, YouWeCan Ventures, 500 Startups, Vijay Shekhar Sharma, Manish Kheterpal, Amit Patni",Private Equity,1000000.0,2015-06-23
Healthians,Preventive healthcare services,Unknown,Hyderabad,YouWeCan Ventures,Seed Funding,20770463.751474757,2015-06-23
LabInApp,Science Learning App,Unknown,Bengaluru,Unitus Seed Fund,Seed Funding,20770463.751474757,2015-06-24
Syona Cosmetics,Beauty and Wellness platform,Unknown,Chennai,Chennai Angels,Seed Funding,150000.0,2015-06-24
Sigrid Education,Online Education Platform,Unknown,Noida,Oliphans Capital,Seed Funding,20770463.751474757,2015-06-24
Indix,SaaS product intelligence platform,Unknown,Unknown,"Nokia Growth Partners, Nexus Venture Partners, Avalon Ventures",Private Equity,15000000.0,2015-06-24
The Porter,Logistics Tech,Unknown,Mumbai,"Sequoia Capital, Kae Capital, Anupam Mittal, Sandeep Tandon",Private Equity,5500000.0,2015-06-24
Retention.ai,App Analytics platform,Unknown,Bengaluru,"Mercury Fund, Anshu Sharma, Pratyush Prasanna, Robert Winters & others",Seed Funding,500000.0,2015-06-24
Fusion Microfinance,Micro Finance Platform,Unknown,Delhi,"Development finance institution Belgian Investment Company, Oikocredit",Private Equity,8600000.0,2015-06-25
Zinka,Freight logistics platform,Unknown,Bengaluru,"Accel Partners, Flipkart",Private Equity,6000000.0,2015-06-25
CreditMantri,Credit Management Services,Unknown,Chennai,"IDG Ventures India, Elevar Equity, Accion Venture Lab",Private Equity,2500000.0,2015-06-26
GetMyPeon,Hyperlocal Handyman Services,Unknown,Mumbai,Undisclosed Investors,Seed Funding,250000.0,2015-06-26
UrbanClap,Hyperlocal services marketplace,Unknown,Delhi,"SAIF Partners, Accel Partners",Private Equity,10000000.0,2015-06-29
StayGlad,Beauty services Mobile Marketplace,Unknown,Bengaluru,"Tracxn Labs, Sahil Barua",Seed Funding,20770463.751474757,2015-06-29
AdWyze,Marketing / Advertising Automation platform,Unknown,Bengaluru,Mape Advisory,Seed Funding,1000000.0,2015-06-29
Zimmber,Hyperlocal Handyman Services,Unknown,Mumbai,"Naveen Tiwari, Mohit Saxena, Amit Gupta, Piyush Shah, Manish Dugar",Seed Funding,400000.0,2015-06-29
Buttercups,Online Lingerie platform,Unknown,Bengaluru,"Kanwaljit Singh, Angie Mahtaney, Manoj Varghese",Seed Funding,20770463.751474757,2015-06-30
RailYatri,Railways Information Mobile app,Unknown,Bengaluru,"Helion Ventures, Omidiyar Network, Blume Ventures and Ujama",Private Equity,20770463.751474757,2015-06-30
Aagaar,Hyperlocal grocery delivery,Unknown,Gurugram,Group of Investors,Seed Funding,20770463.751474757,2015-06-30
Flatchat,Flat rental Mobile App,Unknown,Bengaluru,Commonfloor,Private Equity,2500000.0,2015-06-30
MyCFO,Wealth Management Platform,Unknown,Mumbai,Sameer Koticha,Private Equity,1500000.0,2015-06-30
Foodpanda,Online Food Delivery,Unknown,Gurugram,"Goldman Sachs, Rocket Internet",Private Equity,100000000.0,2015-01-05
Termsheet,Fund Raising Platform,Unknown,Chennai,"Anand Vijay, Nipun Dureja, Satyajit Heeralal, Keith Rodricks, Gaurav Lochan, Azmul Haque, Nikhil Bagri",Seed Funding,100000.0,2015-01-05
Applicate,Workforce Management Software,Unknown,Bengaluru,"Rishi Vasudev, Amit Gupta, Rajiv Nayan",Seed Funding,550000.0,2015-04-05
World Art Community,Online Art Marketplace,Unknown,Gurugram,Viraj Tyagi & others,Seed Funding,200000.0,2015-04-05
SpoonJoy,Online Food Delivery,Unknown,Bengaluru,SAIF Partners,Seed Funding,1000000.0,2015-04-05
Seed Schools,Affordable Education,Unknown,Hyderabad,Acumen Fund,Seed Funding,650000.0,2015-05-05
Ignis Careers,Career Development,Unknown,Hyderabad,Acumen Fund,Seed Funding,250000.0,2015-05-05
Square Yards,Real Estate Advisory,Unknown,Gurugram,Undisclosed Investors,Private Equity,6000000.0,2015-05-05
Fintellix,Banking Analytics Platform,Unknown,Bengaluru,"IDG Ventures, Sequoia Capital",Private Equity,15000000.0,2015-05-05
Customer360,Customer Engagement Platform,Unknown,Mumbai,Vishwas Patel,Seed Funding,20770463.751474757,2015-05-05
Delhivery,Ecommerce Logistics,Unknown,Gurugram,"Tiger Global Management, Multiples Alternate Asset Management, Nexus Venture Partners, Times Internet",Private Equity,85000000.0,2015-06-05
Swiggy,Online Food Delivery,Unknown,Bengaluru,Norwest Venture Partners,Private Equity,15000000.0,2015-06-05
Uniphore,Speech Recognition Solutions,Unknown,Chennai,"IDG Ventures, Kris Gopalakrishnan",Private Equity,24470000.0,2015-07-05
Box8,Online Food Delivery,Unknown,Mumbai,Mayfield Ventures,Private Equity,3500000.0,2015-07-05
Toppr,Online Education Platform,Unknown,Mumbai,"Fidelity Growth Partners India, SAIF Partners, Helion Ventures",Private Equity,10000000.0,2015-07-05
Vedantu,Online Education Platform,Unknown,Bengaluru,"Accel Partners, Tiger Global Management",Private Equity,5000000.0,2015-07-05
BuyHatke,Online Product Comparison,Unknown,Bengaluru,"S.Gopalakrishnan, Beenos",Seed Funding,1000000.0,2015-08-05
KleverKid,Online Education Platform,Unknown,Delhi,Aarin Capital Partners,Seed Funding,20770463.751474757,2015-08-05
Uniken,Online Security Platform,Unknown,Pune,Exfinity Ventures,Private Equity,2000000.0,2015-08-05
GrandOpinion,Online Medical Diagnostic,Unknown,Delhi,Florida based Angel investor,Seed Funding,150000.0,2015-08-05
HealthifyMe,Health & Fitness App,Unknown,Bengaluru,Micromax Informatics,Private Equity,6000000.0,2015-08-05
ZapStitch,Cloud Data Integration Platform,Unknown,Bengaluru,"Helion Venture Partners, Orios Venture Partners",Private Equity,2000000.0,2015-12-05
Wassup,Mobile Laundry Cleaning Service,Unknown,Chennai,"Arun Chandra Mohan, Praveen Sinha",Private Equity,2000000.0,2015-12-05
MobieFit,Mobile Fitness App,Unknown,Goa,Prototyze,Seed Funding,20770463.751474757,2015-12-05
Plancess,Online Education Platform,Unknown,Mumbai,"Rajendra Gogri, Chandrakant Gogri",Seed Funding,2000000.0,2015-12-05
WorkHorse,Service-On-Demand Mobile App,Unknown,Mumbai,Undisclosed Investors,Seed Funding,20770463.751474757,2015-12-05
Innovaccer,Intelligent Data Analytics,Unknown,Noida,"Rajan Anandan, Teru Sato, Aneesh Reddy, Venkatesh Valluri",Seed Funding,4642500.0,2015-05-13
MyCuteOffice,Online Office Rental,Unknown,Mumbai,Lead Angels,Seed Funding,20770463.751474757,2015-05-13
IndianRoots,Lifestyle Ecommerce Portal,Unknown,Gurugram,KJS Group,Private Equity,5000000.0,2015-05-14
RedPolka,Online Fashion Aggregator,Unknown,Mumbai,Undisclosed Investors,Seed Funding,250000.0,2015-05-14
Venturesity,Online Job skills Showcase,Unknown,Bengaluru,"Phanindra Sama, Jay Sethuram, Hemant Kanakia, Ravi Trivedi",Seed Funding,270000.0,2015-05-15
TheBetterIndia,Online News Media,Unknown,Bengaluru,Mohandas Pai,Seed Funding,20770463.751474757,2015-05-18
Awaaz De,Enterprise Communication Platform,Unknown,Ahmedabad,Samir Shah,Seed Funding,20770463.751474757,2015-05-18
Chaayos,Offline Tea Chain,Unknown,Delhi,Tiger Global Management,Private Equity,1000000.0,2015-05-19
Akosha,Business Messaging App,Unknown,Delhi,Sequoia Capital,Private Equity,16000000.0,2015-05-19
Cooey,Health Mobile App,Unknown,Bengaluru,Subhash Goyal,Seed Funding,470000.0,2015-05-19
MeetUniv,Online Ed-Tech Platform,Unknown,Noida,Peesh Venture Capital,Seed Funding,1000000.0,2015-05-19
Inspirock,Online Travel Planning,Unknown,Unknown,MakeMyTrip Innovation Fund,Private Equity,20770463.751474757,2015-05-19
Crown-it,Hyperlocal Mobile Marketplace,Unknown,Gurugram,"Accel Partners, Helion Venture Partners",Private Equity,5500000.0,2015-05-19
Trucksfirst,Trucking Logistic Operations,Unknown,Gurugram,SAIF partners,Private Equity,10000000.0,2015-05-19
Lookup,B2C Messaging App,Unknown,Bengaluru,Biz Stone,Private Equity,3000000.0,2015-05-20
SunTerrace,Rooftop Solar Plants,Unknown,Delhi,Sunergy Investors,Private Equity,20770463.751474757,2015-05-21
Nudgespot,Customer Engagement Platform,Unknown,Bengaluru,"Kae Capital, Anoop Goyal, Mike Shah, VA Sastry",Seed Funding,625000.0,2015-05-22
CarDekho,Online Car Portal,Unknown,Jaipur,HDFC Bank,Private Equity,66666666.66666666,2015-05-22
EveningFlavors,Online Table Reservation,Unknown,Bengaluru,Sandiep Shrivatsava,Seed Funding,500000.0,2015-05-22
Razorpay,Online Payment Gateway,Unknown,Bengaluru,Punit Soni,Seed Funding,23779090.90909091,2015-05-25
ZenParent,Parents focused Web Content,Unknown,Bengaluru,i2india Ventures,Seed Funding,500000.0,2015-05-25
Newgen Payments,Payments Solution Provider,Unknown,Delhi,Jan Manten,Seed Funding,20770463.751474757,2015-05-25
UrbanPro,On-demand Service marketplace,Unknown,Bengaluru,Nirvana Venture Advisors,Private Equity,2000000.0,2015-05-26
Goodbox,On-Demand Business messaging,Unknown,Bengaluru,Manipal Group,Seed Funding,200000.0,2015-05-26
Renderlogy,Online Home Decor,Unknown,Hyderabad,Astarc Ventures,Private Equity,1000000.0,2015-05-26
Postman,API Workflow platform,Unknown,Bengaluru,Nexus Venture Partners,Seed Funding,1000000.0,2015-05-27
Casa2inns,Affordable Hotel Booking Online,Unknown,Delhi,"Accel Partners, Kalaari Capital",Private Equity,5000000.0,2015-05-27
FleetRover,Logistics Intelligence,Unknown,Goa,"Tim Chen, Sanjay Venkat",Seed Funding,180000.0,2015-05-27
TheKarrier,Last Mile Logistics,Unknown,Bengaluru,"Sol Primero, Outbox Ventures, Nikunj Jain",Seed Funding,240000.0,2015-05-28
ZoomCar,Self-driven Car rental,Unknown,Bengaluru,Sequoia Capital,Private Equity,5000000.0,2015-05-28
Truweight,Weight Management Service,Unknown,Hyderabad,Kalaari Capital,Private Equity,20770463.751474757,2015-05-28
Ather Energy,Electric Scooter Manufacturer,Unknown,Bengaluru,Tiger Global,Private Equity,12000000.0,2015-05-30
Swiggy,Online Food Delivery,Unknown,Bengaluru,"Accel Partners, SAIF Partners",Private Equity,2000000.0,2015-03-04
Bluegape,Web Content Publishing,Unknown,Gurugram,"Rudy Gopalakrishnan, ah! Ventures",Seed Funding,200000.0,2015-04-04
KeepTrax,Location Based App,Unknown,Dallas / Hyderabad,Unknown,Seed Funding,1000000.0,2015-04-04
InstaLively,Video Streaming,Unknown,Delhi,"Rajesh Sawheny, Rajan Anandan, Amit Ranjan, Niraj Singh, AECAL, MeraEvents.",Seed Funding,120000.0,2015-06-04
Pricejugaad,Price Comparison,Unknown,Hyderabad,"Amit Tyagi, Sandeep Acharya & others",Seed Funding,165000.0,2015-07-04
Quikr,Online Classifieds,Unknown,Mumbai,"Tiger Global, Investment AB Kinnevik, Steadview Capital",Private Equity,150000000.0,2015-07-04
PressPlay,Travel Entertainment,Unknown,Delhi,"Sequoia Capital, Jason Hirschhorn, Jarett Posner, and Amit Bhatiani",Seed Funding,2200000.0,2015-07-04
LogiNext,Logistics Tech,Unknown,Mumbai,"Ajit Surana, Sanjay Mehta",Seed Funding,10000000.0,2015-07-04
FirstCry,E-commerce,Unknown,Pune,"Silicon Valley Ventures, NEA Ventures, Valiant Capital, IDG Ventures India, SAIF Partners, Vertex Ventures",Private Equity,10000000.0,2015-08-04
MobiKwik,Digital / Mobile Wallet,Unknown,Gurugram,"Tree Line Asia, Cisco Investments, American Express, Sequoia Capital",Private Equity,25000000.0,2015-08-04
Ola,Cab Aggregator,Unknown,Bengaluru,"DST Global, Steadview Capital, Tiger Global, Accel Partners & Others",Private Equity,400000000.0,2015-08-04
Gadgetwood,Device Repair Svcs,Unknown,Delhi,"Ajai Chowdhry, Ashvin Chadha, Yogesh Bansal, Nitin Singhal & Others",Seed Funding,200000.0,2015-09-04
Bonhomia,Premium Beverages,Unknown,Delhi,"Kanwaljit Singh, Shripad Nadkarni, Sarvesh Shahra & Others",Seed Funding,2000000.0,2015-09-04
Changer Mints,Digital / Mobile Wallet,Unknown,Kolkata,Hyderabad based investor,Seed Funding,165000.0,2015-09-04
Urban Ladder,Online Furnishing eCommerce,Unknown,Bengaluru,"Sequoia Capital, TR Capital, Steadview Capital, SAIF Partners, Kalaari Capital",Private Equity,50000000.0,2015-09-04
Purple Squirrel,EdTech,Unknown,Mumbai,"Matrix Partners India, India Quotient",Private Equity,20770463.751474757,2015-09-04
Whatfix,Interactive How-To Guides,Unknown,Bengaluru,"Helion Venture Partner, Powerhouse Ventures, GSF and Other angel investors",Seed Funding,900000.0,2015-10-04
iMMi Life,Mobile Health Tech,Unknown,Chennai,Unitus Seed Fund,Seed Funding,20770463.751474757,2015-10-04
Zomato,Restaurant Reviews,Unknown,Gurugram,Info Edge (India),Private Equity,25000000.0,2015-11-04
ZopNow,Online Grocer,Unknown,Bengaluru,"Dragoneer Investment, Accel Partners, Qualcomm Ventures, Times Internet",Private Equity,10000000.0,2015-04-13
Nayi Disha,EdTech,Unknown,Delhi,Ajay Relan,Seed Funding,300000.0,2015-04-13
The Porter,Logistics Tech,Unknown,Mumbai,Kae Capital,Seed Funding,500000.0,2015-04-13
Commeasure,Online Hotel Booking,Unknown,Noida,Jungle Ventures,Seed Funding,1000000.0,2015-04-13
Capricoast,Online Kitchen Furniture,Unknown,Bengaluru,Accel Partners India,Seed Funding,1250000.0,2015-04-13
LocalOye,Hyper-local Online Services,Unknown,Mumbai,"Tiger Global Management, Lightspeed Venture Partners",Private Equity,5000000.0,2015-04-14
Grofers,Hyper-Local Online/Mobile Grocery,Unknown,Gurugram,"Tiger Global, Sequoia Capital",Private Equity,35000000.0,2015-04-15
PepperTap,Hyper-Local Online/Mobile Grocery,Unknown,Gurugram,"SAIF Partners, Sequoia Capital",Private Equity,10000000.0,2015-04-15
PolicyBazaar,Online Policy Aggregator,Unknown,Gurugram,"PremjiInvest, Tiger Global, Ribbit Capital",Private Equity,40000000.0,2015-04-15
UrbanClap,Hyperlocal Mobile Services Marketplace,Unknown,Delhi,"SAIF Partners, Accel Partners, Kunal Bahl, Rohit Bansal",Seed Funding,1600000.0,2015-04-16
Taskbob,OnDemand Mobile Handyman Services,Unknown,Mumbai,"Orios Venture Partners, Mayfield India",Seed Funding,1200000.0,2015-04-16
Robosoft,Mobile App Development,Unknown,Udupi,"Ascent Capital, Kalaari Capital",Private Equity,12000000.0,2015-04-17
Doormint,On-Demand Handyman Services,Unknown,Mumbai,Powai Lake Ventures,Seed Funding,3000000.0,2015-04-18
Vyomo,Beauty & Wellness Mobile App,Unknown,Gurugram,YouWeCan Ventures,Seed Funding,8500000.0,2015-04-20
Pastiwala,Material Collection & Recycling,Unknown,Vadodara,Agnus Capital,Private Equity,4000000.0,2015-04-20
1mg,Online Pharmacy & Drug DB,Unknown,Gurugram,"Deep Kalra, Sequoia Capital, Omidyar Network, Intel Capital & Kae Capital",Private Equity,6000000.0,2015-04-20
Freshdesk,Online / Mobile Customer Support,Unknown,Chennai,"Tiger Global, Google Capital & Accel Partners",Private Equity,50000000.0,2015-04-20
Sulekha,Online Classifieds & Listings,Unknown,Chennai,GIC ventures,Private Equity,28000000.0,2015-04-20
FindYahan,Hyperlocal services marketplace,Unknown,Delhi,The Phoenix Fund,Private Equity,20770463.751474757,2015-04-22
Eat.Shop.Love,Fashion ECommerce,Unknown,Bengaluru,Undisclosed Investors,Private Equity,3500000.0,2015-04-22
Avanti Learning,Private Coaching Centers,Unknown,Delhi,"Michael & Susan Dell Foundation, Pearson Learning Fund",Private Equity,1500000.0,2015-04-22
Simplilearn,Online Certification Courses,Unknown,Bengaluru,"Mayfield Ventures, Kalaari Capital, Helion Ventures",Private Equity,15000000.0,2015-04-23
Craftstvilla,Ethnic Product eCommerce,Unknown,Mumbai,"Sequoia Capital, Nexus venture Partners, Lightspeed Ventures, GFC",Private Equity,18000000.0,2015-04-23
HeadOut,Last Minute Travel Deals mobile marketplace,Unknown,Bangalore / SFO,"Version One Ventures, 500 Startups, Nexus Venture Partners and Arena Ventures",Seed Funding,1800000.0,2015-04-23
Happay,Business Expense Management,Unknown,Bengaluru,AngelPrime,Seed Funding,500000.0,2015-04-23
Jugnoo,Auto Rickshaw based Logistics,Unknown,Chandigarh,"Rakesh Mathur, Vikas Taneja & others",Seed Funding,1000000.0,2015-04-23
EazyDiner,Restaurant reservation app,Unknown,Delhi,"Deepak Shahdadpuri, Gulpreet Kohli",Seed Funding,4425000.0,2015-04-23
Phone Warrior,Spam Call block App,Unknown,Delhi,Lightspeed Ventures,Seed Funding,20770463.751474757,2015-04-23
Coverfox,Online Insurance Aggregator,Unknown,Mumbai,"Accel US, Accel India, SAIF Partners.",Private Equity,12000000.0,2015-04-24
Torqus,Restaurant Management Platform,Unknown,Pune,S S Mukherji & Others,Seed Funding,350000.0,2015-04-27
Grab,Food Logistics & Delivery,Unknown,Mumbai,"Oliphans Capital, Haresh Chawla",Seed Funding,1000000.0,2015-04-27
LogicRoots,Interactive Educational Games,Unknown,Jaipur,"Ah! Ventures, Calcutta Angels, 91SpringBoard",Seed Funding,400000.0,2015-04-27
Gibbs,Clean Tech,Unknown,Delhi,Infuse Ventures fund,Private Equity,20770463.751474757,2015-04-27
Babajobs,Grey collar Job Board,Unknown,Bengaluru,SEEK Ltd & affiliates,Private Equity,10000000.0,2015-04-28
Urban Ladder,Online Furniture ecommerce,Unknown,Bengaluru,"Anand Rajaraman, Venky Harinarayan",Private Equity,25733333.33333333,2015-04-28
Jay Robotix,Robotic Program learning,Unknown,Hyderabad,Cross Border Angels & others,Seed Funding,250000.0,2015-04-28
Naaptol,Tele-Shopping / eCommerce,Unknown,Mumbai,Mitsui & Co & existing investors,Private Equity,21500000.0,2015-04-28
ReGlobe,Used Gadgets Buy / Refurbishing,Unknown,Gurugram,"Bessemer Ventures, Blume Ventures",Seed Funding,1000000.0,2015-04-29
Icertis,Cloud Enterprise Software,Unknown,Pune / US,"Greycroft Partners, Fidelity Growth Partners",Private Equity,6000000.0,2015-04-29
Tracxn,Startup Analytics platform,Unknown,Bengaluru,SAIF Partners,Private Equity,3500000.0,2015-04-29
Dazo,Mobile Food Ordering app,Unknown,Bengaluru,"Sumit Jain, Aprameya Radhakrishna, Alok Goel, Rajan Anandan, Amit Agrawal, Vinay Goel, Gaurav Munjal, Ashish Dev Kapur",Seed Funding,20770463.751474757,2015-04-29
Tradelab,Financial Markets Software,Unknown,Bengaluru,Rainmatter,Seed Funding,400000.0,2015-04-29
PiQube,Hiring Analytics platform,Unknown,Chennai,The HR Fund,Seed Funding,500000.0,2015-04-29
TravelTriangle,Online Travel Marketplace,Unknown,Noida,"Bessemer Venture Partners, SAIF Partners",Private Equity,8000000.0,2015-04-29
TrulyMadly,Unknown,Unknown,Unknown,"Helion Venture Partners, Kae Capital",Private Equity,5500000.0,2015-02-03
InstaLively,Unknown,Unknown,Unknown,Group of Angel Investors,Seed Funding,120000.0,2015-02-03
Vserv,Unknown,Unknown,Unknown,"Maverick Capital, IDG Ventures India",Private Equity,15000000.0,2015-03-03
Intruo,Unknown,Unknown,Unknown,"Ashutosh Lawania, Alok Goel & others",Seed Funding,20770463.751474757,2015-03-03
Niffler,Unknown,Unknown,Unknown,SAIF Partners,Seed Funding,1000000.0,2015-05-03
CustomFurnish,Unknown,Unknown,Unknown,"Madhukar Gangadi, Satish Reddy, Srini Raju, Srini Koppolu & SIDBI",Private Equity,2500000.0,2015-05-03
MapMyGenome,Unknown,Unknown,Unknown,Rajan Anandan & other angel investors,Private Equity,1200000.0,2015-06-03
Crowdfire,Unknown,Unknown,Unknown,Kalaari Capital,Private Equity,2500000.0,2015-09-03
Bite Club,Unknown,Unknown,Unknown,"Powai Lake Ventures, Aneesh Reddy, Ashish Kashyap, Alok Mittal",Seed Funding,500000.0,2015-09-03
Localbanya,Unknown,Unknown,Unknown,Shrem Strategies,Private Equity,20770463.751474757,2015-10-03
Appedo,Unknown,Unknown,Unknown,Undisclosed Investors,Seed Funding,1000000.0,2015-11-03
Fitraq,Unknown,Unknown,Unknown,Tarun Arora,Seed Funding,150000.0,2015-11-03
ChargeBee,Unknown,Unknown,Unknown,"Tiger Global, Accel Partners",Private Equity,5000000.0,2015-11-03
Groupon India,Unknown,Unknown,Unknown,Sequoia Capital,Private Equity,20000000.0,2015-11-03
Process 9,Unknown,Unknown,Unknown,"IAN Ventures, Alok Sharma, Kris Gopalakrishnan, Saurabh Srivastava, Ajai Chowdhry",Seed Funding,20770463.751474757,2015-12-03
MoonFrog Labs,Unknown,Unknown,Unknown,"Tiger Global, Sequoia Capital.",Private Equity,15000000.0,2015-12-03
Foodpanda,Unknown,Unknown,Unknown,Rocket Internet AG & others,Private Equity,110000000.0,2015-03-13
Paytm,Unknown,Unknown,Unknown,Ratan Tata,Private Equity,276917923.0769231,2015-03-13
DiabetOmics,Unknown,Unknown,Unknown,"VentureEast, Varaprasad Reddy",Private Equity,5000000.0,2015-03-13
Qyk,Unknown,Unknown,Unknown,"Powai Lake Ventures, Zishan Hayath, Abhishek Goyal, Sahil Barua",Seed Funding,20770463.751474757,2015-03-13
Daily Rounds,Unknown,Unknown,Unknown,"Kae Capital, GSF, Teruhide Sato",Seed Funding,500000.0,2015-03-14
Orobind,Unknown,Unknown,Unknown,"Zishaan Hayath, Lalit Mangal, Harpreet Singh Grover",Seed Funding,200000.0,2015-03-14
Routofy,Unknown,Unknown,Unknown,"Kunal Bahl, Rohit Bansal",Seed Funding,20770463.751474757,2015-03-14
Digital Gorkha,Unknown,Unknown,Unknown,Ramesh kavediya,Seed Funding,166000.0,2015-03-16
NestAway,Unknown,Unknown,Unknown,"IDG Ventures, Naveen Tewari",Seed Funding,1300000.0,2015-03-16
The Better India,Unknown,Unknown,Unknown,I-cube-N,Seed Funding,166000.0,2015-03-16
Meru Cabs,Unknown,Unknown,Unknown,Value Fund Advisors,Private Equity,50000000.0,2015-03-16
GolfLAN,Unknown,Unknown,Unknown,YourNest Angel Fund,Seed Funding,1000000.0,2015-03-17
Drivestream,Unknown,Unknown,Unknown,Wipro,Private Equity,5000000.0,2015-03-18
wWhere,Unknown,Unknown,Unknown,Group of Angel Investors,Seed Funding,200000.0,2015-03-18
GoJavas,Unknown,Unknown,Unknown,Snapdeal,Private Equity,20000000.0,2015-03-18
Tripoto,Unknown,Unknown,Unknown,"IDG Ventures, Outbox Ventures",Private Equity,2000000.0,2015-03-19
Graphic India,Unknown,Unknown,Unknown,"CA Media LP, Start Media.",Seed Funding,2800000.0,2015-03-19
Harness Handitouch,Unknown,Unknown,Unknown,Armat Group,Private Equity,20770463.751474757,2015-03-20
Lets,Unknown,Unknown,Unknown,Wu Chay Chin,Seed Funding,3000000.0,2015-03-20
CollateBox,Unknown,Unknown,Unknown,LetsVenture,Seed Funding,180000.0,2015-03-20
Mahindra First Choice,Unknown,Unknown,Unknown,Valiant Capital,Private Equity,15000000.0,2015-03-20
Round One,Unknown,Unknown,Unknown,"HT Media, Arun Duggal",Seed Funding,20770463.751474757,2015-03-21
Razorpay,Unknown,Unknown,Unknown,Y Combinator,Seed Funding,120000.0,2015-03-23
Mosambee,Unknown,Unknown,Unknown,RVCF and SIDBI,Private Equity,20770463.751474757,2015-03-23
Furlenco,Unknown,Unknown,Unknown,LightBox Ventures,Private Equity,6000000.0,2015-03-24
Cubito,Unknown,Unknown,Unknown,Sol Primero,Seed Funding,160000.0,2015-03-24
TeaBox,Unknown,Unknown,Unknown,"JAFCO Asia, Keystone Group, Dragoneer Investment, Accel Partners",Private Equity,6000000.0,2015-03-25
Artoo,Unknown,Unknown,Unknown,"Accion Venture Labs, Rianta Capital",Private Equity,500000.0,2015-03-25
Fxkart,Unknown,Unknown,Unknown,"Dr Mushtaq Shah, Dr Faraz Naqvi",Seed Funding,2000000.0,2015-03-25
Rozgar Mela,Unknown,Unknown,Unknown,"Impact Investment Holding, Upaya Social Ventures",Seed Funding,20770463.751474757,2015-03-25
OYO Rooms,Unknown,Unknown,Unknown,"Greenoaks capital, Sequoia Capital, LightSpeed Ventures",Private Equity,25000000.0,2015-03-25
Roposo,Unknown,Unknown,Unknown,"Tiger Global Management, Indian Quotient, Binny Bansal",Private Equity,5000000.0,2015-03-26
Teewe,Unknown,Unknown,Unknown,"Sequoia Capital, India Quotient",Seed Funding,1750000.0,2015-03-26
ePoise,Unknown,Unknown,Unknown,Undisclosed Investors,Seed Funding,500000.0,2015-03-26
Urjas,Unknown,Unknown,Unknown,Solidarity Venture Capital & others,Seed Funding,100000.0,2015-03-27
Chargein,Unknown,Unknown,Unknown,Pittie Group,Seed Funding,100000.0,2015-03-27
Yogurt Labs,Unknown,Unknown,Unknown,"Nick Adams, Kiran Bhat, Family Pot Investments LLP",Seed Funding,115000.0,2015-03-28
LimeRoad,Unknown,Unknown,Unknown,"Tiger Global, Matrix Partners, Lightspeed Venture Partners",Private Equity,30000000.0,2015-03-28
Team Indus,Unknown,Unknown,Unknown,"Nandan Nilekani, Rajiv Mody, Ajai Chowdhary",Private Equity,1500000.0,2015-03-28
Arohan Financial Services,Unknown,Unknown,Unknown,Tano Capital,Private Equity,10000000.0,2015-03-30
BillDesk,Unknown,Unknown,Unknown,TA Associates,Private Equity,75000000.0,2015-03-30
Triphobo,Unknown,Unknown,Unknown,"Mayfield Ventures, Kalaari Capital",Private Equity,3000000.0,2015-03-31
Aryaka,Unknown,Unknown,Unknown,"Trinity Ventures, InterWest Partners, Mohr Davidow Ventures, Presidio Ventures",Private Equity,16000000.0,2015-03-31
Appsdaily,Unknown,Unknown,Unknown,"Zodius Capital, Ru-Net, Kalaari Capital, Qualcomm Ventures",Private Equity,16000000.0,2015-03-31
Faaya,Unknown,Unknown,Unknown,Group of Angel Investors,Seed Funding,16600.0,2015-02-02
InstaBounce,Unknown,Unknown,Unknown,Group of Angel Investors,Seed Funding,16600.0,2015-02-02
Chloroplast Foods,Unknown,Unknown,Unknown,Group of Angel Investors,Seed Funding,16600.0,2015-02-02
Dealwithus,Unknown,Unknown,Unknown,Group of Angel Investors,Seed Funding,16600.0,2015-02-02
CleverSharks,Unknown,Unknown,Unknown,Group of Angel Investors,Seed Funding,16600.0,2015-02-02
Leaf,Unknown,Unknown,Unknown,Group of Angel Investors,Seed Funding,16600.0,2015-02-02
SmartPocket,Unknown,Unknown,Unknown,"Sol Primero, Rajiv Mehta",Seed Funding,250000.0,2015-02-02
Yumist,Unknown,Unknown,Unknown,Orios Venture Partner,Private Equity,1000000.0,2015-02-02
NowFloats,Unknown,Unknown,Unknown,Omidyar Network,Private Equity,10000000.0,2015-02-02
FirstCry,Unknown,Unknown,Unknown,Valiant Capital Partners,Private Equity,26000000.0,2015-02-02
HolaChef,Unknown,Unknown,Unknown,India Quotient,Seed Funding,325000.0,2015-02-02
Frsh,Unknown,Unknown,Unknown,"India Quotient, Kae Capital",Seed Funding,518000.0,2015-03-02
Manthan,Unknown,Unknown,Unknown,"Temasek, Norwest Venture Partners",Private Equity,60000000.0,2015-03-02
Kobster,Unknown,Unknown,Unknown,Splice Advisors,Seed Funding,20770463.751474757,2015-05-02
Culture Machine,Unknown,Unknown,Unknown,"Tiger Global, Times Internet, Zodius Capital",Private Equity,18000000.0,2015-05-02
Paytm,Unknown,Unknown,Unknown,Ant Financial Services (Alipay),Private Equity,276917923.0769231,2015-05-02
Aisle,Unknown,Unknown,Unknown,"Anand Vijay, Shashank Mehrotra & Others",Seed Funding,100000.0,2015-05-02
FreeCharge,Unknown,Unknown,Unknown,"Valiant Capital, Tybourne Capital, Sequoia Capital, RuNet and Sofina",Private Equity,80000000.0,2015-06-02
NewsHunt,Unknown,Unknown,Unknown,"Falcon Edge Capital, Matrix Partners India, Sequoia Capital India and Omidyar Network",Private Equity,40000000.0,2015-06-02
MyNoticePeriod,Unknown,Unknown,Unknown,IDG Ventures,Private Equity,3000000.0,2015-09-02
CarDekho,Unknown,Unknown,Unknown,Ratan Tata,Private Equity,50000000.0,2015-09-02
Faasos,Unknown,Unknown,Unknown,Lightbox Ventures,Private Equity,20000000.0,2015-09-02
CarTrade,Unknown,Unknown,Unknown,Chip Perry,Private Equity,20770463.751474757,2015-10-02
StoreKing,Unknown,Unknown,Unknown,Mangrove Capital Partners,Private Equity,16000000.0,2015-10-02
Capital Float,Unknown,Unknown,Unknown,"SAIF Partners, Sequoia Capital, Aspada",Private Equity,13000000.0,2015-11-02
Nimble Wireless,Unknown,Unknown,Unknown,AngelPrime,Seed Funding,3000000.0,2015-11-02
TownScript,Unknown,Unknown,Unknown,Group of Angel Investors,Seed Funding,20770463.751474757,2015-11-02
FindYahan,Unknown,Unknown,Unknown,"Karan Bajwa, Parvesh Bareja, Sunjay Kapur, Amanpreet Bajaj",Seed Funding,20770463.751474757,2015-11-02
Stayzilla,Unknown,Unknown,Unknown,"Nexus Venture Partners, Matrix Partners",Private Equity,20000000.0,2015-12-02
Practo,Unknown,Unknown,Unknown,"Sequoia Capital, Matrix Partners",Private Equity,30000000.0,2015-12-02
CimplyFive,Unknown,Unknown,Unknown,"Suresh Senapaty, TV Mohandas Pai",Seed Funding,20770463.751474757,2015-02-13
20Dresses,Unknown,Unknown,Unknown,"Srinivas Aluri, Srinivas Modukury, BS Nagesh",Seed Funding,1000000.0,2015-02-13
Itzcash,Unknown,Unknown,Unknown,Ashok Goel (promoter),Private Equity,16500000.0,2015-02-13
NewsInShorts,Unknown,Unknown,Unknown,"Tiger Global, Rebright Partners, Sachin and Binny Bansal",Private Equity,4150000.0,2015-02-16
iTraveller,Unknown,Unknown,Unknown,ah! Ventures,Private Equity,1000000.0,2015-02-16
NextGen,Unknown,Unknown,Unknown,Mumbai Angels & Group of other investors,Seed Funding,20770463.751474757,2015-02-17
Wooplr,Unknown,Unknown,Unknown,Helion Venture Partners,Private Equity,5000000.0,2015-02-18
Springleap,Unknown,Unknown,Unknown,Cross Border Angels,Seed Funding,800000.0,2015-05-19
Klip,Unknown,Unknown,Unknown,"Calcutta Angels, Venture Nursery Angels Mumbai Angels",Seed Funding,500000.0,2015-02-20
Renderlogy,Unknown,Unknown,Unknown,Brick Eagle,Private Equity,1600000.0,2015-02-20
Appbase,Unknown,Unknown,Unknown,"DA-IICT, Techstars, Carnegie Mellon University, Startup Brasil program",Seed Funding,290000.0,2015-02-21
HomeLane,Unknown,Unknown,Unknown,"Sequoia Capital, Ranjan Pai, Mohandas Pai & others",Private Equity,4500000.0,2015-02-23
Trip38,Unknown,Unknown,Unknown,"InterGlobe Technology Quotient, Lantern Capital",Private Equity,1000000.0,2015-02-23
Smartairtrip,Unknown,Unknown,Unknown,Undisclosed Investors,Private Equity,10000000.0,2015-02-23
NoBroker,Unknown,Unknown,Unknown,"SAIF Partners, Fulcrum Ventures",Private Equity,3000000.0,2015-02-23
Caravan Craft Retail,Unknown,Unknown,Unknown,"Unitus Seed Fund\ Narayan Ramachandran, Bijou Kurien",Seed Funding,500000.0,2015-02-24
SquadRun,Unknown,Unknown,Unknown,"Amit Ranjan, Deepinder Goyal, Zishaan Hayath, Powai Lake Ventures",Seed Funding,20770463.751474757,2015-02-25
Clonect Solutions,Unknown,Unknown,Unknown,"V Balakrishnan, T V Mohandas Pai, BC Prabhakar",Seed Funding,250000.0,2015-02-25
TaxSutra,Unknown,Unknown,Unknown,"V Balakrishnan, T V Mohandas Pai",Seed Funding,160000.0,2015-02-25
PepperTap,Unknown,Unknown,Unknown,Sequoia Capital,Seed Funding,10000000.0,2015-02-25
Sattviko,Unknown,Unknown,Unknown,"Sumit Jain, Rajat Jain, Sanjay Bhasin",Seed Funding,320000.0,2015-02-25
IndustryBuying,Unknown,Unknown,Unknown,SAIF Partners,Private Equity,2000000.0,2015-02-25
FreshWorld,Unknown,Unknown,Unknown,"Kris Gopalakrishnan, Nagaraja Prakasam",Seed Funding,20770463.751474757,2015-02-26
TinyOwl,Unknown,Unknown,Unknown,"Matrix Partners, Sequoia Capital, Nexus Venture Partners",Private Equity,16000000.0,2015-02-26
Momoe,Unknown,Unknown,Unknown,"IDG Ventures India, Jungle Ventures, India Quotient.",Seed Funding,1200000.0,2015-02-27
Grofers,Unknown,Unknown,Unknown,"Tiger Global Management, Sequoia Capital India",Private Equity,10000000.0,2015-02-27
LensKart,Unknown,Unknown,Unknown,"TPG Growth, TR Capital, IDG Ventures",Private Equity,2150000.0,2015-02-01
VioletStreet,Unknown,Unknown,Unknown,"Venkat Vallabhneni, Sudhakar Reddy, Srinivasa Rao Paturi",Seed Funding,315000.0,2015-02-01
Lookup,Unknown,Unknown,Unknown,"DeNA Co., Japan & Teruhide Sato (in Addition to MKS Switzerland & Kris GopalKrishnan)",Seed Funding,380000.0,2015-05-01
Fame,Unknown,Unknown,Unknown,TO THE NEW Ventures,Private Equity,10000000.0,2015-05-01
Gympik,Unknown,Unknown,Unknown,"Tom Clausen, Rohan Ajila, Haldyn Glass",Seed Funding,135000.0,2015-05-01
Near,Unknown,Unknown,Unknown,"Anupam Mittal, Manish Vij, Prashant Tandon, Gaurav Agarwal, Akash Agarwal, Himanshu Aggarwal, Kevin Parikh",Seed Funding,285000.0,2015-06-01
Purplle,Unknown,Unknown,Unknown,IvyCap Ventures,Private Equity,20770463.751474757,2015-06-01
NumberMall,Unknown,Unknown,Unknown,SRI Capital,Private Equity,10000000.0,2015-06-01
Tookitaki,Unknown,Unknown,Unknown,"Jungle Ventures, Redbright Partners, Blume Ventures",Private Equity,1000000.0,2015-06-01
Frankly,Unknown,Unknown,Unknown,Matrix Partners,Seed Funding,600000.0,2015-06-01
Faircent,Unknown,Unknown,Unknown,"Devesh Sachdev, Ashish Tiwari",Seed Funding,20770463.751474757,2015-07-01
Nurturey,Unknown,Unknown,Unknown,Seedrs Crowd funding platform,Crowd funding,125000.0,2015-07-01
Bewakoof,Unknown,Unknown,Unknown,"Rohit Bansal, Kunal Bahl, Nikhil Vora",Seed Funding,20770463.751474757,2015-07-01
Stridalyzer,Unknown,Unknown,Unknown,Kickstarter,Crowd Funding,30768.0,2015-07-01
Commonfloor,Unknown,Unknown,Unknown,Google Capital,Private Equity,5000000.0,2015-07-01
Sokrati,Unknown,Unknown,Unknown,"IvyCap Ventures, Inventus Capital",Private Equity,20770463.751474757,2015-09-01
YepMe,Unknown,Unknown,Unknown,"JS Capital, Helion Venture Partners, Capricorn Investment Group",Private Equity,13000000.0,2015-09-01
TapCibo,Unknown,Unknown,Unknown,Alok Goel,Seed Funding,20770463.751474757,2015-09-01
Verayu,Unknown,Unknown,Unknown,"GWB Group, Blume Ventures",Private Equity,20770463.751474757,2015-12-01
MyDreamStore,Unknown,Unknown,Unknown,Undisclosed Investors,Seed Funding,290000.0,2015-12-01
AppVirality,Unknown,Unknown,Unknown,"Rajan Anandan, Mike Galgon, Ashim Mehra, Mohit Saxena, Ravi Gururaj, TNN Capital & IIG",Seed Funding,500000.0,2015-01-13
RateGain,Unknown,Unknown,Unknown,TA Associates,Private Equity,50000000.0,2015-01-14
Wishberry,Unknown,Unknown,Unknown,"Rajan Anandan, Shankar Mahadevan, Deep Kalra & Others",Seed Funding,650000.0,2015-01-15
eKincare,Unknown,Unknown,Unknown,Adroitent Pvt. Ltd.,Seed Funding,161000.0,2015-01-16
ShopClues,Unknown,Unknown,Unknown,Tiger Global & Other investors,Private Equity,100000000.0,2015-01-18
Refiral,Unknown,Unknown,Unknown,Cogent E Services,Seed Funding,330000.0,2015-01-19
Ping Digital,Unknown,Unknown,Unknown,Consortium of Angel Investors,Seed Funding,20770463.751474757,2015-01-19
HealthyWorld,Unknown,Unknown,Unknown,Group of Angel Investors,Seed Funding,200000.0,2015-01-19
Hostel Dunia,Unknown,Unknown,Unknown,Hyderabad Angels (at Startup Heroes event),Seed Funding,16000.0,2015-01-19
Play Your Sport,Unknown,Unknown,Unknown,Hyderabad Angels (at Startup Heroes event),Seed Funding,16000.0,2015-01-19
Yo Grad,Unknown,Unknown,Unknown,Hyderabad Angels (at Startup Heroes event),Seed Funding,16000.0,2015-01-19
Enabli,Unknown,Unknown,Unknown,Hyderabad Angels (at Startup Heroes event),Seed Funding,16000.0,2015-01-19
Cbs,Unknown,Unknown,Unknown,Hyderabad Angels (at Startup Heroes event),Seed Funding,16000.0,2015-01-19
Hopscotch,Unknown,Unknown,Unknown,Eduardo Saverin & Velos Capital,Private Equity,11000000.0,2015-01-20
Amagi Media Labs,Unknown,Unknown,Unknown,Premji Invest & Mayfield Fund,Private Equity,35000000.0,2015-01-20
HealthyWorld,Unknown,Unknown,Unknown,Group of Angel Investors,Seed Funding,200000.0,2015-01-20
Simplilearn,Unknown,Unknown,Unknown,"Mayfield India, Kalaari Capital, Helion Ventures",Private Equity,14750000.0,2015-01-21
MyDreamStore,Unknown,Unknown,Unknown,Undisclosed Investors,Seed Funding,325000.0,2015-01-21
Knit,Unknown,Unknown,Unknown,"Rohit Jain, Amit Rambhia & Others",Seed Funding,20770463.751474757,2015-05-21
Villgro,Unknown,Unknown,Unknown,Michael & Susan Dell Foundation,Seed Funding,3250000.0,2015-05-21
Corporate360,Unknown,Unknown,Unknown,Group of Angel Investors,Seed Funding,200000.0,2015-01-22
Freshmonk,Unknown,Unknown,Unknown,"August Capital Partners, Michael Blakey",Seed Funding,20770463.751474757,2015-01-22
Englishleap,Unknown,Unknown,Unknown,ANALEC,Private Equity,20770463.751474757,2015-01-22
Antuit,Unknown,Unknown,Unknown,"Goldman Sachs, Zodius Capital",Private Equity,56000000.0,2015-01-22
Caratlane,Unknown,Unknown,Unknown,Tiger Global,Private Equity,31000000.0,2015-01-22
Aasaanjobs,Unknown,Unknown,Unknown,"Inventus Capital Partners, IDG Ventures",Seed Funding,1500000.0,2015-01-24
Impartus,Unknown,Unknown,Unknown,Kaizen Private Equity,Private Equity,20770463.751474757,2015-01-24
Thrill App,Unknown,Unknown,Unknown,People Group (Shaadi.com),Private Equity,1000000.0,2015-01-25
CarDekho,Unknown,Unknown,Unknown,"Hillhouse Capital, Tybourne Capital",Private Equity,50000000.0,2015-01-27
Grabhouse,Unknown,Unknown,Unknown,"Kalaari Capital, Sequoia Capital",Private Equity,2500000.0,2015-01-28
Printvenue,Unknown,Unknown,Unknown,Asia Pacific Internet Group,Private Equity,4500000.0,2015-01-29
Graphene,Unknown,Unknown,Unknown,KARSEMVEN Fund,Private Equity,825000.0,2015-01-29
Mad Street Den,Unknown,Unknown,Unknown,"Exfinity Fund, GrowX Ventures.",Private Equity,1500000.0,2015-01-30
Simplotel,Unknown,Unknown,Unknown,MakeMyTrip,Private Equity,20770463.751474757,2015-01-30
Couponmachine,Unknown,Unknown,Unknown,UK based Group of Angel Investors,Seed Funding,140000.0,2015-01-31
